YEAR,RANK,PLAYER,POSITION,TEAM,W,L,ERA,G,GS,CG,SHO,SV,SVO,IP,H,R,ER,HR,HB,BB,SO,WHIP,AVG,TEAM_expanded,TBF,NP,P/IP,QS,GF,HLD,IBB,WP,BK,GDP,GO/AO,SO/9,BB/9,K/BB,BABIP,SB,CS,PK
2022,1,Gerrit Cole,P,NYY,13,8,3.5,33,33,0,0,0,0,200.2,154,81,78,33,2,50,257,1.02,0.209,NYY,793,3274,16.32,21,0,0,0,2,2,12,1.01,11.53,2.24,5.14,0.269,11,5,0
2022,2,Corbin Burnes,P,MIL,12,8,2.94,33,33,0,0,0,0,202.0,144,73,66,23,13,51,243,0.97,0.197,MIL,797,3274,16.21,21,0,0,0,10,0,15,1.23,10.83,2.27,4.76,0.259,5,4,1
2022,3,Carlos Rodón,P,SF,14,8,2.88,31,31,1,0,0,0,178.0,131,59,57,12,3,52,237,1.03,0.202,SF,710,2985,16.77,16,0,0,0,10,0,10,0.6,11.98,2.63,4.56,0.295,18,2,2
2022,4,Aaron Nola,P,PHI,11,13,3.25,32,32,2,1,0,0,205.0,168,75,74,19,9,29,235,0.96,0.219,PHI,807,3039,14.82,18,0,0,1,2,0,9,0.94,10.32,1.27,8.1,0.291,11,8,0
2022,5,Dylan Cease,P,CWS,14,8,2.2,32,32,1,1,0,0,184.0,126,55,45,16,3,78,227,1.11,0.19,CWS,747,3120,16.96,16,0,0,2,7,1,5,0.68,11.1,3.82,2.91,0.261,10,5,1
2022,6,Shohei Ohtani,TWP,LAA,15,9,2.33,28,28,0,0,0,0,166.0,124,45,43,14,2,44,219,1.01,0.203,LAA,660,2629,15.84,16,0,0,0,14,0,10,0.91,11.87,2.39,4.98,0.289,4,1,0
2022,7,Robbie Ray,P,SEA,12,12,3.71,32,32,0,0,0,0,189.0,163,80,78,32,7,62,212,1.19,0.231,SEA,775,3047,16.12,18,0,0,0,5,0,14,0.84,10.1,2.95,3.42,0.284,17,9,6
2022,8,Sandy Alcantara,P,MIA,14,9,2.28,32,32,6,1,0,0,228.2,174,67,58,16,9,50,207,0.98,0.212,MIA,886,3248,14.2,24,0,0,1,3,0,21,1.59,8.15,1.97,4.14,0.262,24,4,2
2022,9,Kevin Gausman,P,TOR,12,10,3.35,31,31,0,0,0,0,174.2,188,72,65,15,1,28,205,1.24,0.272,TOR,725,2783,15.93,17,0,0,0,2,2,9,0.75,10.56,1.44,7.32,0.364,18,4,1
2022,9,Charlie Morton,P,ATL,9,6,4.34,31,31,0,0,0,0,172.0,149,85,83,28,18,63,205,1.23,0.233,ATL,728,2903,16.88,9,0,0,0,4,0,14,0.92,10.73,3.3,3.25,0.293,10,2,3
2022,11,Spencer Strider,P,ATL,11,5,2.67,31,20,0,0,0,1,131.2,86,42,39,7,3,45,202,0.99,0.18,ATL,528,2277,17.29,10,3,2,1,6,0,3,0.85,13.81,3.08,4.49,0.292,4,1,1
2022,12,Shane Bieber,P,CLE,13,8,2.88,31,31,1,0,0,0,200.0,172,70,64,18,2,36,198,1.04,0.23,CLE,791,2875,14.38,23,0,0,0,5,1,17,1.19,8.91,1.62,5.5,0.288,9,4,0
2022,13,Yu Darvish,P,SD,16,8,3.1,30,30,0,0,0,0,194.2,148,67,67,22,12,37,197,0.95,0.207,SD,771,2971,15.26,25,0,0,0,4,1,10,0.75,9.11,1.71,5.32,0.251,14,2,0
2022,14,Cristian Javier,P,HOU,11,9,2.54,30,25,0,0,0,0,148.2,89,44,42,17,6,52,194,0.95,0.17,HOU,585,2554,17.18,11,0,1,0,5,1,4,0.38,11.74,3.15,3.73,0.229,9,3,1
2022,14,Shane McClanahan,P,TB,12,8,2.54,28,28,0,0,0,0,166.1,116,52,47,19,3,38,194,0.93,0.194,TB,641,2463,14.81,18,0,0,1,9,0,15,1.26,10.5,2.06,5.11,0.252,6,1,2
2022,14,Framber Valdez,P,HOU,17,6,2.82,31,31,3,1,0,0,201.1,166,71,63,11,11,67,194,1.16,0.223,HOU,827,3018,14.99,26,0,0,0,11,1,25,2.74,8.67,3.0,2.9,0.286,7,0,0
2022,17,Zac Gallen,P,AZ,12,4,2.54,31,31,0,0,0,0,184.0,121,56,52,15,12,47,192,0.91,0.186,AZ,714,2935,15.95,19,0,0,0,5,0,12,1.02,9.39,2.3,4.09,0.237,6,3,0
2022,18,Triston McKenzie,P,CLE,11,11,2.96,31,30,0,0,0,0,191.1,138,65,63,25,5,44,190,0.95,0.201,CLE,741,2807,14.67,18,1,0,0,8,0,10,0.54,8.94,2.07,4.32,0.238,6,5,0
2022,18,Brandon Woodruff,P,MIL,13,4,3.05,27,27,0,0,0,0,153.1,122,56,52,18,5,42,190,1.07,0.215,MIL,620,2538,16.55,15,0,0,0,2,0,7,0.67,11.15,2.47,4.52,0.287,9,5,0
2022,20,Justin Verlander,P,HOU,18,4,1.75,28,28,0,0,0,0,175.0,116,43,34,12,6,29,185,0.83,0.186,HOU,666,2607,14.9,21,0,0,0,3,0,8,0.66,9.51,1.49,6.38,0.24,10,3,0
2022,21,Joe Musgrove,P,SD,10,7,2.93,30,30,0,0,0,0,181.0,154,67,59,22,14,42,184,1.08,0.227,SD,740,2834,15.66,21,0,0,1,4,0,13,1.16,9.15,2.09,4.38,0.277,7,0,0
2022,22,Alek Manoah,P,TOR,16,7,2.24,31,31,0,0,0,0,196.2,144,55,49,16,15,51,180,0.99,0.202,TOR,786,2949,14.99,25,0,0,0,5,0,12,0.73,8.24,2.33,3.53,0.245,8,5,0
2022,23,Lucas Giolito,P,CWS,11,9,4.9,30,30,0,0,0,0,161.2,171,92,88,24,4,61,177,1.44,0.272,CWS,698,2753,17.03,11,0,0,1,3,0,18,0.93,9.85,3.4,2.9,0.34,6,1,1
2022,23,Merrill Kelly,P,AZ,13,8,3.37,33,33,0,0,0,0,200.1,167,77,75,21,2,61,177,1.14,0.226,AZ,804,3071,15.33,18,0,0,2,4,1,14,1.02,7.95,2.74,2.9,0.269,15,5,4
2022,25,Nick Pivetta,P,BOS,10,12,4.56,33,33,1,0,0,0,179.2,175,91,91,27,5,73,175,1.38,0.253,BOS,773,3082,17.15,12,0,0,0,10,1,6,0.76,8.77,3.66,2.4,0.3,19,6,0
2022,26,Logan Gilbert,P,SEA,13,6,3.2,32,32,0,0,0,0,185.2,170,71,66,19,6,49,174,1.18,0.242,SEA,766,3015,16.24,16,0,0,2,5,0,11,0.74,8.43,2.38,3.55,0.294,6,5,0
2022,26,Pablo López,P,MIA,10,10,3.75,32,32,0,0,0,0,180.0,157,78,75,21,8,53,174,1.17,0.234,MIA,736,2910,16.17,14,0,0,1,4,0,18,1.25,8.7,2.65,3.28,0.283,6,2,0
2022,26,Kyle Wright,P,ATL,21,5,3.19,30,30,0,0,0,0,180.1,156,67,64,19,9,53,174,1.16,0.232,ATL,738,2697,14.96,19,0,0,0,7,0,25,1.85,8.68,2.65,3.28,0.284,3,2,1
2022,29,Max Scherzer,P,NYM,11,5,2.29,23,23,0,0,0,0,145.1,108,39,37,13,11,24,173,0.91,0.207,NYM,565,2167,14.91,16,0,0,0,1,0,11,0.5,10.71,1.49,7.21,0.279,4,4,0
2022,30,Blake Snell,P,SD,8,10,3.38,24,24,0,0,0,0,128.0,103,51,48,11,2,51,171,1.2,0.216,SD,535,2341,18.29,11,0,0,0,6,0,6,0.63,12.02,3.59,3.35,0.308,11,4,3
2022,31,Max Fried,P,ATL,14,7,2.48,30,30,0,0,0,0,185.1,156,55,51,12,4,32,170,1.01,0.225,ATL,733,2818,15.21,21,0,0,2,9,0,15,1.35,8.26,1.55,5.31,0.28,3,4,3
2022,32,Martín Pérez,P,TEX,12,8,2.89,32,32,1,1,0,0,196.1,178,70,63,11,6,69,169,1.26,0.241,TEX,821,2979,15.17,23,0,0,0,6,2,20,1.27,7.75,3.16,2.45,0.298,10,1,1
2022,33,Chris Bassitt,P,NYM,15,9,3.42,30,30,0,0,0,0,181.2,159,71,69,19,13,49,167,1.14,0.234,NYM,745,2886,15.89,19,0,0,0,5,1,22,1.27,8.27,2.43,3.41,0.282,7,3,1
2022,33,Luis Castillo,P,SEA,8,6,2.99,25,25,0,0,0,0,150.1,118,56,50,13,8,45,167,1.08,0.212,SEA,615,2506,16.67,17,0,0,0,0,1,11,1.09,10.0,2.69,3.71,0.276,11,1,1
2022,35,Julio Urías,P,LAD,17,7,2.16,31,31,0,0,0,0,175.0,127,51,42,23,5,41,166,0.96,0.199,LAD,689,2622,14.98,19,0,0,0,0,1,13,0.79,8.54,2.11,4.05,0.229,5,4,2
2022,36,Hunter Greene,P,CIN,5,13,4.44,24,24,1,1,0,0,125.2,104,64,62,24,10,48,164,1.21,0.222,CIN,531,2200,17.51,9,0,0,0,4,0,5,0.52,11.75,3.44,3.42,0.281,10,2,0
2022,37,Nestor Cortes,P,NYY,12,4,2.44,28,28,1,1,0,0,158.1,108,44,43,16,2,38,163,0.92,0.189,NYY,615,2465,15.57,13,0,0,0,1,0,6,0.62,9.27,2.16,4.29,0.232,3,2,2
2022,37,Logan Webb,P,SF,15,9,2.9,32,32,0,0,0,0,192.1,174,76,62,11,7,49,163,1.16,0.24,SF,787,3006,15.63,19,0,0,0,6,0,22,1.89,7.63,2.29,3.33,0.294,14,5,1
2022,37,Zack Wheeler,P,PHI,12,7,2.82,26,26,0,0,0,0,153.0,125,52,48,13,7,34,163,1.04,0.221,PHI,607,2358,15.41,16,0,0,1,1,1,10,1.11,9.59,2.0,4.79,0.287,5,4,1
2022,40,Jordan Montgomery,P,STL,9,6,3.48,32,32,1,1,0,0,178.1,159,72,69,21,8,36,158,1.09,0.235,STL,724,2715,15.22,14,0,0,0,4,0,14,1.21,7.97,1.82,4.39,0.277,5,3,3
2022,41,Luis Garcia,P,HOU,15,8,3.72,28,28,0,0,0,0,157.1,131,70,65,23,1,47,157,1.13,0.222,HOU,643,2468,15.69,10,0,0,0,8,1,11,0.74,8.98,2.69,3.34,0.261,5,0,0
2022,41,Eric Lauer,P,MIL,11,7,3.69,29,29,0,0,0,0,158.2,135,71,65,27,2,59,157,1.22,0.228,MIL,661,2676,16.87,13,0,0,0,5,2,8,0.62,8.91,3.35,2.66,0.262,6,3,2
2022,43,Sean Manaea,P,SD,8,9,4.96,30,28,0,0,0,0,158.0,155,95,87,29,3,50,156,1.3,0.254,SD,671,2482,15.71,16,1,0,1,0,0,11,0.81,8.89,2.85,3.12,0.292,5,0,0
2022,44,Josiah Gray,P,WSH,7,10,5.02,28,28,0,0,0,0,148.2,136,84,83,38,8,66,154,1.36,0.239,WSH,649,2597,17.47,9,0,0,1,7,0,6,0.6,9.32,4.0,2.33,0.257,11,4,0
2022,45,Miles Mikolas,P,STL,12,13,3.29,33,32,1,0,0,0,202.1,170,81,74,25,6,39,153,1.03,0.226,STL,805,3152,15.58,22,0,0,0,1,1,15,1.1,6.81,1.73,3.92,0.25,3,3,0
2022,46,Carlos Carrasco,P,NYM,15,7,3.97,29,29,0,0,0,0,152.0,161,71,67,17,8,41,152,1.33,0.272,NYM,645,2412,15.87,11,0,0,2,5,0,18,1.19,9.0,2.43,3.71,0.338,8,1,1
2022,47,Alex Cobb,P,SF,7,8,3.73,28,28,0,0,0,0,149.2,152,72,62,9,3,43,151,1.3,0.262,SF,631,2418,16.16,10,0,0,0,4,1,13,2.19,9.08,2.59,3.51,0.338,15,2,1
2022,47,Joe Ryan,P,MIN,13,8,3.55,27,27,0,0,0,0,147.0,115,60,58,20,10,47,151,1.1,0.211,MIN,604,2391,16.27,11,0,0,0,2,0,8,0.41,9.24,2.88,3.21,0.253,11,3,2
2022,47,Patrick Sandoval,P,LAA,6,9,2.91,27,27,1,1,0,0,148.2,139,56,48,8,5,60,151,1.34,0.246,LAA,638,2456,16.52,11,0,0,0,6,0,14,1.24,9.14,3.63,2.52,0.32,3,2,2
2022,47,Jameson Taillon,P,NYY,14,5,3.91,32,32,0,0,0,0,177.1,168,78,77,26,5,32,151,1.13,0.246,NYY,728,2805,15.82,12,0,0,0,3,0,8,0.93,7.66,1.62,4.72,0.278,6,2,0
2022,51,Germán Márquez,P,COL,9,13,4.95,31,31,0,0,0,0,181.2,185,109,100,30,4,63,150,1.37,0.263,COL,779,2839,15.63,17,0,0,0,8,2,21,1.28,7.43,3.12,2.38,0.292,10,2,2
2022,51,Brady Singer,P,KC,10,5,3.23,27,24,0,0,0,0,153.1,140,58,55,18,11,35,150,1.14,0.246,KC,621,2376,15.5,14,2,0,0,3,1,17,1.18,8.8,2.05,4.29,0.303,2,5,1
2022,53,José Berríos,P,TOR,12,7,5.23,32,32,0,0,0,0,172.0,199,103,100,29,11,45,149,1.42,0.288,TOR,753,2721,15.82,17,0,0,0,3,0,11,0.77,7.8,2.35,3.31,0.329,6,5,2
2022,54,JT Brubaker,P,PIT,3,12,4.69,28,28,0,0,0,0,144.0,157,85,75,17,9,54,147,1.47,0.271,PIT,646,2381,16.53,8,0,0,0,6,2,14,1.25,9.19,3.38,2.72,0.334,5,3,1
2022,55,Kyle Gibson,P,PHI,10,8,5.05,31,31,0,0,0,0,167.2,176,98,94,24,9,48,144,1.34,0.268,PHI,718,2739,16.34,15,0,0,0,4,0,16,1.17,7.73,2.58,3.0,0.309,3,3,2
2022,55,Jordan Lyles,P,BAL,12,11,4.42,32,32,1,0,0,0,179.0,196,94,88,26,8,52,144,1.39,0.276,BAL,774,2988,16.69,13,0,0,0,5,0,18,0.84,7.24,2.61,2.77,0.313,7,1,0
2022,55,Jeffrey Springs,P,TB,9,5,2.46,33,25,0,0,0,0,135.1,114,42,37,14,1,31,144,1.07,0.222,TB,549,2149,15.88,6,0,0,0,1,1,8,0.75,9.58,2.06,4.65,0.28,4,4,3
2022,58,Adam Wainwright,P,STL,11,12,3.71,32,32,1,0,0,0,191.2,192,80,79,16,7,54,143,1.28,0.261,STL,803,3133,16.35,16,0,0,1,5,0,15,1.01,6.71,2.54,2.65,0.302,8,6,0
2022,59,Frankie Montas,P,NYY,5,12,4.05,27,27,0,0,0,0,144.1,137,72,65,18,6,43,142,1.25,0.249,NYY,608,2327,16.12,10,0,0,3,7,0,14,1.21,8.85,2.68,3.3,0.301,3,3,0
2022,60,Corey Kluber,P,TB,10,10,4.34,31,31,0,0,0,0,164.0,178,82,79,20,10,21,139,1.21,0.274,TB,689,2454,14.96,15,0,0,0,2,0,7,0.73,7.63,1.15,6.62,0.318,5,5,0
2022,61,Tyler Anderson,P,LAD,15,5,2.57,30,28,0,0,0,0,178.2,145,57,51,14,9,34,138,1.0,0.221,LAD,707,2576,14.42,18,0,0,0,6,0,17,0.79,6.95,1.71,4.06,0.257,4,1,1
2022,61,Mitch Keller,P,PIT,5,12,3.91,31,29,0,0,0,0,159.0,162,77,69,14,12,60,138,1.4,0.266,PIT,687,2661,16.74,13,0,0,1,2,1,22,1.33,7.81,3.4,2.3,0.321,17,3,0
2022,63,Dane Dunning,P,TEX,4,8,4.46,29,29,0,0,0,0,153.1,158,80,76,20,11,62,137,1.43,0.268,TEX,671,2548,16.62,10,0,0,0,6,0,13,1.63,8.04,3.64,2.21,0.314,7,5,0
2022,63,Clayton Kershaw,P,LAD,12,3,2.28,22,22,0,0,0,0,126.1,96,36,32,10,2,23,137,0.94,0.206,LAD,493,1842,14.58,12,0,0,0,0,1,8,1.12,9.76,1.64,5.96,0.269,3,2,2
2022,63,Jose Quintana,P,STL,6,7,2.93,32,32,0,0,0,0,165.2,154,61,54,8,3,47,137,1.21,0.246,STL,679,2724,16.44,9,0,0,1,1,0,23,1.23,7.44,2.55,2.91,0.303,6,4,1
2022,66,Jon Gray,P,TEX,7,7,3.96,24,24,0,0,0,0,127.1,105,61,56,17,6,39,134,1.13,0.222,TEX,521,2062,16.19,8,0,0,0,4,2,11,0.96,9.47,2.76,3.44,0.271,15,2,0
2022,66,José Urquidy,P,HOU,13,8,3.94,29,28,0,0,0,0,164.1,154,74,72,29,7,38,134,1.17,0.244,HOU,681,2640,16.06,15,0,0,0,5,0,8,0.63,7.34,2.08,3.53,0.264,11,3,0
2022,68,George Kirby,P,SEA,8,5,3.39,25,25,0,0,0,0,130.0,135,54,49,13,5,22,133,1.21,0.264,SEA,542,2092,16.09,11,0,0,0,4,0,9,0.8,9.21,1.52,6.05,0.332,10,5,1
2022,69,Taijuan Walker,P,NYM,12,5,3.49,29,29,0,0,0,0,157.1,143,63,61,15,6,45,132,1.19,0.24,NYM,649,2500,15.89,13,0,0,1,0,0,13,1.1,7.55,2.57,2.93,0.284,8,2,5
2022,70,Kyle Freeland,P,COL,9,11,4.53,31,31,0,0,0,0,174.2,193,96,88,19,16,53,131,1.41,0.281,COL,766,2839,16.25,13,0,0,0,4,0,19,0.96,6.75,2.73,2.47,0.319,15,6,1
2022,70,Nick Lodolo,P,CIN,4,7,3.66,19,19,0,0,0,0,103.1,90,44,42,13,19,39,131,1.25,0.235,CIN,441,1779,17.22,8,0,0,0,6,0,8,1.05,11.41,3.4,3.36,0.322,6,3,1
2022,70,Alex Wood,P,SF,8,12,5.1,26,26,0,0,0,0,130.2,132,78,74,17,12,30,131,1.24,0.262,SF,555,2239,17.14,6,0,0,1,4,0,10,1.16,9.02,2.07,4.37,0.317,1,2,0
2022,73,Ranger Suarez,P,PHI,10,7,3.65,29,29,0,0,0,0,155.1,149,74,63,15,2,58,129,1.33,0.249,PHI,662,2564,16.51,11,0,0,0,4,2,15,1.87,7.47,3.36,2.22,0.294,0,2,0
2022,74,Patrick Corbin,P,WSH,6,19,6.31,31,31,1,0,0,0,152.2,210,119,107,27,7,49,128,1.7,0.321,WSH,713,2623,17.18,9,0,0,1,2,0,14,1.13,7.55,2.89,2.61,0.365,14,5,3
2022,74,Cole Irvin,P,OAK,9,13,3.98,30,30,0,0,0,0,181.0,174,87,80,25,7,36,128,1.16,0.251,OAK,741,2610,14.42,15,0,0,3,3,0,16,0.72,6.36,1.79,3.56,0.274,0,2,1
2022,74,Cal Quantrill,P,CLE,15,5,3.38,32,32,0,0,0,0,186.1,178,78,70,21,10,47,128,1.21,0.254,CLE,770,2920,15.67,17,0,0,0,3,0,16,0.9,6.18,2.27,2.72,0.28,16,4,2
2022,77,Aaron Ashby,P,MIL,2,10,4.44,27,19,0,0,1,1,107.1,106,62,53,15,6,47,126,1.43,0.254,MIL,475,1878,17.5,3,2,1,0,7,1,10,1.88,10.57,3.94,2.68,0.325,7,0,0
2022,77,Tyler Mahle,P,MIN,6,8,4.4,23,23,0,0,0,0,120.2,104,61,59,16,2,43,126,1.22,0.23,MIN,503,2101,17.41,10,0,0,0,3,1,5,0.59,9.4,3.21,2.93,0.279,6,4,1
2022,77,David Peterson,P,NYM,7,5,3.83,28,19,0,0,0,1,105.2,93,50,45,11,7,48,126,1.33,0.236,NYM,454,1889,17.88,4,0,0,1,3,0,10,1.25,10.73,4.09,2.63,0.315,1,0,3
2022,77,Justin Steele,P,CHC,4,7,3.18,24,24,0,0,0,0,119.0,111,53,42,8,3,50,126,1.35,0.244,CHC,512,2032,17.08,8,0,0,0,4,1,10,1.35,9.53,3.78,2.52,0.318,6,2,0
2022,81,Drew Rasmussen,P,TB,11,7,2.84,28,28,0,0,0,0,146.0,121,51,46,13,3,31,125,1.04,0.222,TB,584,2239,15.34,9,0,0,0,10,0,9,1.19,7.71,1.91,4.03,0.264,8,4,0
2022,82,Yusei Kikuchi,P,TOR,6,7,5.19,32,20,0,0,1,2,100.2,93,67,58,23,9,58,124,1.5,0.243,TOR,454,1843,18.31,3,4,0,0,3,0,7,1.18,11.09,5.19,2.14,0.293,1,3,1
2022,82,Lance Lynn,P,CWS,8,7,3.99,21,21,0,0,0,0,121.2,119,65,54,19,10,19,124,1.13,0.247,CWS,512,2022,16.62,11,0,0,0,4,0,6,0.88,9.17,1.41,6.53,0.294,1,2,0
2022,84,Reid Detmers,P,LAA,7,6,3.77,25,25,1,1,0,0,129.0,110,56,54,13,8,46,122,1.21,0.231,LAA,539,2181,16.91,7,0,0,1,2,0,9,0.7,8.51,3.21,2.65,0.278,13,4,2
2022,84,DanielD Lynch IVLynch,P,KC,4,13,5.13,27,27,0,0,0,0,131.2,155,79,75,21,5,52,122,1.57,0.29,KC,600,2435,18.49,3,0,0,2,7,2,11,0.86,8.34,3.55,2.35,0.337,6,2,1
2022,86,Jesús Luzardo,P,MIA,4,7,3.32,18,18,0,0,0,0,100.1,69,40,37,10,2,35,120,1.04,0.191,MIA,400,1644,16.39,11,0,0,0,5,0,7,0.93,10.76,3.14,3.43,0.254,2,1,1
2022,87,Tony Gonsolin,P,LAD,16,1,2.14,24,24,0,0,0,0,130.1,79,32,31,11,4,35,119,0.87,0.172,LAD,498,2015,15.46,11,0,0,1,5,0,11,0.89,8.22,2.42,3.4,0.207,5,2,0
2022,87,Marcus Stroman,P,CHC,6,7,3.5,25,25,0,0,0,0,138.2,123,61,54,16,4,36,119,1.15,0.234,CHC,569,2181,15.73,12,0,0,0,2,2,6,1.61,7.72,2.34,3.31,0.272,7,5,0
2022,89,Edwin Díaz,P,NYM,3,1,1.31,61,0,0,0,32,35,62.0,34,9,9,3,2,18,118,0.84,0.16,NYM,235,928,14.97,0,49,4,1,2,0,3,0.97,17.13,2.61,6.56,0.33,9,2,0
2022,90,Sonny Gray,P,MIN,8,5,3.08,24,24,0,0,0,0,119.2,99,44,41,11,6,36,117,1.13,0.224,MIN,488,1872,15.64,9,0,0,0,3,0,9,1.04,8.8,2.71,3.25,0.278,8,1,1
2022,90,Tarik Skubal,P,DET,7,8,3.52,21,21,0,0,0,0,117.2,104,53,46,9,1,32,117,1.16,0.237,DET,477,1914,16.27,10,0,0,0,1,0,9,0.97,8.95,2.45,3.66,0.301,2,5,2
2022,92,Madison Bumgarner,P,AZ,7,15,4.88,30,30,0,0,0,0,158.2,179,97,86,25,9,49,112,1.44,0.281,AZ,698,2715,17.11,6,0,0,0,2,0,14,0.74,6.35,2.78,2.29,0.307,15,5,2
2022,92,Luis Severino,P,NYY,7,3,3.18,19,19,0,0,0,0,102.0,72,37,36,14,4,30,112,1.0,0.196,NYY,405,1639,16.07,8,0,0,0,1,0,5,1.03,9.88,2.65,3.73,0.239,1,4,0
2022,94,Kyle Bradish,P,BAL,4,7,4.9,23,23,0,0,0,0,117.2,119,68,64,17,7,46,111,1.4,0.265,BAL,509,1993,16.94,6,0,0,0,7,0,16,1.18,8.49,3.52,2.41,0.314,1,0,0
2022,94,Ross Stripling,P,TOR,10,4,3.01,32,24,0,0,1,1,134.1,117,49,45,12,2,20,111,1.02,0.229,TOR,536,2033,15.13,10,2,0,0,0,0,6,0.99,7.44,1.34,5.55,0.269,7,3,0
2022,96,Kris Bubic,P,KC,3,13,5.58,28,27,0,0,0,0,129.0,156,87,80,18,4,63,110,1.7,0.306,KC,587,2262,17.53,7,1,0,0,4,1,19,0.9,7.67,4.4,1.75,0.353,4,2,0
2022,96,Andrew Heaney,P,LAD,4,4,3.1,16,14,0,0,0,0,72.2,60,34,25,14,9,19,110,1.09,0.214,LAD,310,1230,16.93,2,1,0,0,0,0,1,0.62,13.62,2.35,5.79,0.293,0,1,0
2022,96,Chad Kuhl,P,COL,6,11,5.72,27,27,1,1,0,0,137.0,155,91,87,25,5,58,110,1.55,0.284,COL,617,2375,17.34,8,0,0,1,5,0,8,0.75,7.23,3.81,1.9,0.313,6,5,0
2022,99,Rich Hill,P,BOS,8,7,4.27,26,26,0,0,0,0,124.1,125,67,59,15,4,37,109,1.3,0.258,BOS,526,1990,16.01,6,0,0,0,0,2,9,0.83,7.89,2.68,2.95,0.305,7,2,1
2022,100,Keegan Thompson,P,CHC,10,5,3.76,29,17,0,0,1,2,115.0,103,54,48,16,9,43,108,1.27,0.239,CHC,485,1878,16.33,4,4,0,0,5,0,14,0.83,8.45,3.37,2.51,0.282,1,3,0
2022,101,GlennG Otto Jr.Otto,P,TEX,7,10,4.64,27,27,0,0,0,0,135.2,119,74,70,21,13,62,107,1.33,0.236,TEX,587,2229,16.43,8,0,0,0,5,0,12,0.89,7.1,4.11,1.73,0.257,16,2,0
2022,102,Trevor Rogers,P,MIA,4,11,5.47,23,23,0,0,0,0,107.0,116,69,65,15,5,45,106,1.5,0.274,MIA,477,1940,18.13,4,0,0,0,5,0,10,0.93,8.92,3.79,2.36,0.33,8,0,1
2022,103,Michael Kopech,P,CWS,5,9,3.54,25,25,0,0,0,0,119.1,85,53,47,15,3,57,105,1.19,0.198,CWS,494,2011,16.85,8,0,0,0,2,2,8,0.63,7.92,4.3,1.84,0.223,15,4,0
2022,104,Michael Wacha,P,BOS,11,2,3.32,23,23,1,1,0,0,127.1,111,49,47,18,4,31,104,1.12,0.233,BOS,515,1949,15.31,9,0,0,0,4,0,12,0.93,7.35,2.19,3.35,0.26,4,0,0
2022,105,Nathan Eovaldi,P,BOS,6,3,3.87,20,20,2,1,0,0,109.1,115,55,47,21,1,20,103,1.23,0.264,BOS,460,1739,15.91,8,0,0,0,2,0,10,1.1,8.48,1.65,5.15,0.3,5,1,0
2022,105,Marco Gonzales,P,SEA,10,15,4.13,32,32,0,0,0,0,183.0,194,97,84,30,7,50,103,1.33,0.271,SEA,783,2838,15.51,18,0,0,1,1,0,17,0.82,5.07,2.46,2.06,0.278,9,2,1
2022,105,José Suarez,P,LAA,8,8,3.96,22,20,0,0,0,0,109.0,103,49,48,14,4,33,103,1.25,0.243,LAA,462,1783,16.36,4,0,0,2,1,0,3,0.84,8.5,2.72,3.12,0.29,1,2,1
2022,108,Johnny Cueto,P,CWS,8,10,3.35,25,24,1,0,0,1,158.1,161,66,59,15,6,33,102,1.23,0.267,CWS,651,2372,14.98,18,0,0,2,2,1,20,0.97,5.8,1.88,3.09,0.296,4,2,1
2022,108,Zach Davies,P,AZ,2,5,4.09,27,27,0,0,0,0,134.1,122,66,61,21,2,52,102,1.3,0.241,AZ,570,2292,17.06,4,0,0,0,1,0,10,0.97,6.83,3.48,1.96,0.258,7,5,1
2022,108,Brad Keller,P,KC,6,14,5.09,35,22,0,0,1,1,139.2,153,86,79,17,2,57,102,1.5,0.277,KC,617,2275,16.29,11,4,1,1,11,0,13,1.39,6.57,3.67,1.79,0.311,5,2,0
2022,108,Jacob deGrom,P,NYM,5,4,3.08,11,11,0,0,0,0,64.1,40,22,22,9,0,8,102,0.75,0.175,NYM,239,940,14.61,7,0,0,0,0,0,1,0.78,14.27,1.12,12.75,0.261,3,0,0
2022,112,Zach Plesac,P,CLE,3,12,4.31,25,24,0,0,0,0,131.2,136,74,63,19,5,38,100,1.32,0.26,CLE,568,2153,16.35,11,0,0,0,4,0,8,0.86,6.84,2.6,2.63,0.288,1,2,1
2022,113,Aaron Civale,P,CLE,5,6,4.92,20,20,0,0,0,0,97.0,93,58,53,14,7,22,98,1.19,0.249,CLE,407,1588,16.37,5,0,0,1,1,0,5,1.05,9.09,2.04,4.45,0.297,8,1,1
2022,113,Jakob Junis,P,SF,5,7,4.42,23,17,0,0,0,0,112.0,120,57,55,13,4,25,98,1.29,0.269,SF,478,1802,16.09,4,0,0,0,1,0,5,1.1,7.88,2.01,3.92,0.318,11,1,2
2022,113,James Kaprielian,P,OAK,5,9,4.23,26,26,0,0,0,0,134.0,121,68,63,16,5,59,98,1.34,0.239,OAK,577,2230,16.64,7,0,0,0,2,0,9,0.72,6.58,3.96,1.66,0.264,5,3,0
2022,116,Ian Anderson,P,ATL,10,6,5.0,22,22,0,0,0,0,111.2,115,63,62,12,1,54,97,1.51,0.264,ATL,493,2005,17.96,6,0,0,0,4,0,9,1.22,7.82,4.35,1.8,0.313,4,3,0
2022,116,Taylor Hearn,P,TEX,6,8,5.13,31,13,0,0,1,2,100.0,107,60,57,11,3,43,97,1.5,0.268,TEX,449,1787,17.87,1,3,2,0,3,0,3,0.75,8.73,3.87,2.26,0.327,3,2,1
2022,118,Andrés Muñoz,P,SEA,2,5,2.49,64,0,0,0,4,8,65.0,43,20,18,5,4,15,96,0.89,0.189,SEA,248,1024,15.75,0,12,22,3,4,0,5,1.2,13.29,2.08,6.4,0.297,5,1,0
2022,118,Devin Williams,P,MIL,6,4,1.93,65,0,0,0,15,17,60.2,31,17,13,2,3,30,96,1.01,0.151,MIL,240,1068,17.6,0,21,26,1,5,0,4,1.35,14.24,4.45,3.2,0.266,6,2,1
2022,120,Chris Flexen,P,SEA,8,9,3.73,33,22,0,0,2,2,137.2,132,61,57,17,2,51,95,1.33,0.25,SEA,590,2204,16.01,9,11,0,3,7,0,6,0.63,6.21,3.33,1.86,0.273,6,0,0
2022,120,Austin Gomber,P,COL,5,7,5.56,33,17,0,0,0,0,124.2,137,80,77,20,2,34,95,1.37,0.281,COL,529,2059,16.52,7,2,0,1,4,0,13,1.07,6.86,2.45,2.79,0.31,8,4,2
2022,120,Nick Martinez,P,SD,4,4,3.47,47,10,0,0,8,9,106.1,96,44,41,15,4,41,95,1.29,0.239,SD,448,1720,16.18,2,15,8,0,4,0,13,1.21,8.04,3.47,2.32,0.276,6,1,1
2022,120,Noah Syndergaard,P,PHI,10,10,3.94,25,24,1,0,0,0,134.2,138,62,59,14,4,31,95,1.25,0.263,PHI,565,2026,15.04,9,0,0,0,1,0,12,1.05,6.35,2.07,3.06,0.296,30,3,1
2022,124,Dylan Bundy,P,MIN,8,8,4.89,29,29,0,0,0,0,140.0,151,79,76,24,3,28,94,1.28,0.271,MIN,595,2180,15.57,2,0,0,0,3,0,5,0.58,6.04,1.8,3.36,0.285,9,1,0
2022,124,Erick Fedde,P,WSH,6,13,5.81,27,27,0,0,0,0,127.0,149,84,82,21,0,58,94,1.63,0.293,WSH,573,2420,19.06,5,0,0,0,6,0,13,1.05,6.66,4.11,1.62,0.321,17,2,0
2022,124,Ryan Helsley,P,STL,9,1,1.25,54,0,0,0,19,23,64.2,28,11,9,6,0,20,94,0.74,0.128,STL,239,962,14.88,0,33,7,1,1,0,3,0.56,13.08,2.78,4.7,0.185,1,0,0
2022,124,A.J. Minter,P,ATL,5,4,2.06,75,0,0,0,5,9,70.0,49,21,16,5,3,15,94,0.91,0.198,ATL,271,1111,15.87,0,13,34,0,3,0,4,0.69,12.09,1.93,6.27,0.289,7,3,2
2022,128,Paolo Espino,P,WSH,0,9,4.84,42,19,1,0,0,0,113.1,131,64,61,24,2,24,92,1.37,0.287,WSH,487,1873,16.53,0,18,0,0,1,0,4,0.87,7.31,1.91,3.83,0.31,1,2,0
2022,129,Mike Clevinger,P,SD,7,7,4.33,23,22,0,0,0,0,114.1,102,56,55,20,10,35,91,1.2,0.233,SD,485,1931,16.89,6,0,0,0,3,0,4,0.6,7.16,2.76,2.6,0.25,13,1,0
2022,129,Drew Smyly,P,CHC,7,8,3.47,22,22,0,0,0,0,106.1,101,46,41,16,5,26,91,1.19,0.243,CHC,447,1814,17.06,5,0,0,0,3,0,6,0.85,7.7,2.2,3.5,0.275,9,1,1
2022,131,Brock Burke,P,TEX,7,5,1.97,52,0,0,0,0,5,82.1,63,25,18,9,2,24,90,1.06,0.211,TEX,328,1330,16.15,0,5,9,1,2,1,7,0.86,9.84,2.62,3.75,0.271,2,2,0
2022,131,Braxton Garrett,P,MIA,3,7,3.58,17,17,0,0,0,0,88.0,86,38,35,9,10,24,90,1.25,0.254,MIA,373,1436,16.32,5,0,0,1,2,0,9,1.26,9.2,2.45,3.75,0.322,10,3,0
2022,131,TannerTa Scott,P,MIA,4,5,4.31,67,0,0,0,20,27,62.2,55,34,30,5,4,46,90,1.61,0.236,MIA,289,1273,20.31,0,35,4,1,3,0,4,1.19,12.93,6.61,1.96,0.347,1,1,0
2022,131,Zach Thompson,P,PIT,3,10,5.18,29,22,0,0,0,0,121.2,138,76,70,19,3,46,90,1.51,0.28,PIT,543,2080,17.1,2,1,0,0,5,0,13,1.16,6.66,3.4,1.96,0.309,10,2,0
2022,131,Austin Voth,P,BAL,5,4,4.34,41,17,0,0,0,0,101.2,111,52,49,14,3,31,90,1.4,0.275,BAL,442,1762,17.33,2,1,1,0,5,0,6,0.66,7.97,2.74,2.9,0.32,1,1,0
2022,136,Paul Blackburn,P,OAK,7,6,4.28,21,21,0,0,0,0,111.1,110,53,53,15,5,30,89,1.26,0.255,OAK,467,1762,15.83,4,0,0,2,1,0,8,1.43,7.19,2.43,2.97,0.291,13,2,2
2022,136,Jhoan Duran,P,MIN,2,4,1.86,57,0,0,0,8,8,67.2,50,15,14,6,4,16,89,0.98,0.207,MIN,266,1023,15.12,0,18,18,3,6,0,8,2.15,11.84,2.13,5.56,0.295,4,2,0
2022,138,Bryan Abreu,P,HOU,4,0,1.94,55,0,0,0,2,2,60.1,45,16,13,2,4,26,88,1.18,0.207,HOU,248,1019,16.89,0,18,8,0,7,0,6,1.18,13.13,3.88,3.38,0.336,7,1,0
2022,138,Félix Bautista,P,BAL,4,4,2.19,65,0,0,0,15,17,65.2,38,18,16,7,1,23,88,0.93,0.167,BAL,253,995,15.15,0,30,13,1,2,0,5,1.06,12.06,3.15,3.83,0.231,6,2,0
2022,140,Dean Kremer,P,BAL,8,7,3.23,22,21,1,1,0,0,125.1,123,48,45,11,5,34,87,1.25,0.262,BAL,512,1947,15.53,8,0,0,0,5,0,14,0.82,6.25,2.44,2.56,0.3,5,3,1
2022,141,Roansy Contreras,P,PIT,5,5,3.79,21,18,0,0,0,0,95.0,82,45,40,13,2,39,86,1.27,0.225,PIT,408,1588,16.72,3,1,0,1,11,0,3,0.63,8.15,3.69,2.21,0.257,7,3,0
2022,141,Jake Odorizzi,P,ATL,6,6,4.4,22,22,0,0,0,0,106.1,106,58,52,14,3,35,86,1.33,0.258,ATL,453,1798,16.91,5,0,0,1,2,0,6,0.53,7.28,2.96,2.46,0.293,5,4,1
2022,141,Freddy Peralta,P,MIL,4,4,3.58,18,17,0,0,0,1,78.0,54,31,31,6,3,27,86,1.04,0.19,MIL,317,1353,17.35,4,0,0,0,1,0,1,0.77,9.92,3.12,3.19,0.247,4,3,0
2022,144,Liam Hendriks,P,CWS,4,4,2.81,58,0,0,0,37,41,57.2,44,22,18,7,2,16,85,1.04,0.21,CWS,235,948,16.44,0,51,0,1,8,0,1,0.76,13.27,2.5,5.31,0.303,7,0,0
2022,144,Kenley Jansen,P,ATL,5,2,3.38,65,0,0,0,41,48,64.0,45,25,24,8,2,22,85,1.05,0.192,ATL,260,1006,15.72,0,54,0,3,1,1,0,0.47,11.95,3.09,3.86,0.259,10,2,0
2022,144,Michael Lorenzen,P,LAA,8,6,4.24,18,18,0,0,0,0,97.2,81,48,46,11,4,44,85,1.28,0.224,LAA,411,1654,16.94,8,0,0,0,3,0,13,1.37,7.83,4.05,1.93,0.262,4,1,0
2022,147,Chris Archer,P,MIN,2,8,4.56,25,25,0,0,0,0,102.2,87,56,52,12,3,48,84,1.31,0.228,MIN,437,1787,17.41,0,0,0,0,3,0,10,1.14,7.36,4.21,1.75,0.26,3,1,0
2022,147,Ryan Feltner,P,COL,4,9,5.83,20,19,0,0,0,0,97.1,102,65,63,16,5,35,84,1.41,0.266,COL,428,1675,17.21,4,0,0,0,4,0,5,0.97,7.77,3.24,2.4,0.3,10,1,0
2022,147,Emilio Pagán,P,MIN,4,6,4.43,59,0,0,0,9,16,63.0,60,36,31,12,1,26,84,1.37,0.245,MIN,274,1126,17.87,0,27,7,2,3,0,2,0.87,12.0,3.71,3.23,0.32,1,1,0
2022,147,Taylor Rogers,P,MIL,4,8,4.76,66,0,0,0,31,41,64.1,57,38,34,7,11,19,84,1.18,0.238,MIL,274,1085,16.87,0,40,4,2,1,0,5,0.87,11.75,2.66,4.42,0.329,5,1,1
2022,147,Trevor Williams,P,NYM,3,5,3.21,30,9,0,0,1,2,89.2,87,34,32,12,4,23,84,1.23,0.253,NYM,372,1407,15.69,1,5,1,1,1,0,8,0.66,8.43,2.31,3.65,0.302,1,2,0
2022,152,Alexis Díaz,P,CIN,7,3,1.84,59,0,0,0,10,14,63.2,28,18,13,5,5,33,83,0.96,0.131,CIN,255,1077,16.92,0,20,13,3,7,0,4,0.51,11.73,4.66,2.52,0.18,8,0,0
2022,152,Matt Moore,P,TEX,5,2,1.95,63,0,0,0,5,6,74.0,49,20,16,3,1,38,83,1.18,0.187,TEX,304,1248,16.86,0,18,14,2,8,0,6,0.87,10.09,4.62,2.18,0.257,8,2,1
2022,154,Alex Lange,P,DET,7,4,3.41,71,0,0,0,0,4,63.1,47,30,24,5,5,31,82,1.23,0.203,DET,271,1046,16.52,0,11,21,1,15,0,4,2.12,11.65,4.41,2.65,0.288,6,1,0
2022,154,Trevor Richards,P,TOR,3,2,5.34,62,4,0,0,0,1,64.0,57,41,38,9,1,35,82,1.44,0.238,TOR,281,1163,18.17,0,10,8,1,3,0,3,0.77,11.53,4.92,2.34,0.314,5,3,0
2022,154,Trevor Stephan,P,CLE,6,5,2.69,66,0,0,0,3,5,63.2,57,24,19,3,4,18,82,1.18,0.238,CLE,267,1032,16.21,0,8,19,2,3,0,3,1.0,11.59,2.54,4.56,0.344,11,0,0
2022,154,Garrett Whitlock,P,BOS,4,2,3.45,31,9,0,0,6,8,78.1,65,32,30,10,1,15,82,1.02,0.222,BOS,311,1166,14.89,2,10,4,0,2,0,5,0.87,9.42,1.72,5.47,0.271,6,1,0
2022,158,José Alvarado,P,PHI,4,2,3.18,59,0,0,0,2,4,51.0,38,21,18,2,1,24,81,1.22,0.203,PHI,214,881,17.27,0,8,22,4,5,0,4,2.18,14.29,4.24,3.38,0.343,6,1,1
2022,158,Josh Hader,P,SD,2,5,5.22,56,0,0,0,36,40,50.0,43,30,29,8,4,21,81,1.28,0.225,SD,219,943,18.86,0,45,0,0,5,0,0,0.52,14.58,3.78,3.86,0.333,5,0,0
2022,158,David Robertson,P,PHI,4,3,2.4,58,0,0,0,20,28,63.2,39,18,17,6,3,35,81,1.16,0.173,PHI,264,1060,16.65,0,33,3,1,4,0,5,1.0,11.45,4.95,2.31,0.237,1,1,0
2022,161,Camilo Doval,P,SF,6,6,2.53,68,0,0,0,27,30,67.2,54,27,19,4,3,30,80,1.24,0.218,SF,286,1121,16.57,0,51,1,2,4,0,2,1.83,10.64,3.99,2.67,0.298,2,1,0
2022,161,Caleb Thielbar,P,MIN,4,3,3.49,67,0,0,0,1,2,59.1,51,26,23,5,0,18,80,1.16,0.226,MIN,245,996,16.79,0,10,18,1,1,2,1,0.37,12.13,2.73,4.44,0.324,3,1,1
2022,163,Jake Diekman,P,CWS,5,4,4.99,70,0,0,0,1,4,57.2,52,40,32,9,8,42,79,1.63,0.241,CWS,269,1172,20.32,0,10,16,2,7,0,4,1.0,12.33,6.55,1.88,0.328,6,2,0
2022,163,Héctor Neris,P,HOU,6,4,3.72,70,0,0,0,3,7,65.1,49,29,27,3,6,17,79,1.01,0.205,HOU,263,1012,15.49,0,26,25,0,6,1,4,0.62,10.88,2.34,4.65,0.293,3,1,0
2022,163,Adam Ottavino,P,NYM,6,3,2.06,66,0,0,0,3,6,65.2,48,15,15,6,5,16,79,0.97,0.204,NYM,258,1057,16.1,0,19,19,2,7,0,8,1.16,10.83,2.19,4.94,0.276,19,3,1
2022,163,Alex Vesia,P,LAD,5,0,2.15,63,0,0,0,1,3,54.1,37,14,13,2,2,24,79,1.12,0.187,LAD,227,951,17.5,0,6,16,1,2,0,1,0.57,13.09,3.98,3.29,0.297,3,1,0
2022,163,Bryse Wilson,P,PIT,3,9,5.52,25,20,0,0,0,0,115.2,132,80,71,20,9,32,79,1.42,0.287,PIT,509,1825,15.78,5,0,0,1,2,0,14,1.08,6.15,2.49,2.47,0.305,6,3,0
2022,168,Andrew Bellatti,P,PHI,4,4,3.31,59,1,0,0,2,3,54.1,47,25,20,5,1,25,78,1.33,0.234,PHI,230,963,17.72,0,16,9,1,1,0,0,0.55,12.92,4.14,3.12,0.347,3,2,2
2022,168,Dakota Hudson,P,STL,8,7,4.45,27,26,0,0,0,0,139.2,141,71,69,9,9,61,78,1.45,0.273,STL,596,2253,16.13,8,0,0,0,4,0,25,1.52,5.03,3.93,1.28,0.303,7,4,0
2022,168,Raisel Iglesias,P,ATL,2,6,2.47,67,0,0,0,17,21,62.0,46,20,17,5,3,14,78,0.97,0.204,ATL,246,979,15.79,0,39,15,1,3,0,3,0.64,11.32,2.03,5.57,0.285,1,0,0
2022,168,Griffin Jax,P,MIN,7,4,3.36,65,0,0,0,1,7,72.1,56,29,27,7,3,20,78,1.05,0.212,MIN,290,1157,16.0,0,10,18,3,2,0,7,1.08,9.71,2.49,3.9,0.271,4,0,0
2022,168,Mitch White,P,TOR,1,7,5.45,25,18,0,0,0,1,99.0,110,62,60,9,3,35,78,1.46,0.276,TOR,440,1715,17.32,1,2,0,0,5,0,4,0.89,7.09,3.18,2.23,0.321,10,2,0
2022,173,Keegan Akin,P,BAL,3,3,3.2,45,1,0,0,2,2,81.2,69,35,29,10,1,20,77,1.09,0.227,BAL,329,1235,15.12,0,10,3,0,1,0,8,1.24,8.49,2.2,3.85,0.269,0,2,0
2022,173,Scott Barlow,P,KC,7,4,2.18,69,0,0,0,24,28,74.1,52,23,18,9,3,22,77,1.0,0.198,KC,290,1198,16.12,0,47,6,1,5,0,10,1.03,9.32,2.66,3.5,0.24,4,1,0
2022,173,Emmanuel Clase,P,CLE,3,4,1.36,77,0,0,0,42,46,72.2,43,18,11,3,1,10,77,0.73,0.167,CLE,271,921,12.67,0,67,0,2,4,0,9,2.78,9.54,1.24,7.7,0.223,4,0,0
2022,173,Kutter Crawford,P,BOS,3,6,5.47,21,12,0,0,0,0,77.1,81,49,47,12,2,29,77,1.42,0.269,BOS,334,1296,16.76,4,3,0,1,4,1,4,0.54,8.96,3.38,2.66,0.322,5,4,0
2022,173,Joe Jiménez,P,DET,3,2,3.49,62,0,0,0,2,4,56.2,49,24,22,4,0,13,77,1.09,0.226,DET,231,937,16.54,0,12,11,0,0,0,2,0.51,12.23,2.06,5.92,0.328,6,1,0
2022,173,Evan Phillips,P,LAD,7,3,1.14,64,0,0,0,2,4,63.0,33,11,8,2,3,15,77,0.76,0.155,LAD,233,923,14.65,0,9,19,1,0,0,4,0.94,11.0,2.14,5.13,0.228,3,1,0
2022,179,Bryan Baker,P,BAL,4,3,3.49,66,2,0,0,1,3,69.2,60,29,27,3,3,26,76,1.23,0.23,BAL,291,1181,16.95,0,11,9,1,2,0,6,0.7,9.82,3.36,2.92,0.311,2,0,1
2022,179,Mike Minor,P,CIN,4,12,6.06,19,19,0,0,0,0,98.0,120,72,66,24,7,40,76,1.63,0.296,CIN,455,1750,17.86,2,0,0,4,2,0,7,0.59,6.98,3.67,1.9,0.312,16,0,0
2022,179,Penn Murfee,P,SEA,4,0,2.99,64,1,0,0,0,0,69.1,48,23,23,7,2,18,76,0.95,0.192,SEA,272,1003,14.47,0,15,8,1,2,0,4,0.6,9.87,2.34,4.22,0.243,3,0,0
2022,179,A.J. Puk,P,OAK,4,3,3.12,62,0,0,0,4,9,66.1,53,27,23,7,10,23,76,1.15,0.217,OAK,281,1072,16.16,0,9,20,3,6,1,5,0.93,10.31,3.12,3.3,0.286,7,0,0
2022,179,Tyler Wells,P,BAL,7,7,4.25,23,23,0,0,0,0,103.2,90,49,49,16,2,28,76,1.14,0.231,BAL,423,1649,15.91,5,0,0,0,0,0,3,0.68,6.6,2.43,2.71,0.247,5,5,1
2022,184,Jason Adam,P,TB,2,3,1.56,67,0,0,0,8,12,63.1,31,12,11,5,6,17,75,0.76,0.147,TB,237,942,14.87,0,16,22,2,2,0,8,0.95,10.66,2.42,4.41,0.195,12,0,0
2022,184,Edward Cabrera,P,MIA,6,4,3.01,14,14,0,0,0,0,71.2,44,24,24,10,9,33,75,1.07,0.177,MIA,291,1215,16.95,3,0,0,0,2,0,6,1.03,9.42,4.14,2.27,0.207,4,1,0
2022,184,Collin McHugh,P,ATL,3,2,2.6,58,0,0,0,0,5,69.1,51,20,20,5,5,14,75,0.94,0.203,ATL,272,1086,15.66,0,3,17,1,3,0,6,0.84,9.74,1.82,5.36,0.266,1,0,0
2022,187,Matt Bush,P,MIL,2,3,3.47,65,6,0,0,3,10,59.2,43,31,23,11,3,18,74,1.02,0.196,MIL,244,909,15.23,0,11,18,2,4,0,2,0.86,11.16,2.72,4.11,0.235,5,0,1
2022,187,Jesse Chavez,P,ATL,4,3,3.76,60,1,0,0,0,5,69.1,71,34,29,8,1,20,74,1.31,0.264,ATL,292,1202,17.34,0,14,10,0,2,1,5,0.91,9.61,2.6,3.7,0.335,3,1,0
2022,187,Steve Cishek,P,WSH,1,4,4.21,69,0,0,0,1,3,66.1,54,33,31,11,13,27,74,1.22,0.223,WSH,287,1175,17.71,0,12,6,1,3,0,3,0.92,10.04,3.66,2.74,0.267,3,2,0
2022,187,Bailey Falter,P,PHI,6,4,3.86,20,16,0,0,0,0,84.0,85,39,36,16,6,17,74,1.21,0.263,PHI,349,1295,15.42,6,3,0,0,2,0,7,0.64,7.93,1.82,4.35,0.292,3,4,2
2022,187,Chris Martin,P,LAD,4,1,3.05,60,0,0,0,2,4,56.0,50,20,19,6,1,5,74,0.98,0.23,LAD,225,858,15.32,0,6,9,1,7,1,2,0.9,11.89,0.8,14.8,0.317,6,3,0
2022,187,John Schreiber,P,BOS,4,4,2.22,64,0,0,0,8,11,65.0,45,19,16,3,4,19,74,0.98,0.195,BOS,257,1020,15.69,0,13,22,0,4,0,6,1.56,10.25,2.63,3.89,0.269,1,2,1
2022,193,Anthony Bass,P,TOR,4,3,1.54,73,0,0,0,0,4,70.1,51,15,12,6,0,20,73,1.01,0.201,TOR,275,986,14.02,0,12,23,1,2,0,5,0.87,9.34,2.56,3.65,0.256,3,3,1
2022,193,Giovanny Gallegos,P,STL,3,6,3.05,57,0,0,0,14,20,59.0,42,23,20,6,0,18,73,1.02,0.197,STL,235,988,16.75,0,30,12,1,2,1,3,0.48,11.14,2.75,4.06,0.263,3,0,0
2022,193,Zack Greinke,P,KC,4,9,3.68,26,26,0,0,0,0,137.0,157,65,56,14,3,27,73,1.34,0.286,KC,585,2272,16.58,9,0,0,0,7,0,11,0.89,4.8,1.77,2.7,0.306,6,2,2
2022,193,MarkM Leiter Jr.Leiter,P,CHC,2,7,3.99,35,4,0,0,3,6,67.2,52,32,30,10,7,25,73,1.14,0.21,CHC,282,1086,16.05,0,11,4,2,5,0,6,1.31,9.71,3.33,2.92,0.251,6,2,0
2022,193,Phil Maton,P,HOU,0,2,3.84,67,0,0,0,0,2,65.2,58,34,28,10,8,24,73,1.25,0.237,HOU,281,1089,16.58,0,10,14,2,0,0,7,0.9,10.01,3.29,3.04,0.291,2,1,0
2022,193,Rafael Montero,P,HOU,5,2,2.37,71,0,0,0,14,16,68.1,47,22,18,3,2,23,73,1.02,0.193,HOU,270,1093,16.0,0,25,23,2,1,0,9,1.27,9.61,3.03,3.17,0.262,8,0,0
2022,193,Andre Pallante,P,STL,6,5,3.17,47,10,0,0,0,1,108.0,113,39,38,9,1,40,73,1.42,0.274,STL,457,1753,16.23,3,4,9,2,4,0,17,2.71,6.08,3.33,1.83,0.313,5,2,0
2022,193,Jordan Romano,P,TOR,5,4,2.11,63,0,0,0,36,42,64.0,44,18,15,4,4,21,73,1.02,0.19,TOR,258,989,15.45,0,52,3,4,0,0,5,0.83,10.27,2.95,3.48,0.258,6,0,0
2022,193,Adrian Sampson,P,CHC,4,5,3.11,21,19,0,0,0,0,104.1,101,40,36,10,2,27,73,1.23,0.253,CHC,428,1694,16.24,7,2,0,0,0,1,14,0.84,6.3,2.33,2.7,0.288,3,2,0
2022,202,MacKenzie Gore,P,SD,4,4,4.5,16,13,0,0,0,0,70.0,66,35,35,7,4,37,72,1.47,0.248,SD,309,1258,17.97,3,0,1,0,6,0,6,0.71,9.26,4.76,1.95,0.312,1,1,0
2022,202,Sam Hentges,P,CLE,3,2,2.32,57,0,0,0,1,1,62.0,41,17,16,3,3,19,72,0.97,0.186,CLE,245,944,15.23,0,15,8,1,3,0,5,2.24,10.45,2.76,3.79,0.259,6,1,0
2022,202,Craig Kimbrel,P,LAD,6,7,3.75,63,0,0,0,22,27,60.0,51,31,25,4,5,28,72,1.32,0.227,LAD,260,1077,17.95,0,47,2,2,7,1,4,0.79,10.8,4.2,2.57,0.313,3,1,0
2022,202,Jorge López,P,MIN,4,7,2.54,67,0,0,0,23,29,71.0,53,26,20,4,7,31,72,1.18,0.206,MIN,298,1161,16.35,0,47,1,5,5,2,6,1.93,9.13,3.93,2.32,0.268,6,1,0
2022,202,Eli Morgan,P,CLE,5,3,3.38,50,1,0,0,0,4,66.2,46,29,25,10,2,13,72,0.89,0.192,CLE,256,1017,15.26,0,7,10,0,0,0,4,0.5,9.72,1.76,5.54,0.226,6,2,1
2022,202,Eduardo Rodriguez,P,DET,5,5,4.05,17,17,0,0,0,0,91.0,87,49,41,12,2,34,72,1.33,0.247,DET,391,1469,16.14,10,0,0,0,1,0,10,0.92,7.12,3.36,2.12,0.279,4,0,0
2022,202,Paul Sewald,P,SEA,5,4,2.67,65,0,0,0,20,25,64.0,32,21,19,10,4,17,72,0.77,0.146,SEA,242,974,15.22,0,37,8,4,1,0,0,0.58,10.13,2.39,4.24,0.159,4,2,0
2022,209,Graham Ashcraft,P,CIN,5,6,4.89,19,19,0,0,0,0,105.0,119,61,57,11,8,30,71,1.42,0.281,CIN,464,1756,16.72,9,0,0,1,9,0,8,1.62,6.09,2.57,2.37,0.314,6,1,0
2022,209,Dylan Coleman,P,KC,5,2,2.78,68,0,0,0,0,3,68.0,47,26,21,5,6,37,71,1.24,0.194,KC,289,1205,17.72,0,9,16,1,7,0,4,0.75,9.4,4.9,1.92,0.247,2,3,0
2022,209,Mychal Givens,P,NYM,7,3,3.38,59,1,0,0,2,6,61.1,56,27,23,8,5,25,71,1.32,0.247,NYM,260,1026,16.73,0,12,7,4,2,0,5,0.98,10.42,3.67,2.84,0.318,3,3,2
2022,212,Jalen Beeks,P,TB,2,3,2.8,42,7,0,0,2,6,61.0,49,22,19,7,2,22,70,1.16,0.219,TB,250,999,16.38,0,8,5,0,3,0,5,1.33,10.33,3.25,3.18,0.284,0,0,0
2022,212,Kyle Finnegan,P,WSH,6,4,3.51,66,0,0,0,11,15,66.2,54,28,26,9,0,22,70,1.14,0.221,WSH,268,1053,15.8,0,24,14,2,0,1,6,1.26,9.45,2.97,3.18,0.269,4,0,0
2022,212,Jonathan Heasley,P,KC,4,10,5.28,21,21,0,0,0,0,104.0,108,67,61,19,6,47,70,1.49,0.267,KC,465,1796,17.27,7,0,0,0,9,0,10,0.75,6.06,4.07,1.49,0.276,1,1,1
2022,212,Erik Swanson,P,SEA,3,2,1.68,57,1,0,0,3,5,53.2,39,11,10,3,1,10,70,0.91,0.202,SEA,206,880,16.4,0,9,14,1,1,0,2,0.56,11.74,1.68,7.0,0.3,3,1,1
2022,216,Daniel Bard,P,COL,6,4,1.79,57,0,0,0,34,37,60.1,35,15,12,3,3,25,69,0.99,0.162,COL,245,953,15.8,0,48,0,1,3,0,1,1.26,10.29,3.73,2.76,0.221,5,0,0
2022,216,David Bednar,P,PIT,3,4,2.61,45,0,0,0,19,23,51.2,42,19,15,4,1,16,69,1.12,0.218,PIT,210,842,16.3,0,33,4,2,2,1,2,0.71,12.02,2.79,4.31,0.317,4,0,0
2022,216,Adrian Houser,P,MIL,6,10,4.73,22,21,0,0,0,0,102.2,103,66,54,8,2,47,69,1.46,0.258,MIL,455,1848,18.0,6,1,0,1,2,0,9,1.17,6.05,4.12,1.47,0.289,7,2,1
2022,216,Seth Lugo,P,NYM,3,2,3.6,62,0,0,0,3,6,65.0,58,26,26,9,3,18,69,1.17,0.233,NYM,272,1079,16.6,0,20,16,1,2,0,2,1.0,9.55,2.49,3.83,0.283,2,1,0
2022,216,Nick Nelson,P,PHI,3,2,4.85,47,2,0,0,1,1,68.2,66,38,37,1,4,36,69,1.49,0.257,PHI,306,1204,17.53,0,10,3,0,13,0,3,0.62,9.04,4.72,1.92,0.332,4,2,0
2022,216,Vince Velasquez,P,CWS,3,3,4.78,27,9,0,0,0,0,75.1,68,42,40,11,2,25,69,1.23,0.235,CWS,319,1286,17.07,0,8,1,0,1,1,3,0.65,8.24,2.99,2.76,0.27,3,1,0
2022,216,Rowan Wick,P,CHC,4,7,4.22,64,0,0,0,9,14,64.0,79,37,30,9,1,29,69,1.69,0.305,CHC,294,1153,18.02,0,22,4,2,3,0,7,1.07,9.7,4.08,2.38,0.378,5,1,0
2022,223,Brad Boxberger,P,MIL,4,3,2.95,70,0,0,0,1,8,64.0,52,23,21,6,2,27,68,1.23,0.223,MIL,268,1090,17.03,0,9,30,1,0,0,4,0.55,9.56,3.8,2.52,0.284,7,0,0
2022,223,Wil Crowe,P,PIT,6,10,4.38,60,1,0,0,4,10,76.0,68,40,37,8,3,38,68,1.39,0.235,PIT,332,1380,18.16,0,20,16,0,3,0,10,1.5,8.05,4.5,1.79,0.28,0,0,0
2022,223,Luis García,P,SD,4,6,3.39,64,0,0,0,3,4,61.0,57,28,23,3,5,17,68,1.21,0.243,SD,259,966,15.84,0,11,20,0,7,0,7,1.55,10.03,2.51,4.0,0.327,6,0,0
2022,223,Brandon Hughes,P,CHC,2,3,3.12,57,0,0,0,8,12,57.2,42,22,20,11,6,21,68,1.09,0.2,CHC,239,973,16.87,0,16,8,3,3,0,5,0.59,10.61,3.28,3.24,0.233,0,0,0
2022,223,Drew Hutchison,P,DET,3,9,4.53,28,18,0,0,0,0,105.1,114,58,53,15,2,42,68,1.48,0.273,DET,464,1759,16.7,2,3,0,1,3,0,12,0.82,5.81,3.59,1.62,0.295,8,1,1
2022,223,José Ruiz,P,CWS,1,0,4.6,63,0,0,0,0,0,60.2,53,32,31,9,0,33,68,1.42,0.231,CWS,265,1115,18.38,0,21,11,0,4,1,3,0.91,10.09,4.9,2.06,0.284,9,1,0
2022,229,Phil Bickford,P,LAD,2,1,4.72,60,0,0,0,0,1,61.0,53,33,32,12,2,14,67,1.1,0.233,LAD,247,990,16.23,0,13,7,0,0,0,4,0.68,9.89,2.07,4.79,0.27,7,2,1
2022,229,Andrew Chafin,P,DET,2,3,2.83,64,0,0,0,3,4,57.1,48,26,18,5,3,19,67,1.17,0.222,DET,243,899,15.68,0,10,19,0,4,0,8,1.3,10.52,2.98,3.53,0.293,2,1,1
2022,229,Zach Jackson,P,OAK,2,3,3.0,54,0,0,0,3,6,48.0,28,18,16,1,2,33,67,1.27,0.171,OAK,202,887,18.48,0,10,26,3,9,0,3,0.53,12.56,6.19,2.03,0.278,3,1,0
2022,229,Lou Trivino,P,NYY,2,8,4.53,64,0,0,0,11,14,53.2,64,31,27,6,4,24,67,1.64,0.288,NYY,250,955,17.8,0,30,4,2,3,0,2,1.33,11.24,4.02,2.79,0.389,0,1,0
2022,233,Shawn Armstrong,P,TB,2,3,4.38,50,3,0,0,2,5,61.2,66,32,30,7,4,17,66,1.35,0.273,TB,269,1047,16.98,0,19,2,2,3,0,3,1.23,9.63,2.48,3.88,0.339,4,1,0
2022,233,Kendall Graveman,P,CWS,3,4,3.18,65,0,0,0,6,12,65.0,65,29,23,5,3,26,66,1.4,0.257,CWS,285,1035,15.92,0,14,27,2,3,0,6,1.4,9.14,3.6,2.54,0.324,5,0,0
2022,233,Kyle Hendricks,P,CHC,4,6,4.8,16,16,0,0,0,0,84.1,85,45,45,15,3,24,66,1.29,0.26,CHC,356,1347,15.97,4,0,0,0,0,0,6,0.81,7.04,2.56,2.75,0.285,9,2,0
2022,233,Michael King,P,NYY,6,3,2.29,34,0,0,0,1,3,51.0,35,15,13,3,0,16,66,1.0,0.192,NYY,199,776,15.22,0,10,16,2,2,0,6,1.1,11.65,2.82,4.13,0.281,2,0,0
2022,233,Daniel Norris,P,DET,2,4,5.22,41,3,0,0,0,0,58.2,45,39,34,11,7,29,66,1.26,0.21,DET,250,1012,17.25,0,17,2,0,2,1,8,1.24,10.13,4.45,2.28,0.248,0,1,0
2022,238,Nabil Crismatt,P,SD,5,2,2.94,50,1,0,0,0,4,67.1,57,29,22,5,2,22,65,1.17,0.226,SD,280,1062,15.77,0,14,5,1,0,2,7,1.39,8.69,2.94,2.95,0.28,9,0,0
2022,238,Zach Eflin,P,PHI,3,5,4.04,20,13,0,0,1,1,75.2,70,38,34,8,5,15,65,1.12,0.241,PHI,313,1194,15.78,4,2,2,1,0,0,4,1.05,7.73,1.78,4.33,0.282,2,0,0
2022,238,Clay Holmes,P,NYY,7,4,2.54,62,0,0,0,20,25,63.2,45,21,18,2,9,20,65,1.02,0.196,NYY,260,981,15.41,0,32,7,2,1,0,4,5.32,9.19,2.83,3.25,0.264,1,0,0
2022,238,Ryan Pressly,P,HOU,3,3,2.98,50,0,0,0,33,37,48.1,30,17,16,4,0,13,65,0.89,0.181,HOU,182,711,14.71,0,43,0,0,0,0,6,1.24,12.1,2.42,5.0,0.265,0,1,0
2022,238,Caleb Smith,P,AZ,1,3,4.11,44,1,0,0,0,0,70.0,57,35,32,14,1,39,65,1.37,0.218,AZ,302,1234,17.63,0,14,6,1,1,0,4,0.59,8.36,5.01,1.67,0.236,1,2,1
2022,238,Will Smith,P,HOU,0,3,3.97,65,0,0,0,5,8,59.0,58,35,26,9,2,25,65,1.41,0.251,HOU,261,985,16.69,0,18,16,3,2,3,1,0.76,9.92,3.81,2.6,0.306,4,2,0
2022,244,Ryan Brasier,P,BOS,0,3,5.78,68,0,0,0,1,5,62.1,68,43,40,9,1,13,64,1.3,0.28,BOS,263,985,15.8,0,11,13,1,1,0,6,0.83,9.24,1.88,4.92,0.335,7,0,1
2022,244,Austin Davis,P,MIN,2,1,5.79,52,3,0,0,0,1,56.0,57,39,36,5,5,33,64,1.61,0.258,MIN,264,1118,19.96,0,12,3,1,1,0,2,0.72,10.29,5.3,1.94,0.335,4,0,0
2022,244,Matt Festa,P,SEA,2,0,4.17,53,0,0,0,2,3,54.0,43,26,25,10,2,18,64,1.13,0.218,SEA,219,897,16.61,0,13,6,0,1,0,4,0.84,10.67,3.0,3.56,0.268,5,1,0
2022,244,Hoby Milner,P,MIL,3,3,3.76,67,0,0,0,0,1,64.2,61,29,27,5,7,15,64,1.18,0.25,MIL,272,1088,16.82,0,9,11,0,1,0,5,1.36,8.91,2.09,4.27,0.315,1,0,1
2022,244,David Phelps,P,TOR,0,2,2.83,65,1,0,0,1,2,63.2,52,22,20,2,4,31,64,1.3,0.22,TOR,272,1151,18.08,0,11,9,0,3,0,4,0.66,9.05,4.38,2.06,0.294,2,2,0
2022,244,Colin Poche,P,TB,4,2,3.99,65,0,0,0,7,13,58.2,46,30,26,11,1,22,64,1.16,0.211,TB,245,974,16.6,0,13,23,0,4,0,0,0.51,9.82,3.38,2.91,0.238,2,1,1
2022,250,Jimmy Herget,P,LAA,2,1,2.48,49,1,0,0,9,12,69.0,48,20,19,4,3,15,63,0.91,0.196,LAA,266,996,14.43,0,13,6,3,0,0,5,0.8,8.22,1.96,4.2,0.246,6,0,0
2022,250,Jordan Hicks,P,STL,3,6,4.84,35,8,0,0,0,1,61.1,46,33,33,5,7,35,63,1.32,0.21,STL,263,1051,17.14,0,2,8,0,5,0,9,2.03,9.24,5.14,1.8,0.268,5,1,0
2022,250,Reynaldo López,P,CWS,6,4,2.76,61,1,0,0,0,5,65.1,51,24,20,1,1,11,63,0.95,0.218,CWS,254,985,15.08,0,8,9,1,4,0,4,0.74,8.68,1.52,5.73,0.287,7,1,0
2022,250,Steven Okert,P,MIA,5,5,2.98,60,0,0,0,0,4,51.1,34,19,17,7,7,26,63,1.17,0.186,MIA,221,968,18.86,0,5,19,2,1,0,3,0.63,11.05,4.56,2.42,0.237,2,0,0
2022,250,José Ureña,P,COL,3,8,5.01,21,17,0,0,0,0,97.0,109,62,54,11,1,43,63,1.57,0.285,COL,432,1622,16.72,7,1,0,0,2,0,12,1.51,5.85,3.99,1.47,0.312,9,2,1
2022,250,Will Vest,P,DET,3,3,4.0,59,2,0,0,1,1,63.0,62,30,28,6,3,22,63,1.33,0.262,DET,272,1083,17.19,0,8,4,0,7,0,4,1.24,9.0,3.14,2.86,0.32,1,4,0
2022,250,Spenser Watkins,P,BAL,5,6,4.7,23,20,0,0,0,0,105.1,119,59,55,11,4,30,63,1.41,0.281,BAL,459,1642,15.59,4,1,0,0,3,1,3,0.91,5.38,2.56,2.1,0.308,2,3,0
2022,257,Matt Brash,P,SEA,4,4,4.44,39,5,0,0,0,0,50.2,46,25,25,3,2,33,62,1.56,0.247,SEA,222,935,18.45,0,3,9,1,3,0,7,1.32,11.01,5.86,1.88,0.355,0,3,0
2022,257,Scott Effross,P,NYY,1,4,2.54,60,1,0,0,4,6,56.2,45,23,16,3,1,15,62,1.06,0.214,NYY,229,815,14.38,0,11,16,3,0,1,3,0.98,9.85,2.38,4.13,0.288,2,2,0
2022,257,James Karinchak,P,CLE,2,0,2.08,38,0,0,0,3,4,39.0,22,9,9,2,1,21,62,1.1,0.161,CLE,160,704,18.05,0,9,8,0,4,0,0,0.29,14.31,4.85,2.95,0.27,9,1,0
2022,257,Ryne Stanek,P,HOU,2,1,1.15,59,0,0,0,1,5,54.2,36,8,7,2,0,31,62,1.23,0.188,HOU,224,895,16.37,0,10,17,1,4,0,5,0.67,10.21,5.1,2.0,0.264,4,2,0
2022,261,Tyler Alexander,P,DET,4,11,4.81,27,17,0,0,0,0,101.0,108,58,54,18,1,25,61,1.32,0.275,DET,427,1591,15.75,4,1,1,1,0,0,9,0.61,5.44,2.23,2.44,0.281,7,3,1
2022,261,Enyel De Los Santos,P,CLE,5,0,3.04,50,0,0,0,1,2,53.1,40,18,18,3,2,17,61,1.07,0.208,CLE,215,845,15.84,0,11,3,1,3,1,2,0.83,10.29,2.87,3.59,0.28,4,0,0
2022,261,Seranthony Domínguez,P,PHI,6,5,3.0,54,0,0,0,9,11,51.0,36,18,17,4,1,22,61,1.14,0.197,PHI,207,823,16.14,0,16,15,1,3,0,5,1.07,10.76,3.88,2.77,0.269,3,1,0
2022,261,Michael Fulmer,P,MIN,5,6,3.39,67,0,0,0,3,7,63.2,59,27,24,4,5,28,61,1.37,0.247,MIN,276,1043,16.38,0,11,25,6,3,0,5,0.81,8.62,3.96,2.18,0.309,6,1,0
2022,261,Joe Mantiply,P,AZ,2,5,2.85,69,0,0,0,2,8,60.0,59,22,19,6,3,6,61,1.08,0.255,AZ,243,861,14.35,0,9,22,0,3,1,5,1.38,9.15,0.9,10.17,0.319,2,0,0
2022,261,Brooks Raley,P,TB,1,2,2.68,60,0,0,0,6,9,53.2,37,19,16,3,6,15,61,0.97,0.189,TB,219,846,15.76,0,12,25,0,3,0,3,0.79,10.23,2.52,4.07,0.256,0,0,0
2022,261,Erasmo Ramírez,P,WSH,4,2,2.92,60,2,0,0,0,1,86.1,79,31,28,11,6,14,61,1.08,0.245,WSH,347,1222,14.15,0,10,5,1,1,0,13,1.03,6.36,1.46,4.36,0.268,1,0,0
2022,261,Robert Suarez,P,SD,5,1,2.27,45,0,0,0,1,4,47.2,29,13,12,4,4,21,61,1.05,0.176,SD,191,801,16.8,0,6,11,0,2,1,2,0.95,11.52,3.97,2.9,0.25,1,2,0
2022,261,Ryan Yarbrough,P,TB,3,8,4.5,20,9,0,0,0,0,80.0,88,44,40,12,11,22,61,1.38,0.276,TB,355,1355,16.94,2,2,0,0,3,0,7,0.9,6.86,2.48,2.77,0.306,6,3,1
2022,270,Elieser Hernández,P,MIA,3,6,6.35,20,10,0,0,0,1,62.1,67,48,44,19,4,22,60,1.43,0.269,MIA,278,1095,17.57,1,4,0,1,1,0,0,0.39,8.66,3.18,2.73,0.277,5,3,0
2022,270,Lucas Luetge,P,NYY,4,4,2.67,50,0,0,0,2,3,57.1,63,19,17,4,4,17,60,1.4,0.276,NYY,251,971,16.94,0,18,6,1,1,0,2,0.67,9.42,2.67,3.53,0.355,0,0,0
2022,270,Gregory Soto,P,DET,2,11,3.28,64,0,0,0,30,33,60.1,49,32,22,2,7,34,60,1.38,0.225,DET,263,1102,18.27,0,54,2,1,3,0,9,0.88,8.95,5.07,1.76,0.296,3,0,0
2022,270,Chris Stratton,P,STL,10,4,4.26,60,1,0,0,2,7,63.1,72,34,30,4,2,25,60,1.53,0.291,STL,279,1100,17.37,0,23,8,2,4,0,9,1.0,8.53,3.55,2.4,0.364,1,0,0
2022,270,Hunter Strickland,P,CIN,3,3,4.91,66,0,0,0,7,11,62.1,61,37,34,8,7,33,60,1.51,0.253,CIN,284,1099,17.63,0,35,4,1,1,0,5,0.54,8.66,4.76,1.82,0.301,14,0,0
2022,270,Dillon Tate,P,BAL,4,4,3.05,67,0,0,0,5,6,73.2,57,29,25,6,7,16,60,0.99,0.213,BAL,292,1077,14.62,0,13,16,2,3,0,9,1.98,7.33,1.95,3.75,0.251,4,1,0
2022,276,Luis Cessa,P,CIN,4,4,4.57,46,10,0,0,0,1,80.2,76,44,41,14,2,28,59,1.29,0.25,CIN,336,1235,15.31,1,1,5,0,3,0,9,1.14,6.58,3.12,2.11,0.266,6,1,0
2022,276,Chase De Jong,P,PIT,6,3,2.64,42,0,0,0,1,4,71.2,52,24,21,10,5,30,59,1.14,0.204,PIT,293,1174,16.38,0,16,3,1,4,0,7,0.66,7.41,3.77,1.97,0.225,3,2,0
2022,276,Dylan Lee,P,ATL,5,1,2.13,46,0,0,0,0,3,50.2,40,16,12,5,0,10,59,0.99,0.212,ATL,201,754,14.88,0,5,9,1,0,0,1,0.59,10.48,1.78,5.9,0.276,1,0,0
2022,279,Domingo Acevedo,P,OAK,4,4,3.33,70,0,0,0,4,8,67.2,50,26,25,9,3,17,58,0.99,0.206,OAK,266,1005,14.85,0,12,20,4,1,1,7,0.89,7.71,2.26,3.41,0.232,4,0,1
2022,279,Walker Buehler,P,LAD,6,3,4.02,12,12,1,1,0,0,65.0,67,30,29,8,2,17,58,1.29,0.263,LAD,274,1046,16.09,3,0,0,0,1,0,4,1.36,8.03,2.35,3.41,0.312,6,2,0
2022,279,Adam Cimber,P,TOR,10,6,2.8,77,0,0,0,4,8,70.2,66,28,22,6,8,13,58,1.12,0.248,TOR,293,1044,14.77,0,15,19,1,1,0,4,1.03,7.39,1.66,4.46,0.294,7,0,0
2022,279,Yimi García,P,TOR,4,5,3.1,61,0,0,0,1,5,61.0,48,26,21,6,4,16,58,1.05,0.215,TOR,247,1039,17.03,0,9,23,3,1,1,4,0.78,8.56,2.36,3.63,0.258,5,1,0
2022,279,Domingo Germán,P,NYY,2,5,3.61,15,14,0,0,0,0,72.1,65,31,29,11,4,19,58,1.16,0.236,NYY,298,1081,14.94,5,0,0,0,0,1,8,0.83,7.22,2.36,3.05,0.262,1,0,0
2022,284,Tommy Nance,P,MIA,2,3,4.33,35,2,0,0,0,2,43.2,45,22,21,5,4,21,57,1.51,0.265,MIA,196,751,17.2,0,8,2,3,5,0,3,1.16,11.75,4.33,2.71,0.37,8,0,0
2022,284,Joely Rodríguez,P,NYM,2,4,4.47,55,0,0,0,0,0,50.1,42,28,25,3,1,26,57,1.35,0.226,NYM,216,842,16.73,0,9,9,1,2,0,5,1.57,10.19,4.65,2.19,0.307,3,0,0
2022,284,Duane Underwood,P,PIT,1,6,4.4,51,1,0,0,1,4,57.1,57,35,28,1,5,25,57,1.43,0.25,PIT,259,1004,17.51,0,9,12,1,5,0,3,1.35,8.95,3.92,2.28,0.327,4,2,0
2022,287,Carl Edwards,P,WSH,6,3,2.76,57,0,0,0,2,5,62.0,51,22,19,8,1,25,56,1.23,0.224,WSH,256,1014,16.35,0,8,13,0,2,0,2,0.95,8.13,3.63,2.24,0.259,1,3,1
2022,287,Jarlín García,P,SF,1,4,3.74,58,0,0,0,1,3,65.0,60,34,27,10,1,18,56,1.2,0.242,SF,270,1015,15.62,0,14,4,1,2,0,4,0.75,7.75,2.49,3.11,0.273,3,0,0
2022,287,Tanner Houck,P,BOS,5,4,3.15,32,4,0,0,8,9,60.0,49,22,21,3,6,22,56,1.18,0.226,BOS,247,918,15.3,0,14,1,3,3,0,9,1.48,8.4,3.3,2.55,0.289,5,1,0
2022,287,Joel Kuhnel,P,CIN,2,3,6.36,53,0,0,0,1,3,58.0,67,41,41,8,5,14,56,1.4,0.291,CIN,255,934,16.1,0,13,5,1,1,0,3,1.4,8.69,2.17,4.0,0.347,2,2,0
2022,287,Ron Marinaccio,P,NYY,1,0,2.05,40,0,0,0,0,0,44.0,22,12,10,2,6,24,56,1.05,0.149,NYY,181,757,17.2,0,8,6,0,5,0,2,0.71,11.45,4.91,2.33,0.217,4,1,0
2022,287,Clarke Schmidt,P,NYY,5,5,3.12,29,3,0,0,2,3,57.2,46,23,20,5,2,23,56,1.2,0.222,NYY,236,930,16.13,0,7,4,3,0,0,3,0.76,8.74,3.59,2.43,0.279,1,2,0
2022,293,Joan Adon,P,WSH,1,12,7.1,14,14,0,0,0,0,64.2,76,53,51,8,6,39,55,1.78,0.29,WSH,310,1204,18.62,2,0,0,1,7,0,5,1.39,7.65,5.43,1.41,0.338,3,1,0
2022,293,Brayan Bello,P,BOS,2,8,4.71,13,11,1,0,0,0,57.1,75,34,30,1,2,27,55,1.78,0.315,BOS,268,997,17.39,2,0,0,1,2,0,9,1.73,8.63,4.24,2.04,0.404,6,1,0
2022,293,Cionel Pérez,P,BAL,7,1,1.4,66,0,0,0,1,2,57.2,46,11,9,2,1,21,55,1.16,0.22,BAL,234,901,15.62,0,8,25,1,4,0,8,1.27,8.58,3.28,2.62,0.284,2,1,0
2022,293,Robert Stephenson,P,PIT,2,2,5.43,58,0,0,0,0,3,58.0,63,39,35,10,1,14,55,1.33,0.275,PIT,247,914,15.76,0,13,8,1,4,0,3,0.43,8.53,2.17,3.93,0.319,5,3,0
2022,297,Jaime Barria,P,LAA,3,3,2.61,35,1,0,0,0,3,79.1,63,29,23,11,3,19,54,1.03,0.217,LAA,316,1123,14.16,0,21,5,0,3,0,10,0.86,6.13,2.16,2.84,0.23,2,0,1
2022,297,John Brebbia,P,SF,6,2,3.18,76,11,0,0,0,4,68.0,71,27,24,5,1,18,54,1.31,0.268,SF,288,1091,16.04,0,4,18,2,0,0,2,0.67,7.15,2.38,3.0,0.317,4,4,0
2022,297,Beau Brieske,P,DET,3,6,4.19,15,15,0,0,0,0,81.2,73,39,38,14,1,25,54,1.2,0.236,DET,339,1287,15.76,6,0,0,0,2,1,3,0.75,5.95,2.76,2.16,0.242,2,2,1
2022,297,Carlos Estévez,P,COL,4,4,3.47,62,0,0,0,2,6,57.0,44,27,22,7,1,23,54,1.18,0.211,COL,235,1021,17.91,0,20,13,1,6,0,2,0.69,8.53,3.63,2.35,0.247,0,0,0
2022,297,Buck Farmer,P,CIN,2,2,3.83,44,0,0,0,2,3,47.0,36,21,20,2,1,25,54,1.3,0.211,CIN,199,855,18.19,0,10,5,0,4,0,1,0.98,10.34,4.79,2.16,0.293,3,3,1
2022,297,José Leclerc,P,TEX,0,3,2.83,39,0,0,0,7,9,47.2,33,17,15,5,3,21,54,1.13,0.192,TEX,198,782,16.41,0,20,4,0,2,0,2,0.5,10.2,3.97,2.57,0.243,4,0,0
2022,297,Steven Matz,P,STL,5,3,5.25,15,10,0,0,0,0,48.0,50,28,28,8,2,10,54,1.25,0.256,STL,207,849,17.69,2,1,2,0,1,0,2,1.02,10.13,1.88,5.4,0.316,0,0,0
2022,297,JovaniJ MoránMoran,P,MIN,0,1,2.21,31,0,0,0,1,1,40.2,25,11,10,0,0,18,54,1.06,0.172,MIN,164,672,16.52,0,16,2,0,2,0,1,1.09,11.95,3.98,3.0,0.272,5,0,0
2022,297,Johan Oviedo,P,PIT,4,3,3.21,21,8,0,0,0,1,56.0,49,21,20,5,3,23,54,1.29,0.227,PIT,242,980,17.5,2,3,0,0,2,1,3,1.05,8.68,3.7,2.35,0.28,5,1,0
2022,297,Dennis Santana,P,TEX,3,8,5.22,63,1,0,0,1,3,58.2,50,39,34,2,4,28,54,1.33,0.228,TEX,255,991,16.89,0,13,20,1,3,0,7,1.16,8.28,4.3,1.93,0.287,3,0,1
2022,297,Antonio Senzatela,P,COL,3,7,5.07,19,19,0,0,0,0,92.1,133,56,52,9,3,23,54,1.69,0.349,COL,413,1521,16.47,8,0,0,0,1,0,17,1.53,5.26,2.24,2.35,0.386,2,0,1
2022,308,Diego Castillo,P,SEA,7,3,3.64,59,0,0,0,7,7,54.1,40,27,22,5,2,22,53,1.14,0.203,SEA,222,843,15.52,0,23,9,4,1,0,5,1.06,8.78,3.64,2.41,0.25,10,1,0
2022,308,Diego Castillo,P,SEA,7,3,3.64,59,0,0,0,7,7,54.1,40,27,22,5,2,22,53,1.14,0.203,PIT,15,60,30.0,0,2,0,0,0,0,1,3.0,4.5,13.5,0.33,0.556,0,0,0
2022,308,Joe Kelly,P,CWS,1,3,6.08,43,1,0,0,1,1,37.0,36,26,25,2,3,23,53,1.59,0.252,CWS,170,703,19.0,0,4,15,0,4,0,2,2.93,12.89,5.59,2.3,0.382,4,0,1
2022,308,Adrián Martinez,P,OAK,4,6,6.24,12,12,0,0,0,0,57.2,69,42,40,13,3,19,53,1.53,0.295,OAK,259,1015,17.6,1,0,0,1,6,1,5,0.89,8.27,2.97,2.79,0.327,3,2,0
2022,308,Drew Smith,P,NYM,3,3,3.33,44,0,0,0,0,2,46.0,38,17,17,9,0,15,53,1.15,0.222,NYM,187,780,16.96,0,6,14,0,0,0,2,0.53,10.37,2.93,3.53,0.264,0,1,0
2022,308,Brent Suter,P,MIL,5,3,3.78,54,0,0,0,0,0,66.2,58,32,28,9,3,22,53,1.2,0.236,MIL,272,1070,16.05,0,17,1,0,0,0,6,1.03,7.16,2.97,2.41,0.266,3,2,2
2022,308,Steven Wilson,P,SD,4,2,3.06,50,1,0,0,1,3,53.0,36,20,18,7,3,20,53,1.06,0.191,SD,214,874,16.49,0,8,5,0,4,0,2,0.36,9.0,3.4,2.65,0.223,2,0,0
2022,314,Dominic Leone,P,SF,4,5,4.01,55,0,0,0,3,7,49.1,55,24,22,6,0,24,52,1.6,0.281,SF,222,826,16.74,0,8,11,5,3,0,3,0.75,9.49,4.38,2.17,0.353,2,2,0
2022,314,Aaron Loup,P,LAA,0,5,3.84,65,0,0,0,1,6,58.2,54,38,25,4,8,22,52,1.3,0.235,LAA,260,967,16.48,0,7,19,3,0,0,4,1.21,7.98,3.38,2.36,0.287,5,2,1
2022,314,José Quijada,P,LAA,0,5,3.98,42,0,0,0,3,5,40.2,25,19,18,5,2,21,52,1.13,0.172,LAA,169,691,16.99,0,11,12,4,1,0,1,0.47,11.51,4.65,2.48,0.225,1,1,0
2022,314,Bryan Shaw,P,CLE,6,2,5.4,60,2,0,0,1,1,58.1,58,38,35,9,4,26,52,1.44,0.252,CLE,261,969,16.61,0,11,5,1,2,0,5,1.24,8.02,4.01,2.0,0.288,2,0,0
2022,314,Matt Strahm,P,BOS,4,4,3.83,50,0,0,0,4,8,44.2,38,24,19,5,5,17,52,1.23,0.224,BOS,193,764,17.1,0,10,13,1,2,1,1,0.8,10.48,3.43,3.06,0.289,3,0,0
2022,314,Andrew Wantz,P,LAA,2,1,3.22,42,1,0,0,0,1,50.1,37,19,18,8,2,21,52,1.15,0.206,LAA,204,831,16.51,0,7,7,0,2,1,5,0.48,9.3,3.75,2.48,0.24,2,2,0
2022,320,Tylor Megill,P,NYM,4,2,5.13,15,9,0,0,0,0,47.1,46,27,27,7,1,13,51,1.25,0.253,NYM,200,791,16.71,1,2,0,0,1,0,4,0.93,9.7,2.47,3.92,0.31,2,1,0
2022,320,Bailey Ober,P,MIN,2,3,3.21,11,11,0,0,0,0,56.0,48,22,20,4,2,11,51,1.05,0.227,MIN,227,854,15.25,2,0,0,0,0,1,3,0.42,8.2,1.77,4.64,0.278,1,0,0
2022,320,Noé Ramirez,P,AZ,5,4,5.22,55,0,0,0,0,4,50.0,45,32,29,9,3,26,51,1.42,0.245,AZ,215,837,16.74,0,3,11,2,2,0,5,0.7,9.18,4.68,1.96,0.288,6,4,1
2022,320,JP Sears,P,OAK,6,3,3.86,17,11,0,0,0,0,70.0,67,31,30,8,2,23,51,1.29,0.256,OAK,288,1079,15.41,2,1,0,1,0,0,9,0.79,6.56,2.96,2.22,0.289,5,3,2
2022,324,Connor Brogdon,P,PHI,2,2,3.27,47,0,0,0,2,4,44.0,44,16,16,6,1,11,50,1.25,0.253,PHI,188,710,16.14,0,11,6,0,3,0,0,0.55,10.23,2.25,4.55,0.319,2,1,0
2022,324,Lance McCullers,P,HOU,4,2,2.27,8,8,0,0,0,0,47.2,37,12,12,4,0,22,50,1.24,0.215,HOU,195,759,15.92,5,0,0,0,1,0,5,1.39,9.44,4.15,2.27,0.277,2,2,0
2022,324,Konnor Pilkington,P,CLE,1,2,3.88,15,11,0,0,0,0,58.0,53,30,25,6,2,32,50,1.47,0.238,CLE,258,1039,17.91,0,3,0,0,1,0,3,0.7,7.76,4.97,1.56,0.28,0,3,1
2022,324,Michael Rucker,P,CHC,3,1,3.95,41,0,0,0,0,0,54.2,50,25,24,8,0,20,50,1.28,0.242,CHC,229,914,16.72,0,9,5,0,4,0,6,0.91,8.23,3.29,2.5,0.278,1,0,0
2022,328,Tanner Banks,P,CWS,2,0,3.06,35,0,0,0,0,0,53.0,42,25,18,5,1,18,49,1.13,0.213,CWS,217,897,16.92,0,15,1,0,2,0,3,1.23,8.32,3.06,2.72,0.257,0,3,1
2022,328,Amir Garrett,P,KC,3,1,4.96,60,0,0,0,0,1,45.1,28,26,25,0,5,32,49,1.32,0.177,KC,196,804,17.74,0,3,10,0,7,1,5,0.61,9.73,6.35,1.53,0.255,6,0,0
2022,328,Lucas Gilbreath,P,COL,2,0,4.19,47,0,0,0,0,2,43.0,37,22,20,2,4,26,49,1.47,0.242,COL,187,796,18.51,0,9,12,0,2,0,6,1.29,10.26,5.44,1.88,0.333,4,2,0
2022,328,Trevor Megill,P,MIN,4,3,4.8,39,0,0,0,0,2,45.0,50,29,24,4,1,17,49,1.49,0.282,MIN,196,774,17.2,0,11,3,0,2,0,4,0.88,9.8,3.4,2.88,0.368,6,3,1
2022,328,Tyler Rogers,P,SF,3,4,3.57,68,0,0,0,0,1,75.2,73,34,30,3,5,23,49,1.27,0.253,SF,319,1166,15.41,0,8,15,0,1,1,9,1.55,5.83,2.74,2.13,0.294,3,0,0
2022,328,Bruce Zimmermann,P,BAL,2,5,5.99,15,13,0,0,0,0,73.2,97,52,49,21,2,12,49,1.48,0.321,BAL,320,1130,15.34,3,1,1,0,1,0,13,0.95,5.99,1.47,4.08,0.323,2,0,0
2022,334,Taylor Clarke,P,KC,3,1,4.04,47,0,0,0,3,8,49.0,50,25,22,6,1,8,48,1.18,0.26,KC,203,859,17.53,0,8,10,0,3,0,2,0.6,8.82,1.47,6.0,0.314,1,0,1
2022,334,Dylan Floro,P,MIA,1,3,3.02,56,0,0,0,10,14,53.2,48,23,18,4,0,15,48,1.17,0.235,MIA,220,863,16.08,0,23,6,3,1,0,7,1.14,8.05,2.52,3.2,0.288,1,0,0
2022,334,Rony García,P,DET,3,3,4.41,16,8,0,0,0,0,51.0,40,27,25,9,4,13,48,1.04,0.213,DET,206,885,17.35,1,2,0,0,3,0,3,0.58,8.47,2.29,3.69,0.235,3,1,0
2022,334,Ian Gibaut,P,CIN,1,2,4.5,34,0,0,0,1,3,36.0,39,18,18,3,1,18,48,1.58,0.277,CIN,160,694,19.28,0,3,4,0,0,1,3,0.69,12.0,4.5,2.67,0.4,2,1,0
2022,334,Justin Lawrence,P,COL,3,1,5.7,38,0,0,0,1,3,42.2,44,27,27,3,1,22,48,1.55,0.265,COL,191,763,17.88,0,11,7,0,1,0,3,1.62,10.13,4.64,2.18,0.35,3,1,0
2022,334,Matt Manning,P,DET,2,3,3.43,12,12,0,0,0,0,63.0,55,27,24,6,1,19,48,1.17,0.231,DET,263,990,15.71,6,0,0,0,2,0,1,0.84,6.86,2.71,2.53,0.259,2,2,0
2022,334,Davis Martin,P,CWS,3,6,4.83,14,9,0,0,0,1,63.1,63,36,34,8,3,19,48,1.29,0.259,CWS,269,1044,16.48,2,1,0,1,3,0,4,0.75,6.82,2.7,2.53,0.293,4,0,1
2022,334,Aníbal Sánchez,P,WSH,4,6,4.28,14,14,0,0,0,0,69.1,55,34,33,13,4,33,48,1.27,0.217,WSH,292,1232,17.77,2,0,0,2,2,0,8,0.69,6.23,4.28,1.45,0.218,9,0,0
2022,342,Bryce Elder,P,ATL,2,4,3.17,10,9,1,1,0,0,54.0,44,19,19,4,3,23,47,1.24,0.222,ATL,227,873,16.17,3,1,0,1,0,0,5,1.29,7.83,3.83,2.04,0.268,6,1,0
2022,342,Wandy Peralta,P,NYY,3,4,2.72,56,0,0,0,4,9,56.1,42,19,17,2,1,17,47,1.05,0.208,NYY,223,816,14.49,0,18,9,1,2,1,8,1.52,7.51,2.72,2.76,0.26,0,0,1
2022,342,Reiver Sanmartin,P,CIN,4,4,6.32,45,4,0,0,0,0,57.0,66,43,40,8,0,29,47,1.67,0.293,CIN,256,1031,18.09,0,3,7,2,2,2,8,1.59,7.42,4.58,1.62,0.339,1,0,0
2022,342,Jackson Stephens,P,ATL,3,3,3.69,39,1,0,0,2,3,53.2,49,32,22,3,3,23,47,1.34,0.238,ATL,235,944,17.59,0,24,2,4,1,0,2,1.22,7.88,3.86,2.04,0.293,8,0,0
2022,342,Ryan Tepera,P,LAA,5,4,3.61,59,0,0,0,6,11,57.1,42,27,23,7,2,20,47,1.08,0.202,LAA,232,892,15.56,0,12,17,3,5,0,6,0.86,7.38,3.14,2.35,0.226,6,1,0
2022,342,Josh Winder,P,MIN,4,6,4.7,15,11,0,0,0,0,67.0,69,37,35,11,5,18,47,1.3,0.264,MIN,287,1114,16.63,4,0,0,0,2,0,4,0.61,6.31,2.42,2.61,0.282,10,2,0
2022,348,Jason Alexander,P,MIL,2,3,5.4,18,11,0,0,0,0,71.2,88,47,43,12,4,28,46,1.62,0.312,MIL,321,1160,16.19,1,3,0,0,1,0,10,1.67,5.78,3.52,1.64,0.329,3,4,0
2022,348,Andrés Machado,P,WSH,2,0,3.34,51,0,0,0,0,0,59.1,55,32,22,7,2,26,46,1.37,0.241,WSH,261,997,16.8,0,14,3,0,3,0,3,1.0,6.98,3.94,1.77,0.267,8,0,0
2022,348,Sam Moll,P,OAK,2,1,2.91,53,0,0,0,0,2,43.1,33,16,14,5,3,22,46,1.27,0.205,OAK,187,737,17.01,0,7,16,6,2,0,3,1.31,9.55,4.57,2.09,0.252,2,2,1
2022,348,Adam Oller,P,OAK,2,8,6.3,19,14,0,0,0,0,74.1,82,55,52,17,2,39,46,1.63,0.28,OAK,337,1294,17.41,3,3,1,0,4,0,7,0.55,5.57,4.72,1.18,0.28,2,2,2
2022,352,Cory Abbott,P,WSH,0,5,5.25,16,9,0,0,0,0,48.0,44,30,28,12,5,25,45,1.44,0.239,WSH,216,845,17.6,1,7,0,0,2,0,0,0.43,8.44,4.69,1.8,0.248,4,1,0
2022,352,Hunter Harvey,P,WSH,2,1,2.52,38,0,0,0,0,1,39.1,33,12,11,1,0,12,45,1.14,0.234,WSH,157,661,16.81,0,7,6,0,2,0,5,0.68,10.3,2.75,3.75,0.323,5,0,0
2022,352,Jeff Hoffman,P,CIN,2,0,3.83,35,1,0,0,0,1,44.2,40,22,19,5,3,23,45,1.41,0.235,CIN,197,848,18.99,0,7,1,1,3,0,0,0.37,9.07,4.63,1.96,0.289,5,4,0
2022,352,Dallas Keuchel,P,TEX,2,9,9.2,14,14,0,0,0,0,60.2,94,69,62,11,0,31,45,2.06,0.349,TEX,303,1165,19.2,2,0,0,2,3,0,6,1.56,6.68,4.6,1.45,0.384,0,2,0
2022,352,Joey Krehbiel,P,BAL,5,5,3.9,56,0,0,0,1,1,57.2,53,28,25,9,3,18,45,1.23,0.242,BAL,244,977,16.94,0,8,10,1,1,0,3,0.98,7.02,2.81,2.5,0.26,2,2,0
2022,352,Jimmy Lambert,P,CWS,1,2,3.26,42,2,0,0,0,1,47.0,40,18,17,4,1,24,45,1.36,0.227,CWS,204,818,17.4,0,7,10,0,5,0,2,0.59,8.62,4.6,1.88,0.279,8,1,0
2022,352,Dinelson Lamet,P,COL,1,2,6.12,32,0,0,0,0,2,32.1,30,23,22,4,4,19,45,1.52,0.242,COL,149,583,18.03,0,8,4,0,6,0,0,0.65,12.53,5.29,2.37,0.338,4,0,0
2022,352,Mike Mayers,P,LAA,1,1,5.68,24,3,0,0,0,1,50.2,52,35,32,15,2,18,45,1.38,0.259,LAA,223,890,17.57,0,7,1,0,3,0,5,0.74,7.99,3.2,2.5,0.259,3,0,0
2022,360,Víctor Arano,P,WSH,1,1,4.5,43,0,0,0,1,2,42.0,47,30,21,5,4,12,44,1.4,0.278,WSH,187,678,16.14,0,7,7,0,6,0,5,1.58,9.43,2.57,3.67,0.347,5,2,0
2022,360,Alex Faedo,P,DET,1,5,5.53,12,12,0,0,0,0,53.2,63,34,33,7,1,25,44,1.64,0.293,DET,244,967,18.02,1,0,0,0,2,0,3,0.56,7.38,4.19,1.76,0.335,7,3,0
2022,360,Trevor Gott,P,MIL,3,4,4.14,45,0,0,0,0,4,45.2,35,25,21,8,3,12,44,1.03,0.205,MIL,186,761,16.66,0,3,11,0,0,0,2,1.09,8.67,2.36,3.67,0.227,5,1,0
2022,360,Ian Kennedy,P,AZ,4,7,5.36,57,0,0,0,10,16,50.1,57,33,30,11,1,22,44,1.57,0.278,AZ,232,867,17.23,0,21,10,3,3,0,2,0.37,7.87,3.93,2.0,0.301,4,1,0
2022,360,Yunior Marte,P,SF,1,1,5.44,39,0,0,0,0,1,48.0,47,32,29,5,6,22,44,1.44,0.255,SF,214,856,17.83,0,10,2,0,3,0,4,1.21,8.25,4.13,2.0,0.307,1,1,0
2022,360,Tim Mayza,P,TOR,8,1,3.14,63,0,0,0,2,6,48.2,42,19,17,7,1,12,44,1.11,0.237,TOR,193,731,15.02,0,9,17,2,2,1,6,2.48,8.14,2.22,3.67,0.273,2,0,0
2022,360,Josh Winckowski,P,BOS,5,7,5.89,15,14,0,0,0,0,70.1,85,47,46,10,2,27,44,1.59,0.3,BOS,316,1194,16.98,3,1,0,1,0,0,7,1.63,5.63,3.45,1.63,0.322,4,1,1
2022,367,Aroldis Chapman,P,NYY,4,4,4.46,43,0,0,0,9,9,36.1,24,18,18,4,1,28,43,1.43,0.188,NYY,160,679,18.69,0,19,1,0,6,0,1,0.66,10.65,6.94,1.54,0.241,2,3,3
2022,367,Jason Foley,P,DET,1,0,3.88,60,0,0,0,0,1,60.1,72,27,26,2,2,11,43,1.38,0.298,DET,256,961,15.93,0,15,6,0,0,1,7,1.78,6.41,1.64,3.91,0.355,5,3,0
2022,367,Brusdar Graterol,P,LAD,2,4,3.26,46,1,0,0,4,5,49.2,39,20,18,3,3,10,43,0.99,0.215,LAD,197,675,13.59,0,12,10,1,0,0,5,2.52,7.79,1.81,4.3,0.261,1,0,0
2022,367,Josh Staumont,P,KC,3,3,6.45,42,0,0,0,3,6,37.2,37,28,27,3,1,29,43,1.75,0.261,KC,176,731,19.41,0,15,5,0,5,1,2,0.47,10.27,6.93,1.48,0.343,3,1,0
2022,371,Manny Banuelos,P,PIT,2,1,4.39,35,0,0,0,1,2,41.0,32,23,20,2,3,21,42,1.29,0.215,PIT,175,718,17.51,0,7,5,1,0,0,5,1.66,9.22,4.61,2.0,0.283,5,1,1
2022,371,Jake Bird,P,COL,2,4,4.91,38,0,0,0,0,1,47.2,45,29,26,7,4,23,42,1.43,0.249,COL,211,745,15.63,0,11,5,3,4,0,5,1.69,7.93,4.34,1.83,0.284,4,0,0
2022,371,Matt Foster,P,CWS,1,2,4.4,48,0,0,0,1,1,45.0,43,25,22,6,0,17,42,1.33,0.247,CWS,193,768,17.07,0,12,5,1,1,0,4,0.54,8.4,3.4,2.47,0.291,3,0,0
2022,371,Zach Logue,P,OAK,3,8,6.79,14,10,0,0,0,0,57.0,68,44,43,13,2,20,42,1.54,0.293,OAK,257,1022,17.93,2,1,0,0,0,0,2,0.58,6.63,3.16,2.1,0.309,3,1,0
2022,371,Ryan Pepiot,P,LAD,3,0,3.47,9,7,0,0,0,0,36.1,26,15,14,6,3,27,42,1.46,0.2,LAD,160,737,20.28,1,0,0,0,1,0,4,0.38,10.4,6.69,1.56,0.244,1,0,0
2022,376,Jeurys Familia,P,BOS,2,3,6.09,48,0,0,0,0,3,44.1,58,34,30,7,2,22,41,1.8,0.322,BOS,204,817,18.43,0,8,7,2,1,0,7,1.19,8.32,4.47,1.86,0.386,2,3,0
2022,376,Corey Knebel,P,PHI,3,5,3.43,46,0,0,0,12,16,44.2,33,22,17,4,2,28,41,1.37,0.202,PHI,194,795,17.8,0,29,2,3,2,0,1,0.73,8.26,5.64,1.46,0.244,4,2,1
2022,376,Joel Payamps,P,OAK,3,6,3.23,41,0,0,0,0,2,55.2,60,24,20,7,2,16,41,1.37,0.273,OAK,241,952,17.1,0,16,3,2,3,0,6,1.44,6.63,2.59,2.56,0.305,3,1,0
2022,376,Aaron Sanchez,P,MIN,3,4,6.6,15,10,0,0,0,0,60.0,78,46,44,8,5,15,41,1.55,0.324,MIN,265,1006,16.77,0,2,0,1,2,0,11,1.47,6.15,2.25,2.73,0.359,5,4,1
2022,376,Nick Sandlin,P,CLE,5,2,2.25,46,0,0,0,0,3,44.0,27,13,11,2,3,24,41,1.16,0.176,CLE,180,740,16.82,0,11,7,3,1,0,5,1.5,8.39,4.91,1.71,0.227,5,0,0
2022,376,Jordan Weems,P,WSH,0,1,5.22,32,0,0,0,0,0,39.2,35,24,23,7,0,12,41,1.18,0.23,WSH,166,738,18.61,0,3,0,1,4,1,2,0.56,9.3,2.72,3.42,0.267,0,0,0
2022,382,Huascar Brazobán,P,MIA,1,1,3.09,27,0,0,0,0,1,32.0,26,13,11,3,2,21,40,1.47,0.222,MIA,141,631,19.72,0,2,4,1,7,0,3,1.6,11.25,5.91,1.9,0.311,2,2,0
2022,382,Garrett Hill,P,DET,3,3,4.03,17,8,0,0,0,0,60.1,53,29,27,8,4,29,40,1.36,0.231,DET,263,1019,16.89,2,1,2,0,2,0,4,0.65,5.97,4.33,1.38,0.247,4,1,0
2022,382,Brett Martin,P,TEX,1,7,4.14,55,1,0,0,3,7,50.0,50,27,23,4,0,18,40,1.36,0.26,TEX,212,750,15.0,0,20,7,3,7,0,7,1.6,7.2,3.24,2.22,0.309,3,0,0
2022,382,Hirokazu Sawamura,P,BOS,1,1,3.73,49,0,0,0,0,0,50.2,45,23,21,4,0,27,40,1.42,0.238,BOS,221,838,16.54,0,11,3,2,8,0,7,1.37,7.11,4.8,1.48,0.273,1,1,0
2022,382,Devin Smeltzer,P,MIN,5,2,3.71,15,12,0,0,0,1,70.1,67,30,29,13,1,19,40,1.22,0.253,MIN,287,1129,16.05,6,1,0,0,2,0,9,0.76,5.12,2.43,2.11,0.254,0,2,1
2022,382,Peter Strzelecki,P,MIL,2,1,2.83,30,0,0,0,1,3,35.0,28,13,11,2,1,15,40,1.23,0.22,MIL,148,605,17.29,0,13,4,2,0,0,1,0.56,10.29,3.86,2.67,0.295,2,0,0
2022,382,Art Warren,P,CIN,2,3,6.5,39,0,0,0,3,6,36.0,37,29,26,6,2,22,40,1.64,0.264,CIN,165,655,18.19,0,15,4,1,0,0,4,0.73,10.0,5.5,1.82,0.326,9,1,0
2022,389,Tyler Beede,P,PIT,2,5,5.14,31,5,0,0,0,1,61.1,71,37,35,7,5,29,39,1.63,0.284,PIT,285,1072,17.48,0,6,3,2,5,0,4,1.31,5.72,4.26,1.34,0.312,7,2,0
2022,389,Jharel Cotton,P,SF,4,2,3.56,30,0,0,0,0,2,43.0,34,20,17,7,2,20,39,1.26,0.218,SF,181,741,17.23,0,9,2,0,3,0,3,0.43,8.16,4.19,1.95,0.239,5,1,0
2022,389,Tyler Duffey,P,MIN,2,4,4.91,40,0,0,0,2,5,44.0,45,24,24,8,1,15,39,1.36,0.268,MIN,185,741,16.84,0,10,9,1,2,0,5,1.36,7.98,3.07,2.6,0.303,1,1,0
2022,389,Zack Littell,P,SF,3,3,5.08,39,0,0,0,1,1,44.1,48,25,25,8,1,13,39,1.38,0.276,SF,190,758,17.1,0,7,5,0,1,0,4,0.98,7.92,2.64,3.0,0.31,0,0,0
2022,389,Dauri Moreta,P,CIN,0,2,5.4,35,1,0,0,1,1,38.1,32,24,23,10,4,13,39,1.17,0.227,CIN,160,613,15.99,0,17,1,1,1,0,3,0.6,9.16,3.05,3.0,0.234,0,0,0
2022,389,Ryan Thompson,P,TB,3,3,3.8,47,0,0,0,3,8,42.2,39,24,18,4,2,11,39,1.17,0.234,TB,181,679,15.91,0,7,10,2,1,1,2,1.5,8.23,2.32,3.55,0.282,4,0,0
2022,395,Albert Abreu,P,NYY,2,2,3.26,33,0,0,0,0,1,38.2,35,15,14,5,3,22,38,1.47,0.243,NYY,172,707,18.28,0,11,1,0,6,0,5,1.64,8.84,5.12,1.73,0.291,1,2,1
2022,395,Pete Fairbanks,P,TB,0,0,1.13,24,0,0,0,8,8,24.0,13,3,3,1,0,3,38,0.67,0.159,TB,87,352,14.67,0,10,6,0,0,0,1,1.29,14.25,1.13,12.67,0.273,3,0,0
2022,395,Brad Hand,P,PHI,3,2,2.8,55,0,0,0,5,7,45.0,37,18,14,2,6,23,38,1.33,0.223,PHI,198,817,18.16,0,15,13,1,1,0,3,0.96,7.6,4.6,1.65,0.273,3,0,0
2022,395,Seth Martinez,P,HOU,1,1,2.09,29,0,0,0,0,0,38.2,26,10,9,3,1,14,38,1.03,0.187,HOU,155,592,15.31,0,7,3,1,0,0,3,0.77,8.84,3.26,2.71,0.235,2,1,0
2022,395,Reyes Moronta,P,AZ,2,2,4.3,39,0,0,0,2,4,37.2,30,20,18,5,2,18,38,1.27,0.214,AZ,161,641,17.02,0,14,4,1,8,0,3,0.49,9.08,4.3,2.11,0.255,3,0,0
2022,395,Austin Pruitt,P,OAK,0,1,4.23,39,1,0,0,1,3,55.1,48,29,26,11,1,9,38,1.03,0.226,OAK,224,809,14.62,0,14,2,0,0,0,1,1.1,6.18,1.46,4.22,0.224,3,2,0
2022,395,Cole Sulser,P,MIA,1,4,5.29,39,0,0,0,2,5,34.0,39,23,20,6,0,16,38,1.62,0.295,MIA,149,619,18.21,0,14,5,1,0,0,5,1.33,10.06,4.24,2.38,0.375,2,2,1
2022,395,Luke Weaver,P,KC,1,1,6.56,26,1,0,0,0,0,35.2,52,29,26,1,3,13,38,1.82,0.335,KC,174,721,20.21,0,15,0,0,2,0,2,0.74,9.59,3.28,2.92,0.429,2,0,0
2022,403,Max Castillo,P,KC,0,2,5.95,14,6,0,0,0,0,39.1,38,28,26,8,2,15,37,1.35,0.252,KC,170,697,17.72,0,4,0,0,2,0,3,1.23,8.47,3.43,2.47,0.28,3,1,0
2022,403,Jhoulys Chacín,P,COL,4,2,7.61,35,0,0,0,0,0,47.1,55,44,40,7,2,21,37,1.61,0.282,COL,219,786,16.61,0,7,2,0,3,0,4,0.89,7.04,3.99,1.76,0.316,1,0,0
2022,403,Caleb Ferguson,P,LAD,1,0,1.82,37,1,0,0,0,0,34.2,23,9,7,1,2,17,37,1.15,0.187,LAD,142,580,16.73,0,3,8,0,0,0,3,0.8,9.61,4.41,2.18,0.259,1,1,1
2022,403,Jonathan Loáisiga,P,NYY,2,3,4.13,50,0,0,0,2,3,48.0,43,25,22,3,0,19,37,1.29,0.234,NYY,203,761,15.85,0,9,10,1,0,0,6,1.97,6.94,3.56,1.95,0.278,3,0,0
2022,403,David Price,P,LAD,2,0,2.45,40,0,0,0,2,4,40.1,38,11,11,6,0,9,37,1.17,0.242,LAD,167,596,14.78,0,13,4,2,0,0,3,1.77,8.26,2.01,4.11,0.281,2,0,0
2022,403,Trent Thornton,P,TOR,0,2,4.11,32,0,0,0,0,1,46.0,40,21,21,7,1,17,37,1.24,0.237,TOR,189,664,14.43,0,6,3,0,1,0,6,0.74,7.24,3.33,2.18,0.26,3,0,0
2022,409,Tommy Henry,P,AZ,3,4,5.36,9,9,0,0,0,0,47.0,47,28,28,10,3,21,36,1.45,0.263,AZ,205,773,16.45,2,0,0,1,3,0,5,0.92,6.89,4.02,1.71,0.276,2,0,0
2022,409,Tyler Matzek,P,ATL,4,2,3.5,42,0,0,0,1,1,43.2,26,21,17,3,2,29,36,1.26,0.173,ATL,184,713,16.33,0,6,8,2,7,0,3,0.6,7.42,5.98,1.24,0.202,3,1,0
2022,409,Tanner Rainey,P,WSH,1,3,3.3,29,0,0,0,12,16,30.0,26,16,11,5,0,13,36,1.3,0.228,WSH,128,521,17.37,0,20,1,0,1,0,1,0.33,10.8,3.9,2.77,0.284,3,0,0
2022,409,Garrett Richards,P,TEX,1,1,5.27,32,2,0,0,1,1,42.2,44,28,25,3,3,13,36,1.34,0.262,TEX,185,708,16.59,0,11,3,0,2,0,4,1.34,7.59,2.74,2.77,0.315,4,1,0
2022,409,Matt Swarmer,P,CHC,2,3,5.03,11,5,0,0,0,0,34.0,33,26,19,12,0,20,36,1.56,0.25,CHC,153,657,19.32,2,2,0,1,1,0,1,0.88,9.53,5.29,1.8,0.247,3,1,0
2022,414,Carlos Hernández,P,KC,0,5,7.39,27,7,0,0,0,0,56.0,72,48,46,7,1,31,35,1.84,0.314,KC,266,1035,18.48,0,4,1,1,3,0,4,0.67,5.63,4.98,1.13,0.339,4,1,0
2022,414,Mark Melancon,P,AZ,3,10,4.66,62,0,0,0,18,21,56.0,63,37,29,5,1,21,35,1.5,0.281,AZ,247,886,15.82,0,48,1,2,6,0,5,0.95,5.63,3.38,1.67,0.315,3,1,0
2022,414,Kirby Snead,P,OAK,1,1,5.84,46,0,0,0,1,3,44.2,56,31,29,5,2,22,35,1.75,0.308,OAK,210,780,17.46,0,14,5,3,3,0,4,0.83,7.05,4.43,1.59,0.352,7,2,2
2022,414,Craig Stammen,P,SD,1,2,4.43,33,1,0,0,0,1,40.2,45,22,20,9,2,10,35,1.35,0.28,SD,177,701,17.24,0,9,2,0,3,0,3,1.71,7.75,2.21,3.5,0.3,5,1,0
2022,414,Cristopher Sánchez,P,PHI,2,2,5.63,15,3,0,0,1,1,40.0,38,25,25,5,4,17,35,1.38,0.244,PHI,177,662,16.55,1,3,2,1,0,0,1,1.59,7.88,3.83,2.06,0.284,1,1,0
2022,414,Matt Wisler,P,TB,3,3,2.25,39,5,0,0,1,4,44.0,30,18,11,6,0,14,35,1.0,0.189,TB,176,749,17.02,0,10,7,1,1,1,2,0.43,7.16,2.86,2.5,0.202,3,0,0
2022,420,Matt Barnes,P,BOS,0,4,4.31,44,0,0,0,8,10,39.2,36,22,19,2,3,21,34,1.44,0.24,BOS,176,693,17.47,0,16,4,1,4,0,4,0.71,7.71,4.76,1.62,0.296,5,0,0
2022,420,Jose Cuas,P,KC,4,2,3.58,47,0,0,0,1,1,37.2,39,18,15,2,6,24,34,1.67,0.264,KC,180,687,18.24,0,4,11,2,1,0,1,1.2,8.12,5.73,1.42,0.327,3,1,0
2022,420,Dany Jiménez,P,OAK,3,4,3.41,34,0,0,0,11,14,34.1,23,16,13,2,0,18,34,1.19,0.183,OAK,145,539,15.7,0,22,4,4,2,0,0,0.71,8.91,4.72,1.89,0.231,9,0,0
2022,423,Yency Almonte,P,LAD,0,0,1.02,33,0,0,0,1,2,35.1,18,4,4,2,4,10,33,0.79,0.15,LAD,135,466,13.19,0,3,9,1,0,0,4,1.19,8.41,2.55,3.3,0.186,2,0,0
2022,423,Tucker Davidson,P,LAA,2,7,6.75,12,11,0,0,0,0,52.0,54,39,39,7,3,35,33,1.71,0.266,LAA,243,912,17.54,1,1,0,0,1,0,5,0.9,5.71,6.06,0.94,0.285,3,1,0
2022,423,Jack Flaherty,P,STL,2,1,4.25,9,8,0,0,0,0,36.0,36,18,17,4,5,22,33,1.61,0.259,STL,167,662,18.39,2,0,0,0,0,0,6,1.09,8.25,5.5,1.5,0.314,1,0,0
2022,423,Sam Long,P,SF,1,3,3.61,28,6,0,0,1,1,42.1,39,23,17,8,1,14,33,1.25,0.238,SF,181,739,17.46,0,12,0,1,3,0,2,0.81,7.02,2.98,2.36,0.25,1,0,0
2022,423,Oliver Ortega,P,LAA,1,3,3.71,27,0,0,0,1,1,34.0,32,18,14,5,1,18,33,1.47,0.25,LAA,148,567,16.68,0,7,5,0,5,0,4,1.29,8.74,4.76,1.83,0.3,4,2,0
2022,423,Ken Waldichuk,P,OAK,2,2,4.93,7,7,0,0,0,0,34.2,32,19,19,5,4,10,33,1.21,0.244,OAK,146,586,16.9,1,0,0,0,1,0,4,0.76,8.57,2.6,3.3,0.287,2,0,0
2022,423,Hayden Wesneski,P,CHC,3,2,2.18,6,4,0,0,0,0,33.0,24,9,8,3,3,7,33,0.94,0.198,CHC,132,495,15.0,3,1,0,0,0,0,0,0.97,9.0,1.91,4.71,0.244,3,2,0
2022,430,Richard Bleier,P,MIA,2,2,3.55,55,1,0,0,1,5,50.2,63,22,20,3,1,10,32,1.44,0.301,MIA,222,768,15.16,0,12,7,3,3,3,2,1.76,5.68,1.78,3.2,0.343,3,1,2
2022,430,Génesis Cabrera,P,STL,4,2,4.63,39,0,0,0,1,2,44.2,39,24,23,8,4,20,32,1.32,0.231,STL,194,736,16.48,0,4,13,3,1,0,3,1.15,6.45,4.03,1.6,0.238,1,1,1
2022,430,Humberto Castellanos,P,AZ,3,2,5.68,11,9,0,0,0,0,44.1,50,29,28,7,4,12,32,1.4,0.289,AZ,194,748,16.87,0,1,0,0,2,0,3,0.58,6.5,2.44,2.67,0.312,1,0,0
2022,430,Garrett Cleavinger,P,TB,1,1,3.91,17,0,0,0,0,1,23.0,14,12,10,2,1,7,32,0.91,0.171,TB,92,347,15.09,0,3,1,0,0,0,0,0.81,12.52,2.74,4.57,0.245,0,0,0
2022,430,Alex Colomé,P,COL,2,7,5.74,53,0,0,0,4,7,47.0,57,36,30,5,0,22,32,1.68,0.3,COL,215,803,17.09,0,13,7,2,4,1,5,2.32,6.13,4.21,1.45,0.335,7,1,0
2022,430,Tyler Danish,P,BOS,3,1,5.13,32,0,0,0,0,0,40.1,40,24,23,7,4,12,32,1.29,0.255,BOS,173,664,16.46,0,10,3,0,1,0,4,1.36,7.14,2.68,2.67,0.28,2,0,1
2022,430,Spencer Howard,P,TEX,2,4,7.41,10,8,0,0,0,0,37.2,50,33,31,12,1,15,32,1.73,0.309,TEX,179,692,18.37,0,0,0,1,1,1,1,0.72,7.65,3.58,2.13,0.319,4,0,1
2022,430,Wily Peralta,P,DET,2,0,2.58,28,1,0,0,0,1,38.1,34,12,11,2,1,24,32,1.51,0.241,DET,168,694,18.1,0,6,2,0,1,0,7,0.97,7.51,5.63,1.33,0.294,2,0,0
2022,430,Yohan Ramírez,P,PIT,4,1,4.58,30,0,0,0,1,2,37.1,32,19,19,4,6,20,32,1.39,0.23,PIT,167,620,16.61,0,16,3,1,2,0,2,1.2,7.71,4.82,1.6,0.272,1,0,1
2022,430,Josh Sborz,P,TEX,1,0,6.45,19,1,0,0,0,1,22.1,25,16,16,4,0,11,32,1.61,0.284,TEX,100,419,18.76,0,6,1,1,2,0,0,0.68,12.9,4.43,2.91,0.396,5,2,0
2022,440,Miguel Castro,P,NYY,5,0,4.03,34,0,0,0,0,1,29.0,27,16,13,2,4,15,31,1.45,0.243,NYY,131,522,18.0,0,2,9,0,2,0,1,0.96,9.62,4.66,2.07,0.321,3,2,1
2022,440,Packy Naughton,P,STL,0,2,4.78,26,3,0,0,1,2,32.0,39,17,17,3,1,7,31,1.44,0.295,STL,141,562,17.56,0,5,3,1,1,0,2,1.86,8.72,1.97,4.43,0.367,0,0,0
2022,442,Javier Assad,P,CHC,2,2,3.11,9,8,0,0,0,0,37.2,35,14,13,4,0,20,30,1.46,0.24,CHC,166,690,18.32,1,0,0,0,1,0,1,0.84,7.17,4.78,1.5,0.277,5,2,0
2022,442,Anthony Banda,P,NYY,1,1,6.75,32,1,0,0,0,1,26.2,43,20,20,4,2,13,30,2.1,0.361,NYY,135,551,20.66,0,3,2,2,1,0,1,0.74,10.13,4.39,2.31,0.453,3,1,0
2022,442,Shane Baz,P,TB,1,2,5.0,6,6,0,0,0,0,27.0,27,15,15,5,1,9,30,1.33,0.252,TB,117,444,16.44,2,0,0,0,2,0,2,1.0,10.0,3.0,3.33,0.306,1,0,0
2022,442,Aaron Bummer,P,CWS,2,1,2.36,32,0,0,0,2,6,26.2,30,11,7,2,2,10,30,1.5,0.288,CWS,117,457,17.14,0,3,10,0,0,0,3,2.75,10.13,3.38,3.0,0.384,2,1,1
2022,442,Kevin Ginkel,P,AZ,1,1,3.38,30,0,0,0,1,3,29.1,27,14,11,1,1,11,30,1.3,0.243,AZ,124,479,16.33,0,3,5,0,1,0,5,1.2,9.2,3.38,2.73,0.321,1,0,0
2022,442,Daniel Hudson,P,LAD,2,3,2.22,25,0,0,0,5,6,24.1,17,7,6,1,2,5,30,0.9,0.193,LAD,97,406,16.68,0,8,9,0,4,0,1,1.26,11.1,1.85,6.0,0.276,0,0,0
2022,442,John King,P,TEX,1,4,4.03,39,0,0,0,0,5,51.1,61,27,23,5,1,14,30,1.46,0.298,TEX,222,749,14.59,0,5,8,3,2,0,6,2.41,5.26,2.45,2.14,0.327,4,0,0
2022,442,Trevor May,P,NYM,2,0,5.04,26,0,0,0,1,1,25.0,27,14,14,4,0,9,30,1.44,0.265,NYM,111,465,18.6,0,6,6,0,0,0,0,0.61,10.8,3.24,3.33,0.338,2,0,0
2022,442,Kyle Nelson,P,AZ,2,1,2.19,43,1,0,0,0,0,37.0,26,10,9,1,3,14,30,1.08,0.194,AZ,151,593,16.03,0,4,10,0,1,0,3,0.81,7.3,3.41,2.14,0.243,1,1,1
2022,451,Ty Blach,P,COL,1,0,5.89,24,1,0,0,1,2,44.1,51,29,29,4,2,11,29,1.4,0.291,COL,193,674,15.2,0,10,0,2,1,0,3,1.08,5.89,2.23,2.64,0.322,0,0,0
2022,451,Josh Fleming,P,TB,2,5,6.43,10,3,0,0,0,0,35.0,54,36,25,5,1,12,29,1.89,0.348,TB,169,662,18.91,0,1,0,1,0,0,4,2.48,7.46,3.09,2.42,0.402,0,2,0
2022,451,Vladimir Gutierrez,P,CIN,1,6,7.61,10,8,0,0,0,0,36.2,46,31,31,8,6,24,29,1.91,0.313,CIN,179,684,18.65,0,0,0,1,2,0,4,0.68,7.12,5.89,1.21,0.339,3,1,0
2022,451,Dustin May,P,LAD,2,3,4.5,6,6,0,0,0,0,30.0,21,17,15,3,5,14,29,1.17,0.194,LAD,127,474,15.8,1,0,0,0,0,0,3,1.42,8.7,4.2,2.07,0.237,5,0,0
2022,451,Chasen Shreve,P,NYM,1,1,6.49,25,0,0,0,0,1,26.1,27,19,19,6,0,10,29,1.41,0.262,NYM,114,474,18.0,0,4,4,1,2,0,0,0.78,9.91,3.42,2.9,0.304,1,2,1
2022,456,Joe Barlow,P,TEX,3,1,3.86,35,0,0,0,13,17,35.0,27,18,15,5,4,13,28,1.14,0.213,TEX,146,554,15.83,0,26,0,0,0,0,2,0.61,7.2,3.34,2.15,0.229,1,1,0
2022,456,Jeff Brigham,P,MIA,0,1,3.38,16,0,0,0,1,1,24.0,22,10,9,3,0,10,28,1.33,0.244,MIA,101,419,17.46,0,2,3,0,1,0,1,0.32,10.5,3.75,2.8,0.322,5,1,0
2022,456,Ross Detwiler,P,CIN,0,2,4.44,30,0,0,0,1,1,26.1,31,13,13,5,3,10,28,1.56,0.287,CIN,122,471,17.89,0,7,1,2,0,0,1,0.85,9.57,3.42,2.8,0.342,0,0,0
2022,456,Anthony Gose,P,CLE,3,0,4.71,22,0,0,0,0,1,21.0,15,13,11,4,1,14,28,1.38,0.197,CLE,92,389,18.52,0,3,0,1,2,0,1,0.55,12.0,6.0,2.0,0.244,0,0,0
2022,456,Sean Hjelle,P,SF,1,2,5.76,8,0,0,0,0,0,25.0,33,19,16,3,1,8,28,1.64,0.311,SF,115,474,18.96,0,0,1,0,1,0,5,2.75,10.08,2.88,3.5,0.4,0,0,0
2022,456,Daulton Jefferies,P,OAK,1,7,5.72,8,8,0,0,0,0,39.1,46,26,25,4,2,8,28,1.37,0.286,OAK,172,611,15.53,2,0,0,0,3,0,3,0.96,6.41,1.83,3.5,0.323,1,1,0
2022,456,Matthew Liberatore,P,STL,2,2,5.97,9,7,0,0,0,0,34.2,42,23,23,5,1,18,28,1.73,0.304,STL,161,650,18.75,0,1,1,0,5,0,5,0.85,7.27,4.67,1.56,0.346,1,0,0
2022,456,Wade Miley,P,CHC,2,2,3.16,9,8,0,0,0,0,37.0,31,20,13,3,2,14,28,1.22,0.218,CHC,159,566,15.3,2,0,0,0,1,0,3,1.27,6.81,3.41,2.0,0.25,2,1,0
2022,456,Adrian Morejon,P,SD,5,1,4.24,26,0,0,0,0,0,34.0,31,18,16,4,1,9,28,1.18,0.238,SD,141,540,15.88,0,6,5,1,0,0,4,0.47,7.41,2.38,3.11,0.273,2,0,0
2022,456,Sean Newcomb,P,CHC,2,1,8.78,20,1,0,0,0,0,27.2,33,28,27,8,0,19,28,1.88,0.287,CHC,134,552,19.95,0,2,2,0,2,0,1,0.74,9.11,6.18,1.47,0.316,3,1,0
2022,456,Cole Sands,P,MIN,0,3,5.87,11,3,0,0,1,1,30.2,35,21,20,4,5,13,28,1.57,0.276,MIN,145,603,19.66,0,5,0,0,1,0,2,0.83,8.22,3.82,2.15,0.326,5,0,0
2022,456,Nick Vespi,P,BAL,5,0,4.1,25,0,0,0,1,2,26.1,29,12,12,5,1,8,28,1.41,0.284,BAL,112,446,16.94,0,4,1,1,0,0,5,1.3,9.57,2.73,3.5,0.343,3,0,0
2022,468,Jandel Gustave,P,MIL,2,0,3.86,27,0,0,0,0,0,28.0,25,13,12,4,2,11,27,1.29,0.236,MIL,120,466,16.64,0,6,2,0,2,1,3,1.04,8.68,3.54,2.45,0.276,0,1,0
2022,468,Jonathan Hernández,P,TEX,2,3,2.97,29,0,0,0,4,6,30.1,26,14,10,2,1,17,27,1.42,0.232,TEX,131,511,16.85,0,16,3,3,5,1,3,2.75,8.01,5.04,1.59,0.289,0,2,0
2022,468,Tyler Kinley,P,COL,1,1,0.75,25,0,0,0,0,0,24.0,21,5,2,0,1,6,27,1.13,0.226,COL,100,376,15.67,0,3,10,0,2,0,1,0.73,10.13,2.25,4.5,0.318,5,0,0
2022,468,Anthony Misiewicz,P,KC,1,2,4.34,32,0,0,0,0,0,29.0,27,15,14,4,0,10,27,1.28,0.248,KC,121,465,16.03,0,10,4,2,1,0,4,0.84,8.38,3.1,2.7,0.291,0,0,0
2022,468,Kaleb Ort,P,BOS,1,2,6.35,25,0,0,0,1,2,28.1,35,23,20,4,2,15,27,1.76,0.302,BOS,134,529,18.67,0,6,1,2,1,0,2,0.53,8.58,4.76,1.8,0.36,5,1,0
2022,468,Cole Ragans,P,TEX,0,3,4.95,9,9,0,0,0,0,40.0,43,24,22,6,0,16,27,1.48,0.272,TEX,174,706,17.65,0,0,0,0,2,0,5,0.73,6.08,3.6,1.69,0.296,3,2,0
2022,468,Zack Thompson,P,STL,1,1,2.08,22,1,0,0,1,1,34.2,20,9,8,3,0,14,27,0.98,0.164,STL,136,575,16.59,0,4,1,0,1,0,1,1.78,7.01,3.63,1.93,0.185,1,0,0
2022,468,Joey Wentz,P,DET,2,2,3.03,7,7,0,0,0,0,32.2,23,13,11,2,1,13,27,1.1,0.195,DET,135,555,16.99,1,0,0,0,2,0,0,0.78,7.44,3.58,2.08,0.228,0,1,1
2022,476,Yerry De los Santos,P,PIT,0,3,4.91,26,0,0,0,3,5,25.2,22,18,14,3,1,11,26,1.29,0.224,PIT,112,449,17.49,0,13,2,1,0,0,1,1.43,9.12,3.86,2.36,0.275,4,1,0
2022,476,Louis Head,P,BAL,0,0,6.28,28,0,0,0,1,1,28.2,32,20,20,4,5,15,26,1.64,0.274,BAL,138,546,19.05,0,9,1,1,2,0,3,0.44,8.16,4.71,1.73,0.322,1,0,0
2022,476,Kirk McCarty,P,CLE,4,3,4.54,13,2,0,0,0,1,37.2,37,23,19,11,1,13,26,1.33,0.259,CLE,159,574,15.24,0,6,0,1,0,0,3,0.78,6.21,3.11,2.0,0.241,0,2,1
2022,476,Wyatt Mills,P,KC,0,1,4.6,27,0,0,0,0,0,29.1,26,15,15,1,5,13,26,1.33,0.243,KC,128,503,17.15,0,3,4,2,3,0,3,1.07,7.98,3.99,2.0,0.305,2,1,0
2022,476,Darren O'Day,P,ATL,2,2,4.15,28,0,0,0,0,1,21.2,19,12,10,3,1,10,26,1.34,0.238,ATL,94,385,17.77,0,3,5,2,0,0,1,0.81,10.8,4.15,2.6,0.296,4,0,0
2022,476,Dillon Peters,P,PIT,5,2,4.58,22,4,0,0,0,0,39.1,35,20,20,5,0,17,26,1.32,0.241,PIT,165,634,16.12,0,2,3,0,1,0,2,0.89,5.95,3.89,1.53,0.259,1,1,0
2022,476,Michael Pineda,P,DET,2,7,5.79,11,11,0,0,0,0,46.2,58,31,30,13,0,8,26,1.41,0.304,DET,200,731,15.66,1,0,0,0,0,0,4,0.8,5.01,1.54,3.25,0.294,5,2,0
2022,476,Touki Toussaint,P,LAA,1,1,4.62,8,2,0,0,0,0,25.1,15,13,13,2,4,19,26,1.34,0.176,LAA,108,431,17.01,0,2,0,0,2,0,5,1.59,9.24,6.75,1.37,0.228,2,1,0
2022,484,J.P. Feyereisen,P,TB,4,0,0.0,22,2,0,0,1,2,24.1,7,1,0,0,0,5,25,0.49,0.086,TB,86,344,14.14,0,3,7,0,0,0,1,0.53,9.25,1.85,5.0,0.125,0,0,0
2022,484,Tim Hill,P,SD,3,0,3.56,55,0,0,0,0,0,48.0,45,20,19,1,4,14,25,1.23,0.251,SD,199,745,15.52,0,21,7,1,1,0,7,1.52,4.69,2.63,1.79,0.284,1,0,0
2022,484,Jake McGee,P,WSH,1,3,6.81,42,0,0,0,3,7,37.0,41,29,28,6,0,12,25,1.43,0.275,WSH,163,629,17.0,0,11,4,1,1,0,1,0.37,6.08,2.92,2.08,0.294,1,0,0
2022,484,Zach Pop,P,TOR,4,0,2.77,35,0,0,0,0,0,39.0,41,13,12,2,2,4,25,1.15,0.272,TOR,157,536,13.74,0,7,3,0,1,0,3,1.43,5.77,0.92,6.25,0.315,1,1,0
2022,484,Elvin Rodríguez,P,DET,0,4,10.62,7,5,0,0,0,0,29.2,42,35,35,12,1,15,25,1.92,0.331,DET,143,534,18.0,0,0,0,1,1,0,3,0.82,7.58,4.55,1.67,0.333,0,0,0
2022,484,Eric Stout,P,PIT,0,0,5.64,20,0,0,0,1,2,22.1,25,15,14,2,3,16,25,1.84,0.275,PIT,110,450,20.15,0,4,1,1,2,0,1,0.52,10.07,6.45,1.56,0.359,0,0,0
2022,490,Michael Grove,P,LAD,1,0,4.6,7,6,0,0,0,0,29.1,32,21,15,6,0,10,24,1.43,0.26,LAD,133,472,16.09,0,1,0,1,2,0,1,0.86,7.36,3.07,2.4,0.28,6,0,0
2022,490,Colin Holderman,P,PIT,5,0,3.81,24,0,0,0,0,0,28.1,20,14,12,0,4,14,24,1.2,0.206,PIT,118,432,15.25,0,6,2,1,0,0,5,0.81,7.62,4.45,1.71,0.267,0,0,0
2022,490,Drey Jameson,P,AZ,3,0,1.48,4,4,0,0,0,0,24.1,20,4,4,2,1,7,24,1.11,0.222,AZ,98,369,15.16,3,0,0,0,1,0,3,1.88,8.88,2.59,3.43,0.281,2,0,0
2022,490,Andrew Nardi,P,MIA,1,1,9.82,13,0,0,0,0,0,14.2,25,17,16,5,0,14,24,2.66,0.362,MIA,83,374,25.5,0,5,1,0,1,0,0,0.33,14.73,8.59,1.71,0.5,0,0,0
2022,490,Chase Silseth,P,LAA,1,3,6.59,7,7,0,0,0,0,28.2,33,21,21,7,1,12,24,1.57,0.287,LAA,129,501,17.48,1,0,0,0,2,0,3,1.36,7.53,3.77,2.0,0.31,3,0,0
2022,490,Jake Woodford,P,STL,4,0,2.23,27,1,0,0,0,0,48.1,43,13,12,1,1,11,24,1.12,0.249,STL,188,697,14.42,0,16,1,1,3,0,10,1.27,4.47,2.05,2.18,0.278,1,0,0
2022,496,Chase Anderson,P,CIN,2,4,6.38,9,7,0,0,0,0,24.0,17,18,17,3,3,15,23,1.33,0.205,CIN,103,493,20.54,0,1,0,0,0,0,1,1.25,8.63,5.63,1.53,0.237,2,2,0
2022,496,Mike Baumann,P,BAL,1,3,4.72,13,4,0,0,0,0,34.1,43,19,18,3,2,9,23,1.51,0.314,BAL,149,580,16.89,0,2,1,0,1,0,5,1.12,6.03,2.36,2.56,0.357,1,3,0
2022,496,José Cisnero,P,DET,1,0,1.08,28,0,0,0,0,0,25.0,15,4,3,0,1,19,23,1.36,0.176,DET,105,430,17.2,0,6,5,0,1,0,4,0.52,8.28,6.84,1.21,0.242,0,0,1
2022,496,Trevor Kelley,P,MIL,1,0,6.08,18,0,0,0,0,1,23.2,25,17,16,7,2,9,23,1.44,0.26,MIL,107,460,19.44,0,8,2,0,0,0,0,0.66,8.75,3.42,2.56,0.273,2,0,0
2022,496,Julian Merryweather,P,TOR,0,3,6.75,26,1,0,0,0,1,26.2,31,20,20,4,2,7,23,1.43,0.292,TOR,119,417,15.64,0,6,1,1,1,0,2,1.15,7.76,2.36,3.29,0.333,2,0,0
2022,496,Cody Morris,P,CLE,1,2,2.28,7,5,0,0,0,0,23.2,21,8,6,3,0,12,23,1.39,0.241,CLE,100,404,17.07,1,0,1,0,1,0,2,0.76,8.75,4.56,1.92,0.29,5,2,0
2022,496,Chad Smith,P,COL,0,1,7.5,15,0,0,0,0,1,18.0,16,15,15,2,2,15,23,1.72,0.239,COL,85,337,18.72,0,2,0,0,3,0,0,1.42,11.5,7.5,1.53,0.326,1,2,0
2022,503,Hunter Brown,P,HOU,2,0,0.89,7,2,0,0,0,0,20.1,15,2,2,0,0,7,22,1.08,0.205,HOU,80,309,15.2,2,0,2,0,0,0,2,2.6,9.74,3.1,3.14,0.294,1,1,0
2022,503,Tommy Hunter,P,NYM,0,1,2.42,18,0,0,0,0,0,22.1,21,8,6,4,0,6,22,1.21,0.241,NYM,94,349,15.63,0,7,1,0,1,0,1,0.88,8.87,2.42,3.67,0.279,2,0,0
2022,503,Jared Koenig,P,OAK,1,3,5.72,10,5,0,0,0,0,39.1,40,25,25,4,5,15,22,1.4,0.26,OAK,177,653,16.6,0,4,0,0,4,1,3,1.26,5.03,3.43,1.47,0.277,0,1,0
2022,503,James Norwood,P,PHI,1,0,8.31,20,0,0,0,0,0,17.1,24,17,16,2,0,9,22,1.9,0.316,PHI,85,370,21.35,0,5,1,0,0,0,0,0.36,11.42,4.67,2.44,0.423,1,0,0
2022,503,Sean Poppen,P,AZ,2,2,4.4,29,0,0,0,0,1,28.2,27,15,14,5,1,12,22,1.36,0.265,AZ,120,439,15.31,0,6,4,3,2,0,2,0.71,6.91,3.77,1.83,0.278,1,1,1
2022,503,Collin Snider,P,KC,4,2,6.55,42,0,0,0,0,2,34.1,40,25,25,3,2,15,22,1.6,0.301,KC,151,583,16.98,0,2,7,0,0,0,6,1.67,5.77,3.93,1.47,0.343,0,0,0
2022,509,Ryan Borucki,P,SEA,2,0,5.68,32,0,0,0,0,0,25.1,24,16,16,6,2,11,21,1.38,0.247,SEA,111,415,16.38,0,4,6,0,5,0,1,1.3,7.46,3.91,1.91,0.257,3,1,1
2022,509,Yennier Cano,P,BAL,1,1,11.5,13,0,0,0,0,0,18.0,26,23,23,3,1,16,21,2.33,0.333,BAL,97,394,21.89,0,3,0,0,2,0,0,1.06,10.5,8.0,1.31,0.411,1,0,0
2022,509,Jake Cousins,P,MIL,2,1,2.7,12,0,0,0,0,1,13.1,10,4,4,1,2,8,21,1.35,0.204,MIL,59,267,20.03,0,6,1,1,4,0,1,1.57,14.18,5.4,2.63,0.333,1,0,0
2022,509,Fernando Cruz,P,CIN,0,1,1.23,14,2,0,0,0,1,14.2,9,3,2,1,1,9,21,1.23,0.167,CIN,64,260,17.73,0,1,1,0,1,0,0,0.6,12.89,5.52,2.33,0.25,2,0,0
2022,509,Justin Dunn,P,CIN,1,3,6.1,7,7,0,0,0,0,31.0,32,21,21,11,3,17,21,1.58,0.276,CIN,138,540,17.42,1,0,0,0,0,0,3,0.51,6.1,4.94,1.24,0.247,5,2,0
2022,509,Calvin Faucher,P,TB,2,3,5.48,22,0,0,0,1,2,21.1,26,16,13,4,1,10,21,1.69,0.289,TB,101,433,20.3,0,7,2,0,2,0,2,0.79,8.86,4.22,2.1,0.338,4,0,0
2022,509,Pierce Johnson,P,SD,1,2,5.02,15,0,0,0,0,1,14.1,14,8,8,1,0,8,21,1.53,0.25,SD,64,280,19.53,0,1,6,0,1,0,1,1.63,13.19,5.02,2.63,0.382,2,0,0
2022,509,Corbin Martin,P,AZ,0,1,4.84,7,2,0,0,0,0,22.1,25,14,12,3,0,12,21,1.66,0.291,AZ,101,429,19.21,0,1,0,0,2,0,3,0.48,8.46,4.84,1.75,0.344,3,2,0
2022,509,Stephen Nogosek,P,NYM,1,1,2.45,12,0,0,0,0,0,22.0,20,10,6,4,1,7,21,1.23,0.23,NYM,95,377,17.14,0,3,0,0,1,0,1,0.64,8.59,2.86,3.0,0.258,1,0,0
2022,509,Cody Poteet,P,MIA,0,1,3.86,12,2,0,0,0,0,28.0,23,12,12,4,0,11,21,1.21,0.223,MIA,114,448,16.0,0,2,1,0,1,0,3,1.27,6.75,3.54,1.91,0.244,1,2,0
2022,509,Hansel Robles,P,BOS,1,3,5.84,26,0,0,0,2,8,24.2,25,19,16,5,0,14,21,1.58,0.26,BOS,111,422,17.11,0,8,7,1,0,2,2,0.65,7.66,5.11,1.5,0.282,3,1,0
2022,509,Tony Santillan,P,CIN,0,1,5.49,21,0,0,0,4,7,19.2,23,14,12,1,4,12,21,1.78,0.299,CIN,96,408,20.75,0,4,6,1,4,0,2,0.64,9.61,5.49,1.75,0.386,0,0,0
2022,509,Erich Uelmen,P,CHC,2,1,4.67,25,0,0,0,1,2,27.0,25,15,14,3,6,12,21,1.37,0.248,CHC,122,463,17.15,0,8,3,1,1,0,3,1.15,7.0,4.0,1.75,0.275,2,0,0
2022,509,Louis Varland,P,MIN,1,2,3.81,5,5,0,0,0,0,26.0,26,11,11,4,1,6,21,1.23,0.263,MIN,106,411,15.81,0,0,0,1,1,0,4,0.86,7.27,2.08,3.5,0.297,0,0,0
2022,509,J.B. Wendelken,P,AZ,2,1,5.28,29,0,0,0,0,0,29.0,25,18,17,4,1,14,21,1.34,0.234,AZ,122,488,16.83,0,6,1,0,1,0,4,1.1,6.52,4.34,1.5,0.256,2,2,0
2022,509,Jimmy Yacabonis,P,TB,1,1,8.36,14,1,0,0,0,0,14.0,20,15,13,4,2,10,21,2.14,0.328,TB,73,292,20.86,0,5,0,0,1,0,1,0.54,13.5,6.43,2.1,0.444,0,1,0
2022,509,Alex Young,P,SF,1,1,2.36,25,1,0,0,0,2,26.2,29,11,7,0,1,11,21,1.5,0.282,SF,116,445,16.69,0,2,5,0,3,0,7,1.57,7.09,3.71,1.91,0.349,1,0,0
2022,526,Daniel Castano,P,MIA,1,3,4.04,10,7,0,0,0,0,35.2,42,20,16,5,2,9,20,1.43,0.292,MIA,156,577,16.18,2,3,0,0,2,0,4,1.24,5.05,2.27,2.22,0.311,0,1,0
2022,526,Tyler Gilbert,P,AZ,0,3,5.24,8,7,0,0,0,0,34.1,33,21,20,8,1,10,20,1.25,0.25,AZ,146,564,16.43,0,1,0,1,0,0,2,0.65,5.24,2.62,2.0,0.238,1,0,0
2022,526,Mauricio Llovera,P,SF,0,0,4.41,17,1,0,0,0,0,16.1,14,8,8,2,0,8,20,1.35,0.219,SF,72,306,18.73,0,5,1,1,1,0,0,0.88,11.02,4.41,2.5,0.286,2,0,0
2022,526,Chris Paddack,P,MIN,1,2,4.03,5,5,0,0,0,0,22.1,25,10,10,0,1,2,20,1.21,0.284,MIN,93,367,16.43,0,0,0,0,1,0,3,0.8,8.06,0.81,10.0,0.357,1,0,0
2022,530,Kolby Allard,P,TEX,1,2,7.29,10,0,0,0,1,1,21.0,21,17,17,9,1,6,19,1.29,0.263,TEX,87,299,14.24,0,4,0,1,0,0,2,0.6,8.14,2.57,3.17,0.231,0,1,0
2022,530,Adbert Alzolay,P,CHC,2,1,3.38,6,0,0,0,0,0,13.1,9,5,5,1,1,2,19,0.83,0.184,CHC,52,193,14.48,0,1,1,0,0,0,0,0.75,12.83,1.35,9.5,0.276,0,0,0
2022,530,Jeremy Beasley,P,TOR,0,0,4.8,9,0,0,0,0,0,15.0,14,9,8,4,2,5,19,1.27,0.25,TOR,64,271,18.07,0,5,1,0,0,0,0,0.33,11.4,3.0,3.8,0.294,0,2,0
2022,530,Kyle Crick,P,CWS,2,0,4.02,14,0,0,0,0,0,15.2,10,7,7,0,2,11,19,1.34,0.189,CWS,66,279,17.81,0,3,3,0,0,0,0,0.6,10.91,6.32,1.73,0.294,0,2,1
2022,530,Robert Dugger,P,CIN,0,1,6.19,4,1,0,0,0,0,16.0,19,11,11,3,0,7,19,1.63,0.292,CIN,72,284,17.75,0,1,0,0,2,0,0,0.35,10.69,3.94,2.71,0.372,2,1,0
2022,530,Anderson Espinoza,P,CHC,0,2,5.4,7,0,0,0,0,0,18.1,14,11,11,4,4,16,19,1.64,0.215,CHC,85,375,20.45,0,2,0,0,1,1,3,1.29,9.33,7.85,1.19,0.238,1,0,0
2022,530,DL Hall,P,BAL,1,1,5.93,11,1,0,0,1,1,13.2,17,9,9,0,0,6,19,1.68,0.298,BAL,64,269,19.68,0,1,0,0,2,0,0,1.0,12.51,3.95,3.17,0.436,2,0,0
2022,530,Connor Seabold,P,BOS,0,4,11.29,5,5,0,0,0,0,18.1,35,24,23,5,3,8,19,2.35,0.402,BOS,98,370,20.18,0,0,0,0,4,0,1,0.57,9.33,3.93,2.38,0.476,1,0,0
2022,530,Beau Sulser,P,BAL,0,0,3.63,10,0,0,0,0,0,22.1,24,14,9,3,1,9,19,1.48,0.273,BAL,99,360,16.12,0,6,0,2,0,0,4,1.19,7.66,3.63,2.11,0.313,1,0,0
2022,539,Norge Ruiz,P,OAK,0,1,7.11,14,0,0,0,0,1,19.0,30,16,15,4,2,7,18,1.95,0.361,OAK,94,366,19.26,0,6,1,0,2,0,2,0.76,8.53,3.32,2.57,0.413,1,0,0
2022,539,Sam Selman,P,OAK,0,0,4.91,16,0,0,0,0,1,18.1,16,10,10,4,1,5,18,1.15,0.232,OAK,75,295,16.09,0,7,0,0,0,0,1,0.52,8.84,2.45,3.6,0.255,1,1,0
2022,539,Thomas Szapucki,P,SF,0,1,7.2,11,1,0,0,0,0,15.0,19,12,12,6,0,7,18,1.73,0.317,SF,67,291,19.4,0,2,1,0,1,0,1,0.53,10.8,4.2,2.57,0.361,2,2,2
2022,539,Jesus Tinoco,P,TEX,0,0,2.18,17,2,0,0,0,0,20.2,12,5,5,2,1,10,18,1.06,0.167,TEX,84,350,16.94,0,2,4,0,0,0,2,0.59,7.84,4.35,1.8,0.189,2,0,0
2022,539,Drew VerHagen,P,STL,3,1,6.65,19,0,0,0,0,1,21.2,27,18,16,5,1,14,18,1.89,0.3,STL,106,419,19.34,0,3,3,1,0,0,0,0.84,7.48,5.82,1.29,0.324,3,0,0
2022,539,Zack Weiss,P,LAA,0,1,3.38,12,0,0,0,0,0,13.1,7,6,5,2,1,7,18,1.05,0.152,LAA,56,209,15.68,0,6,1,2,2,0,0,0.64,12.15,4.73,2.57,0.185,2,0,0
2022,545,Anthony Bender,P,MIA,1,3,3.26,22,0,0,0,6,8,19.1,17,7,7,3,1,8,17,1.29,0.25,MIA,78,274,14.17,0,11,3,0,1,0,5,1.92,7.91,3.72,2.13,0.286,2,0,1
2022,545,JT Chargois,P,TB,2,0,2.42,21,3,0,0,0,0,22.1,16,7,6,3,2,5,17,0.94,0.203,TB,86,334,14.96,0,3,3,0,0,0,5,1.88,6.85,2.01,3.4,0.22,1,0,0
2022,545,Anthony DeSclafani,P,SF,0,2,6.63,5,5,0,0,0,0,19.0,34,21,14,4,1,4,17,2.0,0.4,SF,94,329,17.32,0,0,0,0,0,0,1,1.11,8.05,1.89,4.25,0.448,0,1,0
2022,545,Bryan Garcia,P,DET,2,0,3.54,4,4,0,0,0,0,20.1,14,8,8,3,3,10,17,1.18,0.2,DET,84,317,15.59,2,0,0,0,1,0,3,0.82,7.52,4.43,1.7,0.216,0,1,0
2022,545,RalphR Garza Jr.Garza,P,TB,2,2,3.34,19,0,0,0,0,2,35.0,38,14,13,4,2,16,17,1.54,0.284,TB,153,514,14.69,0,10,0,2,2,0,5,0.82,4.37,4.11,1.06,0.301,0,0,0
2022,545,Heath Hembree,P,LAD,3,1,7.36,26,0,0,0,0,1,22.0,26,19,18,6,0,17,17,1.95,0.299,LAD,107,396,18.0,0,6,2,2,1,0,0,0.38,6.95,6.95,1.0,0.299,7,1,0
2022,545,Jackson Kowar,P,KC,0,0,9.77,7,0,0,0,0,0,15.2,27,17,17,4,0,11,17,2.43,0.38,KC,82,311,19.85,0,3,2,0,0,0,2,1.25,9.77,6.32,1.55,0.46,0,0,0
2022,545,Derek Law,P,CIN,2,3,4.12,17,0,0,0,0,1,19.2,23,13,9,3,2,8,17,1.58,0.291,CIN,92,352,17.9,0,2,3,0,1,0,1,1.8,7.78,3.66,2.13,0.328,1,0,0
2022,545,Adonis Medina,P,NYM,1,0,6.08,14,0,0,0,1,1,23.2,30,18,16,2,4,6,17,1.52,0.306,NYM,110,414,17.49,0,6,0,0,0,1,2,1.32,6.46,2.28,2.83,0.354,4,2,1
2022,545,Luis Ortiz,P,PIT,0,2,4.5,4,4,0,0,0,0,16.0,8,9,8,1,0,10,17,1.13,0.136,PIT,69,275,17.19,0,0,0,0,0,0,1,0.79,9.56,5.63,1.70,0.171,0,0,0
2022,545,Luis Ortiz,P,PIT,0,2,4.5,4,4,0,0,0,0,16.0,8,9,8,1,0,10,17,1.13,0.136,SF,33,118,13.62,0,4,0,0,0,0,1,0.73,6.23,3.12,2.00,0.208,1,0,0
2022,545,JoJo Romero,P,STL,0,0,4.96,17,0,0,0,0,0,16.1,13,9,9,3,0,10,17,1.41,0.232,STL,67,271,16.59,0,5,0,0,0,0,5,2.38,9.37,5.51,1.70,0.278,0,1,1
2022,545,Joe Smith,P,MIN,1,1,4.61,34,0,0,0,0,2,27.1,33,18,14,7,1,9,17,1.54,0.297,MIN,122,450,16.46,0,3,14,1,0,1,5,2.1,5.6,2.96,1.89,0.295,2,0,0
2022,545,Nick Wittgren,P,STL,1,0,5.9,29,0,0,0,1,1,29.0,35,19,19,1,4,10,17,1.55,0.299,STL,134,481,16.59,0,9,4,0,3,0,2,0.84,5.28,3.1,1.70,0.337,0,0,0
2022,558,Tyler Cyr,P,OAK,1,0,2.7,12,0,0,0,0,0,13.1,11,4,4,2,1,5,16,1.2,0.224,OAK,55,224,16.8,0,3,1,0,0,0,2,1.2,10.8,3.38,3.20,0.29,1,0,0
2022,558,Ashton Goudeau,P,COL,1,0,7.08,12,0,0,0,1,1,20.1,25,18,16,3,0,10,16,1.72,0.305,COL,94,375,18.44,0,4,0,0,3,0,4,0.54,7.08,4.43,1.60,0.338,3,0,0
2022,558,Chad Green,P,NYY,1,1,3.0,14,0,0,0,1,4,15.0,13,6,5,1,0,5,16,1.2,0.241,NYY,62,241,16.07,0,2,3,0,0,0,2,0.35,9.6,3.0,3.20,0.308,0,0,0
2022,558,T.J. McFarland,P,STL,0,0,6.61,28,0,0,0,0,0,32.2,42,26,24,5,2,11,16,1.62,0.323,STL,145,487,14.91,0,11,2,0,2,0,6,1.64,4.41,3.03,1.45,0.336,1,1,1
2022,558,Ryne Nelson,P,AZ,1,1,1.47,3,3,0,0,0,0,18.1,9,4,3,2,0,6,16,0.82,0.145,AZ,69,253,13.8,2,0,0,1,0,0,0,0.41,7.85,2.95,2.67,0.156,0,0,0
2022,558,Hyun Jin Ryu,P,TOR,2,0,5.67,6,6,0,0,0,0,27.0,32,17,17,5,0,4,16,1.33,0.294,TOR,113,395,14.63,1,0,0,0,0,0,4,1.26,5.33,1.33,4.00,0.307,0,0,0
2022,558,Miguel Yajure,P,PIT,1,1,8.88,12,1,0,0,1,1,24.1,31,26,24,3,2,16,16,1.93,0.307,PIT,119,471,19.36,0,4,0,1,4,1,2,1.16,5.92,5.92,1.00,0.341,1,1,0
2022,565,Jose Alvarez,P,SF,2,1,5.28,21,0,0,0,1,3,15.1,17,10,9,3,2,9,15,1.7,0.27,SF,76,273,17.8,0,6,1,1,1,0,1,1.46,8.8,5.28,1.67,0.311,0,0,0
2022,565,Archie Bradley,P,LAA,0,1,4.82,21,0,0,0,2,4,18.2,17,13,10,1,0,7,15,1.29,0.239,LAA,78,305,16.34,0,6,4,1,1,0,3,2.55,7.23,3.38,2.14,0.291,4,0,0
2022,565,Chi ChiC GonzalezGonzález,P,NYY,0,1,5.87,7,5,0,0,0,0,23.0,28,15,15,5,0,7,15,1.52,0.304,NYY,99,376,16.35,0,2,0,0,0,0,3,0.75,5.87,2.74,2.14,0.319,0,1,1
2022,565,José Marte,P,LAA,0,0,7.36,11,0,0,0,0,0,11.0,8,9,9,2,0,18,15,2.36,0.2,LAA,58,265,24.09,0,4,0,0,1,0,1,0.21,12.27,14.73,0.83,0.261,2,0,0
2022,565,Keynan Middleton,P,AZ,1,2,5.29,18,0,0,0,0,2,17.0,16,13,10,5,1,3,15,1.12,0.25,AZ,69,241,14.18,0,2,1,0,1,0,2,0.48,7.94,1.59,5.00,0.25,3,0,0
2022,565,Cody Stashak,P,MIN,3,0,3.86,11,0,0,0,0,0,16.1,16,7,7,1,0,0,15,0.98,0.25,MIN,65,227,13.9,0,4,1,0,0,0,0,0.48,8.27,0.0,-.--,0.306,0,0,0
2022,565,Mason Thompson,P,WSH,1,1,2.92,24,0,0,0,1,2,24.2,19,8,8,2,1,9,15,1.14,0.211,WSH,101,368,14.92,0,8,0,0,1,0,2,1.48,5.47,3.28,1.67,0.233,1,0,0
2022,565,Cam Vieaux,P,PIT,0,0,10.38,8,0,0,0,0,0,8.2,15,11,10,2,1,5,15,2.31,0.366,PIT,48,208,24.0,0,2,1,0,0,0,1,0.38,15.58,5.19,3.00,0.542,0,0,0
2022,573,Kohei Arihara,P,TEX,1,3,9.45,5,4,0,0,0,0,20.0,36,22,21,4,3,11,14,2.35,0.387,TEX,108,390,19.5,1,0,0,0,0,0,3,2.38,6.3,4.95,1.27,0.427,1,0,0
2022,573,Luke Farrell,P,CIN,0,0,5.4,6,2,0,0,0,0,15.0,18,10,9,3,0,7,14,1.67,0.286,CIN,70,285,19.0,0,2,0,0,0,0,0,0.63,8.4,4.2,2.00,0.326,1,0,0
2022,573,JuniorJ Fernández,P,PIT,0,0,2.41,16,0,0,0,0,1,18.2,18,6,5,3,1,12,14,1.61,0.257,PIT,84,333,17.84,0,2,3,0,2,0,4,2.17,6.75,5.79,1.17,0.283,0,0,0
2022,573,Paul Fry,P,AZ,0,0,6.23,13,0,0,0,0,0,13.0,11,10,9,1,2,9,14,1.54,0.229,AZ,61,232,17.85,0,7,1,0,2,0,2,2.43,9.69,6.23,1.56,0.294,1,0,0
2022,573,Luis Frías,P,AZ,1,1,10.59,15,0,0,0,0,0,17.0,23,20,20,1,1,17,14,2.35,0.319,AZ,90,356,20.94,0,6,3,0,4,1,1,0.67,7.41,9.0,0.82,0.386,0,0,0
2022,573,Tommy Kahnle,P,LAD,0,0,2.84,13,0,0,0,1,1,12.2,5,4,4,2,3,3,14,0.63,0.128,LAD,46,174,13.74,0,2,1,0,1,0,2,2.5,9.95,2.13,4.67,0.125,0,0,0
2022,573,Andrew Kittredge,P,TB,3,1,3.15,17,0,0,0,5,8,20.0,15,7,7,4,0,2,14,0.85,0.205,TB,75,233,11.65,0,9,0,0,0,0,2,1.1,6.3,0.9,7.0,0.2,0,0,0
2022,573,Shelby Miller,P,SF,0,1,6.43,4,0,0,0,0,0,7.0,6,5,5,0,0,3,14,1.29,0.222,SF,30,127,18.14,0,0,1,1,0,0,0,0.17,18.0,3.86,4.67,0.462,0,0,0
2022,573,Connor Overton,P,CIN,1,0,2.73,6,4,0,0,0,0,33.0,21,10,10,1,0,11,14,0.97,0.188,CIN,124,469,14.21,2,1,0,0,0,0,3,0.81,3.82,3.0,1.27,0.204,1,2,1
2022,573,Sergio Romo,P,TOR,0,1,7.5,23,0,0,0,0,0,18.0,19,16,15,7,0,6,14,1.39,0.268,TOR,79,335,18.61,0,5,4,1,2,0,1,0.34,7.0,3.0,2.33,0.235,4,0,0
2022,573,Gabe Speier,P,KC,0,1,2.33,17,1,0,0,0,1,19.1,16,5,5,2,0,5,14,1.09,0.225,KC,77,298,15.41,0,5,2,0,1,0,3,0.91,6.52,2.33,2.8,0.25,1,0,0
2022,573,Tyler Thornburg,P,MIN,0,1,3.32,14,0,0,0,0,1,19.0,16,10,7,1,1,11,14,1.42,0.216,MIN,87,362,19.05,0,9,0,0,0,0,0,0.45,6.63,5.21,1.27,0.25,0,0,0
2022,573,Taylor Widener,P,AZ,0,1,3.63,14,0,0,0,0,1,17.1,22,8,7,2,3,5,14,1.56,0.297,AZ,82,329,18.98,0,4,1,1,0,0,0,0.41,7.27,2.6,2.8,0.345,2,0,0
2022,586,Matthew Boyd,P,SEA,2,0,1.35,10,0,0,0,0,0,13.1,5,2,2,0,1,8,13,0.98,0.116,SEA,53,192,14.4,0,1,1,3,0,0,1,0.86,8.78,5.4,1.63,0.167,1,0,0
2022,586,Justin Bruihl,P,LAD,1,1,3.8,24,0,0,0,1,2,23.2,22,11,10,4,3,6,13,1.18,0.253,LAD,100,341,14.41,0,11,3,2,0,0,0,0.75,4.94,2.28,2.17,0.254,1,1,1
2022,586,Jake Lemoine,P,OAK,0,0,7.71,9,0,0,0,0,0,16.1,18,15,14,4,0,7,13,1.53,0.273,OAK,74,298,18.24,0,2,0,1,1,0,2,0.8,7.16,3.86,1.86,0.28,0,0,0
2022,586,Jake Reed,P,BAL,2,0,7.02,18,0,0,0,1,1,16.2,17,15,13,2,3,8,13,1.5,0.258,BAL,77,307,18.42,0,5,0,0,0,1,2,0.8,7.02,4.32,1.63,0.294,0,0,0
2022,586,TaylerTa Scott,P,SD,0,1,6.75,8,0,0,0,0,0,12.0,19,10,9,1,0,6,13,2.08,0.358,SD,59,255,21.25,0,2,0,0,0,0,3,1.1,9.75,4.5,2.17,0.462,0,0,0
2022,586,Edwin Uceta,P,AZ,0,0,5.82,10,0,0,0,0,0,17.0,14,12,11,2,1,7,13,1.24,0.215,AZ,73,292,17.18,0,5,0,0,1,0,2,0.9,6.88,3.71,1.86,0.24,0,0,0
2022,586,Phillips Valdez,P,BOS,0,1,4.41,13,0,0,0,0,0,16.1,12,11,8,0,6,7,13,1.16,0.207,BOS,72,287,17.57,0,8,0,0,1,1,3,1.27,7.16,3.86,1.86,0.261,2,0,0
2022,593,Jacob Barnes,P,NYY,3,1,5.64,23,0,0,0,0,1,22.1,23,14,14,3,2,9,12,1.43,0.271,NYY,97,361,16.16,0,3,2,0,1,0,4,1.55,4.84,3.63,1.33,0.286,1,0,0
2022,593,Brandon Bielak,P,HOU,0,0,3.65,5,0,0,0,0,0,12.1,11,5,5,2,3,4,12,1.22,0.234,HOU,54,226,18.32,0,2,1,0,1,0,1,1.18,8.76,2.92,3.0,0.273,0,0,0
2022,593,Ronald Bolaños,P,KC,0,0,4.42,8,0,0,0,0,0,18.1,20,9,9,2,3,12,12,1.75,0.286,KC,87,332,18.11,0,4,0,1,1,0,1,1.67,5.89,5.89,1.0,0.31,0,2,0
2022,593,Anthony Castro,P,CLE,0,0,7.43,12,0,0,0,0,1,13.1,19,15,11,5,0,10,12,2.18,0.345,CLE,65,260,19.5,0,2,0,0,1,0,5,3.0,8.1,6.75,1.2,0.368,2,1,0
2022,593,Sam Coonrod,P,PHI,0,0,7.82,12,0,0,0,0,0,12.2,12,12,11,1,3,7,12,1.5,0.267,PHI,58,236,18.63,0,3,3,0,1,0,2,1.0,8.53,4.97,1.71,0.314,0,0,0
2022,593,Chris Devenski,P,PHI,2,1,8.59,13,0,0,0,0,0,14.2,21,14,14,3,1,1,12,1.5,0.339,PHI,67,241,16.43,0,1,0,0,0,0,0,0.6,7.36,0.61,12.0,0.36,4,0,0
2022,593,Matt Gage,P,TOR,0,1,1.38,11,0,0,0,0,1,13.0,6,4,2,1,1,6,12,0.92,0.146,TOR,50,187,14.38,0,5,0,1,0,0,1,1.08,8.31,4.15,2.0,0.172,0,0,0
2022,593,Kyle Muller,P,ATL,1,1,8.03,3,3,0,0,0,0,12.1,13,11,11,2,0,8,12,1.7,0.26,ATL,59,233,18.89,0,0,0,0,2,0,0,1.17,8.76,5.84,1.5,0.306,4,0,0
2022,593,Elvis Peguero,P,LAA,0,0,6.75,13,0,0,0,0,0,17.1,23,16,13,4,0,5,12,1.62,0.319,LAA,77,308,17.77,0,6,0,0,3,1,4,2.08,6.23,2.6,2.4,0.339,1,0,0
2022,593,Luis Perdomo,P,MIL,3,0,3.8,14,0,0,0,0,1,23.2,24,10,10,4,1,3,12,1.14,0.261,MIL,96,285,12.04,0,3,1,0,0,0,5,2.29,4.56,1.14,4.0,0.263,2,0,0
2022,593,Josh Rogers,P,WSH,2,2,5.13,16,3,0,0,0,0,26.1,24,15,15,6,0,11,12,1.33,0.238,WSH,113,419,15.91,0,4,1,0,0,0,0,0.5,4.1,3.76,1.09,0.217,0,1,1
2022,593,Phoenix Sanders,P,TB,0,0,3.07,8,0,0,0,0,0,14.2,12,5,5,0,0,3,12,1.02,0.226,TB,57,215,14.66,0,3,0,0,0,0,2,0.67,7.36,1.84,4.0,0.286,0,0,0
2022,593,Bennett Sousa,P,CWS,3,0,8.41,25,0,0,0,1,2,20.1,25,20,19,3,1,10,12,1.72,0.301,CWS,96,365,17.95,0,2,5,1,4,0,1,1.09,5.31,4.43,1.2,0.314,2,1,0
2022,593,Domingo Tapia,P,OAK,0,0,8.47,11,0,0,0,0,0,17.0,25,16,16,1,1,14,12,2.29,0.338,OAK,90,363,21.35,0,4,0,1,3,0,2,0.9,6.35,7.41,0.86,0.387,1,0,0
2022,593,Kodi Whitley,P,STL,2,0,5.68,14,0,0,0,0,0,12.2,11,8,8,2,2,9,12,1.58,0.234,STL,59,272,21.47,0,5,1,0,0,0,1,1.08,8.53,6.39,1.33,0.265,0,0,0
2022,608,Eduard Bazardo,P,BOS,1,0,2.76,12,0,0,0,0,0,16.1,12,5,5,4,2,4,11,0.98,0.203,BOS,65,236,14.45,0,4,0,0,1,0,0,1.0,6.06,2.2,2.75,0.182,1,1,1
2022,608,Kervin Castro,P,CHC,0,1,10.22,10,0,0,0,0,0,12.1,15,14,14,3,0,7,11,1.78,0.3,CHC,57,239,19.38,0,6,0,0,0,0,2,1.0,8.03,5.11,1.57,0.333,1,0,0
2022,608,Jhonathan Díaz,P,LAA,1,1,2.93,4,3,0,0,0,0,15.1,13,5,5,1,0,10,11,1.5,0.236,LAA,66,236,15.39,0,1,0,0,0,0,3,1.29,6.46,5.87,1.1,0.273,1,0,0
2022,608,Justin Grimm,P,OAK,0,0,4.11,15,0,0,0,0,0,15.1,18,8,7,1,2,7,11,1.63,0.295,OAK,71,277,18.07,0,5,3,0,0,1,2,1.06,6.46,4.11,1.57,0.34,1,1,2
2022,608,Janson Junk,P,LAA,1,1,6.48,3,2,0,0,0,0,8.1,10,6,6,1,0,3,11,1.56,0.294,LAA,37,159,19.08,0,1,0,0,0,0,1,3.33,11.88,3.24,3.67,0.409,0,0,0
2022,608,Zack Kelly,P,BOS,1,0,3.95,13,0,0,0,0,0,13.2,14,6,6,2,0,4,11,1.32,0.259,BOS,59,222,16.24,0,2,1,0,0,0,0,0.88,7.24,2.63,2.75,0.286,1,1,0
2022,608,Casey Lawrence,P,TOR,0,1,7.5,6,0,0,0,0,1,18.0,23,15,15,5,1,4,11,1.5,0.315,TOR,79,297,16.5,0,2,0,0,0,0,2,1.0,5.5,2.0,2.75,0.31,0,0,0
2022,608,Alec Mills,P,CHC,0,1,9.68,7,2,0,0,0,0,17.2,28,20,19,7,3,3,11,1.75,0.364,CHC,84,302,17.09,0,2,0,1,0,0,1,0.7,5.6,1.53,3.67,0.35,0,1,1
2022,608,Juan Minaya,P,MIN,1,0,5.59,6,0,0,0,0,0,9.2,8,6,6,0,3,5,11,1.34,0.216,MIN,45,174,18.0,0,2,0,0,2,0,1,1.25,10.24,4.66,2.2,0.308,1,0,0
2022,608,Luis Patiño,P,TB,1,2,8.1,6,6,0,0,0,0,20.0,26,18,18,6,1,13,11,1.95,0.313,TB,98,388,19.4,0,0,0,1,0,0,0,0.74,4.95,5.85,0.85,0.299,2,2,0
2022,608,Greg Weissert,P,NYY,3,0,5.56,12,0,0,0,0,0,11.1,6,7,7,1,2,5,11,0.97,0.146,NYY,48,186,16.41,0,2,2,0,0,1,0,0.71,8.74,3.97,2.2,0.172,2,0,0
2022,619,Scott Alexander,P,SF,0,0,1.04,17,4,0,0,2,2,17.1,12,2,2,1,0,1,10,0.75,0.194,SF,63,214,12.35,0,3,5,0,0,0,2,5.67,5.19,0.52,10.0,0.216,0,0,0
2022,619,Logan Gillaspie,P,BAL,1,0,3.12,17,0,0,0,0,1,17.1,20,8,6,1,2,3,10,1.33,0.294,BAL,74,262,15.12,0,6,0,0,1,0,1,0.77,5.19,1.56,3.33,0.328,0,0,0
2022,619,Tyler Glasnow,P,TB,0,0,1.35,2,2,0,0,0,0,6.2,4,1,1,1,0,2,10,0.9,0.167,TB,26,114,17.1,0,0,0,0,1,0,1,0.67,13.5,2.7,5.0,0.231,0,0,0
2022,619,Javy Guerra,P,TB,2,1,5.0,18,0,0,0,0,0,18.0,16,11,10,3,1,11,10,1.5,0.232,TB,82,330,18.33,0,4,3,2,2,0,1,0.76,5.0,5.5,0.91,0.232,0,0,0
2022,619,Reiss Knehr,P,SD,0,0,3.95,5,1,0,0,0,0,13.2,11,6,6,1,4,4,10,1.1,0.216,SD,59,242,17.71,0,2,0,0,0,1,1,0.58,6.59,2.63,2.5,0.25,0,0,0
2022,619,YoanY LopezLópez,P,NYM,1,0,5.73,8,0,0,0,0,0,11.0,14,8,7,2,1,5,10,1.73,0.311,NYM,51,195,17.73,0,5,0,1,0,0,1,0.5,8.18,4.09,2.0,0.364,2,0,0
2022,619,Drew Steckenrider,P,SEA,0,2,5.65,16,0,0,0,2,4,14.1,21,9,9,2,0,5,10,1.81,0.333,SEA,68,286,19.95,0,3,4,0,0,0,0,0.68,6.28,3.14,2.0,0.373,1,1,0
2022,619,Andrew Vasquez,P,SF,0,0,6.23,10,0,0,0,0,0,8.2,6,6,6,1,3,4,10,1.15,0.188,SF,39,153,17.65,0,3,0,0,1,1,0,1.29,10.38,4.15,2.5,0.238,1,0,0
2022,627,Kyle Barraclough,P,LAA,0,1,3.0,8,0,0,0,0,0,9.0,7,3,3,0,0,4,9,1.22,0.219,LAA,37,139,15.44,0,3,2,0,2,0,0,0.42,9.0,4.0,2.25,0.292,1,1,0
2022,627,Jake Brentz,P,KC,0,3,23.63,8,0,0,0,0,0,5.1,11,15,14,1,1,10,9,3.94,0.423,KC,38,160,30.0,0,1,2,0,2,0,1,0.75,15.19,16.88,0.9,0.625,0,0,0
2022,627,Danny Coulombe,P,MIN,0,0,1.46,10,0,0,0,0,0,12.1,7,3,2,0,0,9,9,1.3,0.163,MIN,53,230,18.65,0,3,0,0,1,0,0,0.65,6.57,6.57,1.0,0.2,3,0,0
2022,627,Robert Gsellman,P,CHC,0,2,4.7,8,0,0,0,1,2,15.1,17,10,8,2,0,3,9,1.3,0.279,CHC,64,207,13.5,0,5,0,0,0,0,1,1.33,5.28,1.76,3.0,0.3,0,0,0
2022,627,Ryan Hendrix,P,CIN,0,0,5.4,9,0,0,0,0,0,8.1,9,5,5,0,2,6,9,1.8,0.3,CIN,38,143,17.16,0,7,0,1,3,0,2,1.0,9.72,6.48,1.5,0.429,2,1,0
2022,627,Ronny Henriquez,P,MIN,0,1,2.31,3,0,0,0,0,0,11.2,8,4,3,1,2,3,9,0.94,0.178,MIN,50,181,15.51,0,1,0,0,0,0,0,1.33,6.94,2.31,3.0,0.2,2,0,0
2022,627,Darwinzon Hernández,P,BOS,0,1,21.6,7,0,0,0,0,0,6.2,14,17,16,4,2,8,9,3.3,0.424,BOS,43,182,27.3,0,2,0,0,0,0,1,0.67,12.15,10.8,1.13,0.5,0,1,1
2022,627,Andre Jackson,P,LAD,0,0,1.86,4,0,0,0,1,1,9.2,9,3,2,0,0,4,9,1.34,0.243,LAD,42,156,16.14,0,3,1,0,0,0,1,1.0,8.38,3.72,2.25,0.321,0,0,0
2022,627,Caleb Kilian,P,CHC,0,2,10.32,3,3,0,0,0,0,11.1,11,15,13,0,1,12,9,2.03,0.262,CHC,56,235,20.74,0,0,0,1,3,0,1,0.77,7.15,9.53,0.75,0.324,2,1,0
2022,627,Dusten Knight,P,TB,0,1,5.73,6,0,0,0,0,0,11.0,11,8,7,4,0,4,9,1.36,0.25,TB,49,192,17.45,0,3,0,1,1,0,0,0.92,7.36,3.27,2.25,0.226,0,0,0
2022,627,Adam Kolarek,P,OAK,0,1,4.58,15,0,0,0,0,0,17.2,20,9,9,1,3,8,9,1.58,0.294,OAK,79,319,18.06,0,7,0,0,0,0,3,2.55,4.58,4.08,1.13,0.328,2,1,0
2022,627,Ethan Roberts,P,CHC,0,1,8.22,9,0,0,0,0,0,7.2,10,7,7,3,1,6,9,2.09,0.323,CHC,38,177,23.09,0,3,1,0,0,0,2,1.4,10.57,7.04,1.5,0.368,0,0,0
2022,627,Anderson Severino,P,CWS,0,0,6.14,6,0,0,0,0,0,7.1,7,5,5,0,2,4,9,1.5,0.25,CWS,34,133,18.14,0,4,0,0,2,0,1,2.0,11.05,4.91,2.25,0.368,0,0,0
2022,627,Jared Solomon,P,CIN,0,0,10.8,9,0,0,0,0,0,8.1,8,10,10,3,1,5,9,1.56,0.242,CIN,39,157,18.84,0,5,0,0,0,0,0,0.33,9.72,5.4,1.8,0.238,0,0,0
2022,627,Miguel Sánchez,P,MIL,1,1,4.05,12,0,0,0,0,0,13.1,12,7,6,3,0,8,9,1.5,0.245,MIL,58,211,15.83,0,3,2,2,0,0,2,2.63,6.08,5.4,1.13,0.237,0,0,0
2022,627,Blake Taylor,P,HOU,1,1,3.94,19,0,0,0,0,0,16.0,15,7,7,1,1,10,9,1.56,0.234,HOU,75,305,19.06,0,4,4,0,2,0,0,1.0,5.06,5.63,0.9,0.259,0,0,0
2022,627,Jackson Tetreault,P,WSH,2,2,5.14,4,4,0,0,0,0,21.0,23,15,12,4,0,10,9,1.57,0.274,WSH,96,365,17.38,2,0,0,0,0,0,2,0.86,3.86,4.29,0.9,0.26,1,0,0
2022,627,Austin Warren,P,LAA,2,0,5.63,14,0,0,0,0,1,16.0,19,10,10,3,0,5,9,1.5,0.306,LAA,70,266,16.63,0,2,0,2,1,1,1,0.95,5.06,2.81,1.8,0.308,1,0,0
2022,627,Collin Wiles,P,OAK,0,0,4.66,4,0,0,0,0,0,9.2,11,6,5,1,1,2,9,1.34,0.289,OAK,41,154,15.93,0,1,0,0,0,0,2,3.5,8.38,1.86,4.5,0.357,1,0,0
2022,646,Luke Bard,P,NYY,1,1,1.8,9,0,0,0,0,1,15.0,7,3,3,0,2,7,8,0.93,0.143,NYY,59,241,16.07,0,5,0,0,0,1,0,0.94,4.8,4.2,1.14,0.171,9,1,0
2022,646,Steven Brault,P,CHC,0,0,3.0,9,0,0,0,0,1,9.0,8,4,3,0,1,5,8,1.44,0.242,CHC,39,157,17.44,0,1,1,0,1,0,2,0.89,8.0,5.0,1.6,0.32,1,0,0
2022,646,Marcos Diplán,P,BAL,0,0,1.59,5,0,0,0,0,0,5.2,4,2,1,0,0,5,8,1.59,0.182,BAL,27,122,21.53,0,2,0,0,0,0,0,1.5,12.71,7.94,1.6,0.286,0,0,0
2022,646,Jeremiah Estrada,P,CHC,0,0,3.18,5,0,0,0,0,0,5.2,6,2,2,1,0,3,8,1.59,0.286,CHC,25,117,20.65,0,3,0,0,1,0,0,0.6,12.71,4.76,2.67,0.385,1,0,0
2022,646,Gavin Hollowell,P,COL,0,2,7.71,6,0,0,0,0,0,7.0,7,7,6,1,0,4,8,1.57,0.259,COL,32,143,20.43,0,3,0,0,0,0,0,0.44,10.29,5.14,2.0,0.316,0,0,0
2022,646,Travis Lakins,P,BAL,0,1,9.58,6,0,0,0,0,1,10.1,14,11,11,3,1,6,8,1.94,0.326,BAL,50,208,20.13,0,3,0,0,1,0,1,0.91,6.97,5.23,1.33,0.344,1,0,0
2022,646,Daniel Mengden,P,KC,0,1,5.14,5,1,0,0,1,1,7.0,10,5,4,1,0,1,8,1.57,0.333,KC,32,119,17.0,0,1,0,0,1,0,0,0.86,10.29,1.29,8.00,0.409,0,0,0
2022,646,Tyson Miller,P,TEX,1,2,10.97,4,2,0,0,0,0,10.2,16,14,13,1,2,8,8,2.25,0.348,TEX,56,228,21.38,0,0,0,0,0,0,2,1.75,6.75,6.75,1.00,0.405,2,0,0
2022,646,Parker Mushinski,P,HOU,0,0,3.68,7,0,0,0,0,0,7.1,5,3,3,0,1,3,8,1.09,0.192,HOU,30,111,15.14,0,1,1,0,0,0,1,2.25,9.82,3.68,2.67,0.278,0,0,0
2022,646,Sean Reid-Foley,P,NYM,0,0,5.4,7,0,0,0,0,0,10.0,7,6,6,1,1,7,8,1.4,0.194,NYM,44,196,19.6,0,3,0,0,0,0,0,0.75,7.2,6.3,1.14,0.222,2,0,0
2022,646,Manuel Rodríguez,P,CHC,2,0,3.29,14,0,0,0,4,6,13.2,10,6,5,1,0,9,8,1.39,0.208,CHC,57,203,14.85,0,5,2,0,2,0,3,2.0,5.27,5.93,0.89,0.231,0,0,0
2022,646,Kenny Rosenberg,P,LAA,0,0,4.22,3,1,0,0,0,0,10.2,9,5,5,1,0,6,8,1.41,0.225,LAA,47,193,18.09,0,1,0,0,0,0,0,0.41,6.75,5.06,1.33,0.25,0,1,0
2022,646,Huascar Ynoa,P,ATL,0,2,13.5,2,2,0,0,0,0,6.2,11,10,10,2,0,6,8,2.55,0.355,ATL,37,147,22.05,0,0,0,0,1,0,0,5.0,10.8,8.1,1.33,0.429,1,0,0
2022,659,Logan Allen,P,BAL,1,0,5.87,7,0,0,0,0,0,7.2,12,5,5,0,1,5,7,2.22,0.353,BAL,40,164,21.39,0,0,0,0,0,0,1,0.88,8.22,5.87,1.40,0.444,0,0,0
2022,659,Ronel Blanco,P,HOU,0,0,7.11,7,0,0,0,0,0,6.1,8,5,5,1,1,4,7,1.89,0.296,HOU,32,120,18.95,0,3,0,0,0,0,0,0.5,9.95,5.68,1.75,0.368,0,0,0
2022,659,Aaron Brooks,P,STL,0,0,7.71,5,0,0,0,0,0,9.1,11,8,8,3,1,2,7,1.39,0.275,STL,43,154,16.5,0,3,0,0,0,0,0,0.69,6.75,1.93,3.50,0.267,1,0,0
2022,659,Ryan Burr,P,CWS,1,1,6.0,8,0,0,0,0,0,9.0,8,7,6,3,0,4,7,1.33,0.229,CWS,39,149,16.56,0,2,1,0,0,0,1,1.22,7.0,4.0,1.75,0.2,1,0,0
2022,659,Drew Carlton,P,DET,0,0,2.08,5,0,0,0,0,0,8.2,4,4,2,1,0,0,7,0.46,0.129,DET,32,120,13.85,0,4,0,0,1,0,0,1.1,7.27,0.0,-.--,0.125,0,0,0
2022,659,Angel De Jesus,P,DET,0,0,2.13,8,0,0,0,0,0,12.2,9,3,3,2,2,4,7,1.03,0.188,DET,54,192,15.16,0,3,0,0,2,0,0,0.52,4.97,2.84,1.75,0.179,0,0,0
2022,659,Evan Lee,P,WSH,0,1,4.15,4,1,0,0,0,0,8.2,9,5,4,1,1,7,7,1.85,0.257,WSH,43,165,19.04,0,1,0,0,2,0,0,0.58,7.27,7.27,1.00,0.296,0,0,0
2022,659,John Means,P,BAL,0,0,3.38,2,2,0,0,0,0,8.0,8,3,3,0,0,2,7,1.25,0.258,BAL,34,135,16.88,0,0,0,0,0,0,0,0.7,7.88,2.25,3.50,0.32,0,0,0
2022,659,Michael Plassmeyer,P,PHI,0,1,3.68,2,0,0,0,0,0,7.1,9,3,3,1,0,1,7,1.36,0.321,PHI,29,99,13.5,0,0,0,0,0,0,2,1.4,8.59,1.23,7.00,0.4,0,0,0
2022,659,Francisco Pérez,P,WSH,0,0,7.27,10,0,0,0,0,0,8.2,13,7,7,2,0,9,7,2.54,0.333,WSH,48,205,23.65,0,4,0,0,1,0,0,0.73,7.27,9.35,0.78,0.367,1,0,0
2022,659,Tommy Romero,P,WSH,1,1,10.8,4,2,0,0,0,0,8.1,11,12,10,7,0,9,7,2.4,0.314,WSH,44,191,22.92,0,1,0,0,0,0,1,0.7,7.56,9.72,0.78,0.19,0,0,1
2022,659,Justus Sheffield,P,SEA,1,0,3.86,6,1,0,0,0,0,11.2,9,5,5,1,1,6,7,1.29,0.209,SEA,51,179,15.34,0,3,0,0,0,0,1,1.55,5.4,4.63,1.17,0.222,0,0,0
2022,659,Ethan Small,P,MIL,0,0,7.11,2,2,0,0,0,0,6.1,8,5,5,1,0,8,7,2.53,0.32,MIL,33,132,20.84,0,0,0,0,0,0,2,0.67,9.95,11.37,0.88,0.412,0,0,0
2022,659,Justin Wilson,P,CIN,0,1,2.45,5,0,0,0,0,0,3.2,3,1,1,0,0,0,7,0.82,0.231,CIN,13,54,14.73,0,0,0,0,0,0,1,2.0,17.18,0.0,-.--,0.5,0,0,0
2022,673,A.J. Alexy,P,TEX,1,1,11.57,4,0,0,0,0,0,7.0,10,9,9,1,0,9,6,2.71,0.345,TEX,38,152,21.71,0,0,0,0,1,0,2,1.6,7.71,11.57,0.67,0.409,0,0,0
2022,673,Cade Cavalli,P,WSH,0,1,14.54,1,1,0,0,0,0,4.1,6,7,7,0,3,2,6,1.85,0.333,WSH,23,99,22.85,0,0,0,0,0,0,0,1.0,12.46,4.15,3.00,0.5,0,1,0
2022,673,Yonny Chirinos,P,TB,1,0,0.0,2,1,0,0,0,0,7.0,7,0,0,0,1,1,6,1.14,0.25,TB,30,100,14.29,0,0,0,0,1,0,0,2.75,7.71,1.29,6.00,0.318,0,0,0
2022,673,Jesus Cruz,P,ATL,0,0,6.23,7,0,0,0,0,0,8.2,8,6,6,3,1,4,6,1.38,0.235,ATL,39,163,18.81,0,4,0,0,0,0,1,1.22,6.23,4.15,1.50,0.2,1,0,0
2022,673,Sean Doolittle,P,WSH,0,0,0.0,6,0,0,0,0,0,5.1,1,0,0,0,0,0,6,0.19,0.059,WSH,17,55,10.31,0,0,2,0,0,0,0,0.43,10.13,0.0,-.--,0.091,0,0,0
2022,673,Roenis Elías,P,SEA,0,0,3.52,7,0,0,0,0,0,7.2,7,3,3,1,0,3,6,1.3,0.233,SEA,33,114,14.87,0,5,0,0,0,0,0,0.89,7.04,3.52,2.00,0.261,0,0,0
2022,673,Jake Fishman,P,MIA,0,0,4.09,7,0,0,0,0,0,11.0,13,5,5,0,3,0,6,1.18,0.289,MIA,48,171,15.55,0,2,2,0,0,0,1,1.0,4.91,0.0,-.--,0.333,0,0,0
2022,673,Aaron Fletcher,P,PIT,0,1,6.94,9,0,0,0,0,0,11.2,10,9,9,2,3,4,6,1.2,0.233,PIT,52,173,14.83,0,4,0,0,1,0,0,0.71,4.63,3.09,1.50,0.216,0,0,0
2022,673,Reed Garrett,P,WSH,0,1,6.75,7,0,0,0,0,0,9.1,13,8,7,1,1,8,6,2.25,0.325,WSH,49,196,21.0,0,0,0,1,1,0,1,1.1,5.79,7.71,0.75,0.364,0,1,0
2022,673,Ken Giles,P,SEA,0,0,0.0,5,0,0,0,0,0,4.1,1,0,0,0,0,4,6,1.15,0.071,SEA,18,67,15.46,0,3,0,0,1,0,0,0.75,12.46,8.31,1.50,0.125,0,0,0
2022,673,Bryan Hoeing,P,MIA,1,1,12.08,8,1,0,0,0,0,12.2,19,17,17,5,0,5,6,1.89,0.352,MIA,61,267,21.08,0,0,0,0,1,0,1,2.88,4.26,3.55,1.20,0.318,1,0,0
2022,673,Tyler Holton,P,AZ,0,0,3.0,10,0,0,0,0,0,9.0,8,3,3,1,1,2,6,1.11,0.222,AZ,39,159,17.67,0,5,0,0,1,0,0,0.57,6.0,2.0,3.00,0.241,0,0,0
2022,673,Max Meyer,P,MIA,0,1,7.5,2,2,0,0,0,0,6.0,7,5,5,2,0,2,6,1.5,0.292,MIA,26,89,14.83,0,0,0,0,0,0,0,1.75,9.0,3.0,3.00,0.313,0,1,0
2022,673,Bryce Montes de Oca,P,NYM,0,0,10.8,3,0,0,0,0,0,3.1,7,4,4,0,0,2,6,2.7,0.412,NYM,19,84,25.2,0,1,0,0,1,0,0,3.0,16.2,5.4,3.00,0.636,1,0,0
2022,673,Luis Ortiz,P,SF,0,0,1.04,6,0,0,0,0,0,8.2,5,1,1,0,0,3,6,0.92,0.167,PIT,69,275,17.19,0,0,0,0,0,0,1,0.79,9.56,5.63,1.70,0.171,0,0,0
2022,673,Luis Ortiz,P,SF,0,0,1.04,6,0,0,0,0,0,8.2,5,1,1,0,0,3,6,0.92,0.167,SF,33,118,13.62,0,4,0,0,0,0,1,0.73,6.23,3.12,2.00,0.208,1,0,0
2022,673,Matt Peacock,P,KC,0,0,5.4,9,0,0,0,0,0,10.0,12,6,6,1,0,4,6,1.6,0.286,KC,46,149,14.9,0,7,0,0,1,0,0,2.0,5.4,3.6,1.50,0.314,0,0,0
2022,673,Jhon Romero,P,MIN,0,0,3.6,4,0,0,0,0,0,5.0,9,2,2,0,0,1,6,2.0,0.391,MIN,24,90,18.0,0,3,0,0,0,0,1,7.0,10.8,1.8,6.00,0.529,0,0,0
2022,673,Blake Treinen,P,LAD,1,1,1.8,5,0,0,0,0,0,5.0,1,1,1,1,0,1,6,0.4,0.063,LAD,17,69,13.8,0,1,1,0,0,0,0,2.0,10.8,1.8,6.00,0.0,0,0,0
2022,673,Alex Wells,P,BAL,0,0,4.91,2,0,0,0,0,0,3.2,5,2,2,2,0,0,6,1.36,0.313,BAL,16,66,18.0,0,2,0,0,0,0,0,1.5,14.73,0.0,-.--,0.375,0,0,0
2022,673,Kirby Yates,P,ATL,0,0,5.14,9,0,0,0,0,0,7.0,6,4,4,2,0,5,6,1.57,0.222,ATL,33,137,19.57,0,3,2,0,2,0,0,0.78,7.71,6.43,1.20,0.2,0,0,0
2022,673,Danny Young,P,ATL,0,0,4.26,3,0,0,0,0,0,6.1,11,3,3,1,0,2,6,2.05,0.367,ATL,32,126,19.89,0,3,0,0,0,0,0,1.17,8.53,2.84,3.00,0.435,0,0,0
2022,694,Mark Appel,P,PHI,0,0,1.74,6,0,0,0,0,0,10.1,9,2,2,0,0,3,5,1.16,0.243,PHI,40,149,14.42,0,3,0,0,0,0,2,1.09,4.35,2.61,1.67,0.281,0,1,0
2022,694,Pedro Avila,P,SD,0,0,4.5,2,0,0,0,0,0,4.0,3,3,2,1,1,1,5,1.0,0.188,SD,18,70,17.5,0,1,0,0,1,0,0,1.67,11.25,2.25,5.00,0.2,0,0,0
2022,694,Austin Brice,P,PIT,0,0,4.05,4,0,0,0,0,0,6.2,4,3,3,0,0,3,5,1.05,0.167,PIT,27,106,15.9,0,2,0,0,0,0,0,1.5,6.75,4.05,1.67,0.211,0,0,0
2022,694,José Buttó,P,NYM,0,0,15.75,1,1,0,0,0,0,4.0,9,7,7,2,0,2,5,2.75,0.429,NYM,23,98,24.5,0,0,0,0,0,0,0,0.17,11.25,4.5,2.50,0.5,1,0,0
2022,694,Sam Clay,P,NYM,0,0,8.44,7,0,0,0,0,0,5.1,4,6,5,1,4,4,5,1.5,0.2,NYM,29,100,18.75,0,1,0,0,0,0,0,11.0,8.44,6.75,1.25,0.214,0,0,0
2022,694,Raynel Espinal,P,CIN,0,1,7.71,2,0,0,0,0,0,4.2,6,4,4,1,0,1,5,1.5,0.316,CIN,21,76,16.29,0,0,0,0,0,0,0,1.25,9.64,1.93,5.00,0.385,0,0,0
2022,694,Hunter Gaddis,P,CLE,0,2,18.41,2,2,0,0,0,0,7.1,15,15,15,7,0,3,5,2.45,0.405,CLE,40,171,23.32,0,0,0,0,0,0,0,0.31,6.14,3.68,1.67,0.32,0,0,0
2022,694,Luis Gil,P,NYY,0,0,9.0,1,1,0,0,0,0,4.0,5,4,4,0,0,2,5,1.75,0.294,NYY,19,83,20.75,0,0,0,0,1,0,0,1.33,11.25,4.5,2.50,0.417,0,0,1
2022,694,Greg Holland,P,TEX,0,1,7.71,5,0,0,0,0,0,4.2,6,5,4,3,0,1,5,1.5,0.333,TEX,20,80,17.14,0,2,0,0,0,0,0,1.67,9.64,1.93,5.00,0.273,1,0,0
2022,694,Damon Jones,P,PHI,0,0,9.64,4,0,0,0,0,0,4.2,4,5,5,0,3,5,5,1.93,0.222,PHI,26,105,22.5,0,3,0,0,1,0,0,0.8,9.64,9.64,1.00,0.308,0,0,0
2022,694,Chris Mazza,P,TB,1,0,11.81,2,0,0,0,0,0,5.1,9,10,7,3,2,6,5,2.81,0.333,TB,35,135,25.31,0,0,0,0,1,0,0,1.17,8.44,10.13,0.83,0.316,3,0,0
2022,694,Tommy Milone,P,SEA,1,1,5.4,7,0,0,0,0,0,16.2,14,10,10,4,1,6,5,1.2,0.233,SEA,69,238,14.28,0,3,0,0,0,0,1,0.48,2.7,3.24,0.83,0.189,0,1,0
2022,694,James Naile,P,STL,0,0,5.0,7,0,0,0,0,0,9.0,8,5,5,2,0,2,5,1.11,0.229,STL,37,126,14.0,0,4,0,0,0,0,1,1.75,5.0,2.0,2.50,0.214,1,0,0
2022,694,Spencer Patton,P,TEX,0,0,3.86,7,0,0,0,0,0,7.0,4,3,3,1,2,3,5,1.0,0.174,TEX,29,111,15.86,0,1,1,0,1,0,0,1.14,6.43,3.86,1.67,0.167,2,0,0
2022,694,Chris Sale,P,BOS,0,1,3.18,2,2,0,0,0,0,5.2,5,3,2,0,1,1,5,1.06,0.217,BOS,25,102,18.0,0,0,0,0,0,0,0,2.25,7.94,1.59,5.00,0.278,0,0,0
2022,694,Lucas Sims,P,CIN,1,0,9.45,6,0,0,0,1,1,6.2,5,7,7,0,1,6,5,1.65,0.217,CIN,31,129,19.35,0,1,0,0,0,0,1,2.5,6.75,8.1,0.83,0.263,0,0,0
2022,694,Stephen Strasburg,P,WSH,0,1,13.5,1,1,0,0,0,0,4.2,8,7,7,1,1,2,5,2.14,0.4,WSH,23,83,17.79,0,0,0,0,1,0,1,0.75,9.64,3.86,2.50,0.5,1,0,0
2022,694,Jake Walsh,P,STL,0,1,13.5,3,0,0,0,0,0,2.2,3,4,4,0,1,2,5,1.88,0.25,STL,15,65,24.38,0,1,0,0,0,0,0,0.33,16.88,6.75,2.50,0.429,0,0,0
2022,694,T.J. Zeuch,P,CIN,0,3,15.19,3,3,0,0,0,0,10.2,24,18,18,5,3,7,5,2.91,0.453,CIN,64,250,23.44,0,0,0,0,0,0,2,1.27,4.22,5.91,0.71,0.432,2,0,0
2022,713,Silvino Bracho,P,ATL,0,0,6.23,3,0,0,0,0,0,4.1,3,3,3,2,1,1,4,0.92,0.188,ATL,18,65,15.0,0,2,0,0,0,0,0,0.8,8.31,2.08,4.00,0.1,0,0,0
2022,713,Luis F.L.F Castillo,P,DET,0,0,0.0,3,0,0,0,0,0,3.2,2,0,0,0,0,0,4,0.55,0.143,DET,14,60,16.36,0,1,0,0,0,0,0,1.67,9.82,0.0,-.--,0.2,0,0,0
2022,713,Tyler Clippard,P,WSH,0,0,7.2,4,0,0,0,0,0,5.0,6,4,4,1,3,4,4,2.0,0.286,WSH,28,113,22.6,0,3,0,0,0,0,0,0.83,7.2,7.2,1.00,0.313,1,0,0
2022,713,Cooper Criswell,P,TB,0,0,2.7,1,1,0,0,0,0,3.1,2,1,1,0,0,1,4,0.9,0.167,TB,13,45,13.5,0,0,0,0,0,0,0,1.0,10.8,2.7,4.00,0.25,0,0,0
2022,713,Jerad Eickhoff,P,PIT,0,1,20.77,1,1,0,0,0,0,4.1,10,10,10,2,3,1,4,2.54,0.455,PIT,27,83,19.15,0,0,0,0,0,0,0,1.25,8.31,2.08,4.00,0.471,0,0,0
2022,713,Michael Feliz,P,BOS,0,0,2.7,1,0,0,0,0,0,3.1,1,2,1,1,0,2,4,0.9,0.091,BOS,13,61,18.3,0,0,0,0,0,0,0,5.0,10.8,5.4,2.00,0.0,2,0,0
2022,713,Frank German,P,BOS,0,0,18.0,5,0,0,0,0,0,4.0,7,8,8,2,0,4,4,2.75,0.368,BOS,23,84,21.0,0,3,0,0,0,0,0,3.0,9.0,9.0,1.00,0.385,0,0,0
2022,713,Foster Griffin,P,TOR,0,0,8.53,6,0,0,0,0,0,6.1,7,7,6,0,1,5,4,1.89,0.304,TOR,32,111,17.53,0,4,0,0,0,0,0,1.5,5.68,7.11,0.80,0.35,1,0,0
2022,713,Thomas Hatch,P,TOR,0,1,19.29,1,1,0,0,0,0,4.2,12,10,10,3,1,2,4,3.0,0.522,TOR,26,71,15.21,0,0,0,0,0,0,3,2.5,7.71,3.86,2.00,0.563,0,0,0
2022,713,Kevin Herget,P,TB,0,1,7.71,3,0,0,0,0,0,7.0,9,6,6,0,0,0,4,1.29,0.321,TB,30,111,15.86,0,3,0,0,0,0,0,0.55,5.14,0.0,-.--,0.346,0,0,0
2022,713,Michael Kelly,P,PHI,0,0,2.25,4,0,0,0,0,0,4.0,3,1,1,1,1,1,4,1.0,0.214,PHI,16,64,16.0,0,3,0,0,0,0,0,0.17,9.0,2.25,4.00,0.222,0,0,0
2022,713,Max Kranick,P,PIT,0,0,0.0,2,0,0,0,0,0,5.0,3,0,0,0,0,3,4,1.2,0.188,PIT,19,76,15.2,0,0,1,0,1,0,0,0.5,7.2,5.4,1.33,0.25,0,0,0
2022,713,Casey Mize,P,DET,0,1,5.4,2,2,0,0,0,0,10.0,13,6,6,1,0,2,4,1.5,0.302,DET,45,169,16.9,0,0,0,0,0,0,0,0.63,3.6,1.8,2.00,0.316,3,0,0
2022,713,Patrick Murphy,P,WSH,0,0,6.35,6,0,0,0,0,0,5.2,8,6,4,0,0,8,4,2.82,0.32,WSH,34,142,25.06,0,1,0,0,1,0,0,1.33,6.35,12.71,0.50,0.364,0,0,0
2022,713,Dereck Rodríguez,P,MIN,0,1,3.52,2,0,0,0,0,0,7.2,7,5,3,3,0,4,4,1.43,0.25,MIN,34,99,12.91,0,1,0,1,0,0,0,1.71,4.7,4.7,1.00,0.19,0,0,0
2022,713,Angel Rondón,P,STL,1,0,0.0,1,0,0,0,0,0,5.0,1,0,0,0,0,3,4,0.8,0.059,STL,20,86,17.2,0,0,0,0,0,0,0,0.33,7.2,5.4,1.33,0.077,1,0,0
2022,713,Locke St. John,P,CHC,0,0,13.5,1,0,0,0,0,0,2.0,3,3,3,2,0,0,4,1.5,0.333,CHC,9,29,14.5,0,1,0,0,0,0,0,0.0,18.0,0.0,-.--,0.333,0,0,0
2022,713,Justin Topa,P,MIL,0,0,4.91,7,0,0,0,0,1,7.1,9,6,4,0,0,4,4,1.77,0.29,MIL,35,125,17.05,0,1,1,1,0,0,1,3.5,4.91,4.91,1.00,0.333,1,1,1
2022,713,Cole Waites,P,SF,0,0,3.18,7,0,0,0,0,0,5.2,6,2,2,1,0,4,4,1.76,0.286,SF,25,104,18.35,0,3,0,0,0,0,1,1.2,6.35,6.35,1.00,0.313,1,0,0
2022,732,Luke Barker,P,MIL,0,0,11.25,3,0,0,0,0,0,4.0,7,5,5,2,0,0,3,1.75,0.368,MIL,19,54,13.5,0,2,0,0,1,0,0,2.0,6.75,0.0,-.--,0.357,0,0,0
2022,732,Xzavion Curry,P,CLE,0,1,5.79,2,2,0,0,0,0,9.1,13,7,6,1,1,6,3,2.04,0.325,CLE,47,165,17.68,0,0,0,0,0,0,1,0.71,2.89,5.79,0.50,0.333,0,1,0
2022,732,Phillip Diehl,P,CIN,0,0,11.12,5,0,0,0,0,0,5.2,8,7,7,3,0,3,3,1.94,0.32,CIN,28,120,21.18,0,1,0,1,1,0,0,0.4,4.76,4.76,1.00,0.263,0,0,0
2022,732,Kyle Dowdy,P,CIN,0,0,0.0,2,0,0,0,0,0,6.1,5,0,0,0,1,3,3,1.26,0.217,CIN,27,95,15.0,0,0,0,0,0,0,1,1.14,4.26,4.26,1.00,0.25,0,0,0
2022,732,Miguel Díaz,P,DET,0,0,2.45,3,0,0,0,0,0,3.2,1,1,1,0,0,2,3,0.82,0.083,DET,14,56,15.27,0,0,0,0,1,0,0,1.67,7.36,4.91,1.50,0.111,1,0,0
2022,732,Anthony Kay,P,TOR,0,0,4.5,1,0,0,0,0,0,2.0,2,1,1,0,1,1,3,1.5,0.286,TOR,10,39,19.5,0,1,0,0,0,0,0,0.5,13.5,4.5,3.00,0.4,0,0,0
2022,732,Ray Kerr,P,SD,0,0,9.0,7,0,0,0,0,0,5.0,3,5,5,1,0,4,3,1.4,0.188,SD,21,88,17.6,0,6,0,0,1,0,0,0.38,5.4,7.2,0.75,0.154,0,0,0
2022,732,Matt Koch,P,SEA,0,0,8.31,4,0,0,0,0,0,4.1,5,4,4,2,0,1,3,1.38,0.278,SEA,19,72,16.62,0,2,0,0,0,0,0,0.43,6.23,2.08,3.00,0.231,0,0,0
2022,732,Parker Markel,P,OAK,0,0,0.0,3,0,0,0,0,0,3.0,1,0,0,0,0,5,3,2.0,0.125,OAK,13,61,20.33,0,1,0,0,0,0,1,1.0,9.0,15.0,0.60,0.2,0,0,0
2022,732,David McKay,P,OAK,0,0,6.75,4,0,0,0,0,0,6.2,8,5,5,1,0,4,3,1.8,0.296,OAK,32,135,20.25,0,2,0,0,0,0,0,1.13,4.05,5.4,0.75,0.292,0,0,0
2022,732,Francisco Morales,P,PHI,0,0,7.2,3,0,0,0,1,1,5.0,2,5,4,1,1,6,3,1.6,0.143,PHI,21,79,15.8,0,2,0,0,0,0,3,3.5,5.4,10.8,0.50,0.1,0,0,0
2022,732,Nick Neidert,P,MIA,0,1,3.6,1,1,0,0,0,0,5.0,5,2,2,1,0,0,3,1.0,0.25,MIA,20,82,16.4,0,0,0,0,0,0,0,0.71,5.4,0.0,-.--,0.25,0,0,0
2022,732,Denyi Reyes,P,BAL,0,0,2.35,3,1,0,0,0,0,7.2,8,2,2,0,0,1,3,1.17,0.267,BAL,31,117,15.26,0,1,0,0,0,0,0,0.73,3.52,1.17,3.00,0.296,0,0,0
2022,732,Cody Sedlock,P,BAL,0,0,15.0,1,0,0,0,0,0,3.0,6,5,5,0,0,1,3,2.33,0.4,BAL,16,71,23.67,0,0,0,0,0,0,0,1.0,9.0,3.0,3.00,0.5,0,0,0
2022,732,Arodys Vizcaíno,P,KC,0,0,6.35,7,0,0,0,0,0,5.2,4,4,4,1,0,7,3,1.94,0.182,KC,29,115,20.29,0,1,2,0,0,0,0,0.25,4.76,11.12,0.43,0.167,1,0,0
2022,732,Ryan Weathers,P,SD,0,0,9.82,1,1,0,0,0,0,3.2,6,4,4,0,0,4,3,2.73,0.353,SD,21,89,24.27,0,0,0,0,0,0,0,0.6,7.36,9.82,0.75,0.429,0,0,0
2022,732,Ryan Weber,P,NYY,0,0,0.84,5,0,0,0,1,1,10.2,6,1,1,1,0,1,3,0.66,0.167,NYY,37,127,11.91,0,4,0,0,0,0,0,2.0,2.53,0.84,3.00,0.156,0,1,1
2022,732,Simeon Woods Richardson,P,MIN,0,1,3.6,1,1,0,0,0,0,5.0,3,3,2,1,0,2,3,1.0,0.167,MIN,20,91,18.2,0,0,0,0,1,0,0,0.2,5.4,3.6,1.50,0.143,1,0,0
2022,732,Rob Zastryzny,P,LAA,0,0,6.75,6,0,0,0,0,0,4.0,3,4,3,0,0,1,3,1.0,0.2,LAA,16,72,18.0,0,1,0,0,1,0,0,0.8,6.75,2.25,3.00,0.25,1,0,0
2022,732,Angel Zerpa,P,KC,2,1,1.64,3,2,0,0,0,0,11.0,9,3,2,2,0,3,3,1.09,0.22,KC,44,159,14.45,0,0,0,0,1,0,1,1.07,2.45,2.45,1.00,0.194,0,0,0
2022,752,Austin Adams,P,SD,1,0,0.0,2,0,0,0,0,0,2.1,0,0,0,0,0,3,2,1.29,0.0,SD,9,48,20.57,0,0,0,0,0,0,1,4.0,7.71,11.57,0.67,0.0,0,0,0
2022,752,Jorge Alcala,P,MIN,0,0,0.0,2,0,0,0,0,0,2.1,2,0,0,0,0,2,2,1.71,0.25,MIN,10,40,17.14,0,0,0,0,0,0,1,3.0,7.71,7.71,1.00,0.333,0,0,0
2022,752,R.J. Alvarez,P,NYM,0,1,11.57,1,0,0,0,0,0,2.1,4,3,3,2,0,3,2,3.0,0.4,NYM,13,51,21.86,0,0,0,0,0,0,0,1.0,7.71,11.57,0.67,0.333,0,0,0
2022,752,Michel Baez,P,SD,0,0,0.0,2,0,0,0,0,0,2.0,1,0,0,0,0,0,2,0.5,0.143,SD,7,25,12.5,0,2,0,0,1,0,0,0.33,9.0,0.0,-.--,0.2,0,0,0
2022,752,Pedro Báez,P,HOU,0,0,11.57,3,0,0,0,0,0,2.1,5,6,3,0,0,3,2,3.43,0.417,HOU,16,73,31.29,0,1,0,0,0,1,0,0.5,7.71,11.57,0.67,0.455,0,0,0
2022,752,Alex Claudio,P,NYM,0,0,0.0,3,0,0,0,0,0,3.1,1,0,0,0,0,2,2,0.9,0.091,NYM,13,50,15.0,0,2,0,0,0,0,0,1.67,5.4,5.4,1.00,0.111,0,0,0
2022,752,Noah Davis,P,COL,0,0,18.0,1,0,0,0,0,0,1.0,3,2,2,1,0,1,2,4.0,0.5,COL,7,32,32.0,0,0,0,0,0,0,0,0.0,18.0,9.0,2.00,0.667,0,0,0
2022,752,Daniel Duarte,P,CIN,0,0,10.13,3,0,0,0,0,0,2.2,3,3,3,1,0,3,2,2.25,0.3,CIN,14,77,28.88,0,1,0,0,0,0,0,0.0,6.75,10.13,0.67,0.25,0,0,0
2022,752,Chris Ellis,P,BAL,0,0,10.38,2,2,0,0,0,0,4.1,5,5,5,0,1,6,2,2.54,0.278,BAL,25,83,19.15,0,0,0,0,0,0,1,1.75,4.15,12.46,0.33,0.313,2,0,0
2022,752,Rico Garcia,P,BAL,0,0,4.5,6,0,0,0,0,0,8.0,8,4,4,2,0,3,2,1.38,0.25,BAL,35,136,17.0,0,4,0,0,0,0,0,0.38,2.25,3.38,0.67,0.214,1,0,0
2022,752,Shane Greene,P,NYY,1,0,6.0,2,0,0,0,0,0,3.0,3,2,2,1,0,1,2,1.33,0.25,NYY,13,50,16.67,0,2,0,0,0,0,0,0.17,6.0,3.0,2.00,0.222,0,0,0
2022,752,Josh Harrison,2B,CWS,0,0,18.0,3,0,0,0,0,0,3.0,9,6,6,1,0,2,2,3.67,0.563,CWS,18,57,19.0,0,3,0,0,0,0,2,0.67,6.0,6.0,1.00,0.615,0,0,0
2022,752,Jordan Holloway,P,MIA,0,0,3.38,1,0,0,0,0,0,2.2,3,1,1,0,0,1,2,1.5,0.3,MIA,11,47,17.63,0,0,0,0,0,0,1,0.67,6.75,3.38,2.00,0.375,0,0,0
2022,752,Nick Mears,P,PIT,0,0,0.0,2,0,0,0,0,0,2.0,1,0,0,0,0,1,2,1.0,0.143,PIT,8,31,15.5,0,0,1,0,0,0,0,1.0,9.0,4.5,2.00,0.2,0,0,0
2022,752,Cristofer Ogando,P,TB,0,0,4.15,3,0,0,0,0,0,4.1,4,2,2,0,1,1,2,1.15,0.286,TB,17,74,17.08,0,2,0,0,0,0,1,0.5,4.15,2.08,2.00,0.308,0,1,0
2022,752,Enoli Paredes,P,HOU,0,0,3.0,3,0,0,0,0,0,3.0,3,1,1,0,0,3,2,2.0,0.273,HOU,14,57,19.0,0,3,0,0,0,0,1,1.0,6.0,9.0,0.67,0.333,0,0,0
2022,752,Connor Sadzeck,P,MIL,0,0,9.0,2,0,0,0,0,0,3.0,4,3,3,2,0,1,2,1.67,0.333,MIL,13,48,16.0,0,2,0,0,1,0,1,0.2,6.0,3.0,2.00,0.25,1,0,0
2022,752,Gregory Santos,P,SF,0,0,4.91,2,0,0,0,0,0,3.2,3,2,2,0,0,3,2,1.64,0.214,SF,17,67,18.27,0,1,0,0,0,0,0,3.5,4.91,7.36,0.67,0.25,0,0,0
2022,752,Michael A. Taylor,RF,KC,0,0,9.0,1,0,0,0,0,0,2.0,5,2,2,1,0,2,2,3.5,0.455,KC,13,37,18.5,0,1,0,0,0,0,0,1.0,9.0,9.0,1.00,0.5,0,0,0
2022,752,Tanner Tully,P,CLE,0,0,6.0,3,0,0,0,0,0,6.0,8,4,4,1,0,6,2,2.33,0.333,CLE,30,116,19.33,0,2,0,1,1,0,1,0.75,3.0,9.0,0.33,0.333,0,0,0
2022,752,Kyle Tyler,P,SD,1,0,0.0,2,0,0,0,0,0,4.0,2,0,0,0,0,1,2,0.75,0.154,SD,14,40,10.0,0,1,0,0,0,0,0,3.5,4.5,2.25,2.00,0.182,0,0,0
2022,752,William Woods,P,ATL,0,0,0.0,2,0,0,0,0,0,2.0,2,0,0,0,0,1,2,1.5,0.286,ATL,8,31,15.5,0,1,0,0,0,0,1,0.5,9.0,4.5,2.00,0.4,0,0,0
2022,752,Aneurys Zabala,P,MIA,0,0,0.0,2,0,0,0,0,0,2.2,3,0,0,0,0,1,2,1.5,0.333,MIA,11,43,16.13,0,2,0,0,0,0,1,0.67,6.75,3.38,2.00,0.375,1,0,0
2022,775,Ehire Adrianza,SS,WSH,0,0,0.0,1,0,0,0,0,0,1.0,0,0,0,0,0,1,1,1.0,0.0,WSH,4,12,12.0,0,1,0,0,0,0,0,0.0,9.0,9.0,1.00,0.0,0,0,0
2022,775,Hanser Alberto,3B,LAD,0,0,4.09,10,0,0,0,0,0,11.0,10,5,5,2,1,3,1,1.18,0.238,LAD,47,152,13.82,0,10,0,0,0,0,0,0.23,0.82,2.45,0.33,0.2,0,0,0
2022,775,Cam Alldred,P,PIT,0,0,0.0,1,0,0,0,0,0,1.0,1,0,0,0,0,0,1,1.0,0.25,PIT,4,16,16.0,0,0,0,0,0,0,0,1.0,9.0,0.0,-.--,0.333,0,0,0
2022,775,Matthew Batten,2B,SD,0,0,4.5,2,0,0,0,0,0,2.0,2,1,1,1,0,0,1,1.0,0.25,SD,8,26,13.0,0,2,0,0,0,0,0,0.0,4.5,0.0,-.--,0.167,0,0,0
2022,775,Christian Bethancourt,1B,TB,0,0,2.25,4,0,0,0,0,0,4.0,6,1,1,1,0,1,1,1.75,0.333,TB,19,52,13.0,0,4,0,0,0,0,0,0.1,2.25,2.25,1.00,0.313,0,0,0
2022,775,Jackie Bradley,CF,BOS,0,0,9.0,1,0,0,0,0,0,1.0,1,1,1,0,0,3,1,4.0,0.25,BOS,7,30,30.0,0,1,0,0,0,0,0,1.0,9.0,27.0,0.33,0.333,0,0,0
2022,775,Zack Britton,P,NYY,0,0,13.5,3,0,0,0,0,0,0.2,1,1,1,0,0,6,1,10.5,0.333,NYY,9,39,58.5,0,0,2,0,1,0,0,1.0,13.5,81.0,0.17,0.5,0,0,0
2022,775,Ryan Castellani,P,OAK,0,0,0.0,3,0,0,0,0,0,2.2,2,1,0,0,0,0,1,0.75,0.182,OAK,11,45,16.88,0,1,1,0,2,0,0,1.67,3.38,0.0,-.--,0.2,0,0,0
2022,775,Diego Castillo,SS,PIT,0,0,36.0,2,0,0,0,0,0,2.0,6,8,8,1,1,3,1,4.5,0.545,SEA,222,843,15.52,0,23,9,4,1,0,5,1.06,8.78,3.64,2.41,0.25,10,1,0
2022,775,Diego Castillo,SS,PIT,0,0,36.0,2,0,0,0,0,0,2.0,6,8,8,1,1,3,1,4.5,0.545,PIT,15,60,30.0,0,2,0,0,0,0,1,3.0,4.5,13.5,0.33,0.556,0,0,0
2022,775,José Castillo,P,SD,0,0,9.0,1,0,0,0,0,0,1.0,1,1,1,0,0,1,1,2.0,0.333,SD,5,16,16.0,0,0,0,0,0,0,0,1.0,9.0,9.0,1.00,0.333,0,0,0
2022,775,Harold Castro,2B,DET,0,0,4.5,4,0,0,0,0,0,4.0,6,2,2,0,1,1,1,1.75,0.4,DET,18,50,12.5,0,3,0,0,0,0,1,0.8,2.25,2.25,1.00,0.4,0,0,0
2022,775,Kody Clemens,2B,DET,0,0,3.86,7,0,0,0,0,0,7.0,12,3,3,0,0,1,1,1.86,0.375,DET,33,88,12.57,0,6,0,0,0,0,1,0.73,1.29,1.29,1.00,0.387,0,0,0
2022,775,Matt Dermody,P,CHC,0,0,18.0,1,0,0,0,0,0,1.0,2,2,2,0,0,2,1,4.0,0.4,CHC,7,26,26.0,0,1,0,1,0,0,0,0.0,9.0,18.0,0.50,0.5,0,0,0
2022,775,Nick Duron,P,PHI,0,0,0.0,1,0,0,0,0,0,1.0,2,0,0,0,0,0,1,2.0,0.5,PHI,4,16,16.0,0,0,0,0,0,0,1,1.0,9.0,0.0,-.--,0.667,0,0,0
2022,775,Robbie Erlin,P,LAD,0,0,9.0,2,0,0,0,0,0,2.0,2,2,2,1,0,1,1,1.5,0.25,LAD,9,40,20.0,0,2,0,0,0,0,0,0.67,4.5,4.5,1.00,0.167,0,0,0
2022,775,Nate Fisher,P,NYM,0,0,0.0,1,0,0,0,0,0,3.0,1,0,0,0,0,2,1,1.0,0.111,NYM,11,50,16.67,0,0,0,0,0,0,0,0.17,3.0,6.0,0.50,0.125,0,1,1
2022,775,Bowden Francis,P,TOR,0,0,0.0,1,0,0,0,0,0,0.2,1,0,0,0,0,0,1,1.5,0.333,TOR,3,9,13.5,0,1,0,0,0,0,0,1.0,13.5,0.0,-.--,0.5,0,0,0
2022,775,Jake Hager,SS,AZ,0,0,7.71,3,0,0,0,0,0,2.1,3,2,2,0,0,0,1,1.29,0.3,AZ,10,28,12.0,0,3,0,0,0,0,0,0.5,3.86,0.0,-.--,0.333,0,0,0
2022,775,Sam Howard,P,PIT,0,0,9.0,3,0,0,0,0,0,2.0,2,2,2,1,1,4,1,3.0,0.286,PIT,12,58,29.0,0,2,0,0,0,0,0,1.0,4.5,18.0,0.25,0.2,0,0,0
2022,775,Jay Jackson,P,ATL,0,0,0.0,2,0,0,0,0,0,1.1,1,0,0,0,0,0,1,0.75,0.2,ATL,5,12,9.0,0,1,0,0,0,0,0,0.5,6.75,0.0,-.--,0.25,0,0,0
2022,775,Zac Lowther,P,BAL,0,0,8.44,1,0,0,0,0,0,5.1,8,6,5,0,1,2,1,1.88,0.348,BAL,28,100,18.75,0,0,0,0,0,0,0,1.0,1.69,3.38,0.50,0.333,0,0,0
2022,775,Easton McGee,P,TB,0,0,0.0,1,0,0,0,0,0,3.0,4,1,0,0,0,0,1,1.33,0.286,TB,14,46,15.33,0,1,0,0,0,0,0,0.29,3.0,0.0,-.--,0.308,0,0,0
2022,775,J.C. Mejía,P,MIL,0,0,23.14,2,0,0,0,0,0,2.1,5,6,6,0,0,5,1,4.29,0.455,MIL,16,59,25.29,0,1,0,0,0,0,0,4.0,3.86,19.29,0.20,0.5,0,0,0
2022,775,Conner Menez,P,CHC,0,0,0.0,1,0,0,0,0,0,1.0,1,0,0,0,1,0,1,1.0,0.25,CHC,5,24,24.0,0,0,0,0,0,0,0,1.0,9.0,0.0,-.--,0.333,0,0,0
2022,775,Yadier Molina,C,STL,0,0,18.0,2,0,0,0,0,0,2.0,6,4,4,2,0,0,1,3.0,0.5,STL,12,40,20.0,0,2,0,0,0,0,0,0.25,4.5,0.0,-.--,0.444,0,0,0
2022,775,Vinny Nittoli,P,PHI,0,0,0.0,2,0,0,0,0,0,2.0,0,0,0,0,1,1,1,0.5,0.0,PHI,8,40,20.0,0,0,1,0,0,0,0,1.5,4.5,4.5,1.00,0.0,0,0,0
2022,775,Riley O'Brien,P,SEA,0,0,0.0,1,0,0,0,0,0,1.0,1,0,0,0,0,1,1,2.0,0.25,SEA,5,23,23.0,0,1,0,0,0,0,0,2.0,9.0,9.0,1.00,0.333,0,0,0
2022,775,Nicholas Padilla,P,CHC,0,0,5.4,1,0,0,0,0,0,1.2,2,1,1,0,0,2,1,2.4,0.286,CHC,9,39,23.4,0,0,0,0,1,0,0,0.33,5.4,10.8,0.50,0.333,0,0,0
2022,775,Jermaine Palacios,SS,MIN,0,0,0.0,2,0,0,0,0,0,0.2,1,0,0,0,0,0,1,1.5,0.333,MIN,3,8,12.0,0,2,0,0,0,0,0,0.0,13.5,0.0,-.--,0.5,0,0,0
2022,775,Oliver Pérez,P,AZ,1,1,15.75,7,0,0,0,0,0,4.0,8,9,7,1,1,1,1,2.25,0.444,AZ,24,73,18.25,0,1,0,0,0,0,0,0.71,2.25,2.25,1.00,0.368,1,0,0
2022,775,Franmil Reyes,RF,CHC,0,0,0.0,1,0,0,0,0,0,1.0,0,0,0,0,1,0,1,0.0,0.0,CHC,3,10,10.0,0,1,0,0,0,0,1,1.0,9.0,0.0,-.--,0.0,0,0,0
2022,775,Yerry Rodríguez,P,TEX,0,0,0.0,1,0,0,0,0,0,1.0,1,0,0,0,0,0,1,1.0,0.25,TEX,4,18,18.0,0,0,1,0,1,0,0,1.0,9.0,0.0,-.--,0.333,0,0,0
2022,775,Bubby Rossman,P,PHI,0,0,18.0,1,0,0,0,0,0,1.0,1,2,2,1,0,1,1,2.0,0.25,PHI,5,18,18.0,0,1,0,0,0,0,0,0.0,9.0,9.0,1.00,0.0,0,0,0
2022,775,Jordan Sheffield,P,COL,0,0,0.0,2,0,0,0,0,0,2.0,2,0,0,0,0,2,1,2.0,0.333,COL,8,37,18.5,0,2,0,0,0,0,1,2.0,4.5,9.0,0.50,0.4,0,1,1
2022,775,Garrett Stubbs,C,PHI,0,0,17.18,4,0,0,0,0,0,3.2,7,7,7,3,0,1,1,2.18,0.412,PHI,18,60,16.36,0,4,0,0,0,0,1,3.5,2.45,2.45,1.00,0.308,0,0,0
2022,775,Freddy Tarnok,P,ATL,0,0,0.0,1,0,0,0,0,0,0.2,1,0,0,0,0,0,1,1.5,0.333,ATL,3,10,15.0,0,1,0,0,0,0,0,1.0,13.5,0.0,-.--,0.5,1,0,0
2022,811,Shaun Anderson,P,TOR,0,0,18.0,1,0,0,0,0,0,1.0,4,2,2,0,0,0,0,4.0,0.667,TOR,7,21,21.0,0,1,0,0,0,0,0,0.0,0.0,0.0,-.--,0.571,0,0,0
2022,811,Orlando Arcia,SS,ATL,0,0,0.0,1,0,0,0,0,0,1.0,0,0,0,0,0,1,0,1.0,0.0,ATL,4,10,10.0,0,1,0,0,0,0,0,0.0,0.0,9.0,0.00,0.0,0,0,0
2022,811,Willians Astudillo,3B,MIA,0,0,0.0,2,0,0,0,0,0,2.0,0,0,0,0,0,2,0,1.0,0.0,MIA,7,23,11.5,0,2,0,0,0,0,1,0.25,0.0,9.0,0.00,0.0,0,0,0
2022,811,Tucker Barnhart,C,DET,0,0,9.0,1,0,0,0,0,0,1.0,3,1,1,0,0,0,0,3.0,0.6,DET,5,17,17.0,0,1,0,0,0,0,1,1.0,0.0,0.0,-.--,0.6,0,0,0
2022,811,Brennan Bernardino,P,SEA,0,1,3.86,2,0,0,0,0,0,2.1,3,3,1,0,0,2,0,2.14,0.3,SEA,13,41,17.57,0,2,0,1,0,0,0,0.6,0.0,7.71,0.00,0.273,0,0,0
2022,811,Mike Brosseau,3B,MIL,0,0,0.0,3,0,0,0,0,0,3.0,2,0,0,0,0,1,0,1.0,0.167,MIL,13,44,14.67,0,3,0,0,0,0,0,1.0,0.0,3.0,0.00,0.167,0,0,0
2022,811,Victor Caratini,C,MIL,0,0,27.0,1,0,0,0,0,0,1.0,2,3,3,0,1,1,0,3.0,0.4,MIL,7,14,14.0,0,1,0,0,0,0,0,0.5,0.0,9.0,0.00,0.4,0,0,0
2022,811,Yu Chang,SS,TB,0,0,13.5,2,0,0,0,0,0,2.0,6,3,3,1,0,0,0,3.0,0.6,TB,11,26,13.0,0,2,0,0,0,0,1,0.67,0.0,0.0,-.--,0.5,0,0,0
2022,811,Ernie Clement,3B,CLE,0,0,18.0,2,0,0,0,0,0,2.0,6,4,4,2,0,0,0,3.0,0.6,CLE,11,42,21.0,0,2,0,0,1,0,1,4.0,0.0,0.0,-.--,0.444,0,0,0
2022,811,Charlie Culberson,3B,TEX,0,0,0.0,2,0,0,0,0,0,2.0,1,0,0,0,0,1,0,1.0,0.143,TEX,8,28,14.0,0,2,0,0,0,0,0,1.0,0.0,4.5,0.00,0.143,0,0,0
2022,811,Corey Dickerson,LF,STL,0,0,0.0,1,0,0,0,0,0,1.0,2,0,0,0,0,1,0,3.0,0.4,STL,6,18,18.0,0,1,0,0,0,0,0,0.0,0.0,9.0,0.00,0.4,0,0,0
2022,811,Hunter Dozier,1B,KC,0,0,18.0,1,0,0,0,0,0,1.0,2,2,2,1,0,1,0,3.0,0.4,KC,6,23,23.0,0,1,0,0,0,0,0,2.0,0.0,9.0,0.00,0.25,0,0,0
2022,811,Alcides Escobar,SS,WSH,0,0,10.8,2,0,0,0,0,0,1.2,3,2,2,0,1,1,0,2.4,0.375,WSH,10,24,14.4,0,2,0,0,0,0,0,1.5,0.0,5.4,0.00,0.375,0,0,0
2022,811,Mike Ford,1B,ATL,0,0,18.0,1,0,0,0,0,0,1.0,1,2,2,1,0,1,0,2.0,0.25,ATL,5,15,15.0,0,1,0,0,0,0,0,0.5,0.0,9.0,0.00,0.0,0,0,0
2022,811,Marwin Gonzalez,SS,NYY,0,0,0.0,1,0,0,0,0,0,0.1,0,0,0,0,0,0,0,0.0,0.0,NYY,1,4,12.0,0,1,0,0,0,0,0,1.0,0.0,0.0,-.--,0.0,0,0,0
2022,811,LuisL GonzalezGonzález,RF,SF,0,0,5.68,5,0,0,0,0,0,6.1,9,4,4,0,0,1,0,1.58,0.31,SF,30,86,13.58,0,5,0,0,0,0,0,2.33,0.0,1.42,0.00,0.31,0,0,0
2022,811,Nick Gordon,SS,MIN,0,0,22.09,4,0,0,0,0,0,3.2,10,9,9,2,0,4,0,3.82,0.476,MIN,25,85,23.18,0,3,0,0,0,0,0,0.38,0.0,9.82,0.00,0.421,0,0,0
2022,811,Phil Gosselin,2B,LAA,0,0,0.0,1,0,0,0,0,0,1.0,0,0,0,0,0,0,0,0.0,0.0,LAA,3,5,5.0,0,1,0,0,0,0,0,2.0,0.0,0.0,-.--,0.0,0,0,0
2022,811,Randal Grichuk,RF,COL,0,0,0.0,1,0,0,0,0,0,1.0,0,0,0,0,0,0,0,0.0,0.0,COL,3,10,10.0,0,1,0,0,0,0,0,2.0,0.0,0.0,-.--,0.0,0,0,0
2022,811,Darick Hall,1B,PHI,0,0,0.0,1,0,0,0,0,0,0.1,1,0,0,0,0,0,0,3.0,0.5,PHI,2,6,18.0,0,1,0,0,0,0,0,0.0,0.0,0.0,-.--,0.5,0,0,0
2022,811,Ian Hamilton,P,MIN,0,0,6.75,1,0,0,0,0,0,2.2,3,2,2,1,0,1,0,1.5,0.3,MIN,11,42,15.75,0,0,0,0,0,0,1,0.75,0.0,3.38,0.00,0.222,0,0,0
2022,811,Carson Kelly,C,AZ,0,0,7.71,4,0,0,0,0,0,4.2,9,4,4,1,0,2,0,2.36,0.409,AZ,24,68,14.57,0,4,0,0,0,0,0,0.18,0.0,3.86,0.00,0.381,0,0,0
2022,811,Andrew Knizner,C,STL,0,0,0.0,1,0,0,0,0,0,0.2,1,0,0,0,0,0,0,1.5,0.333,STL,3,11,16.5,0,1,0,0,0,0,0,1.0,0.0,0.0,-.--,0.333,0,0,0
2022,811,A.J. Ladwig,P,MIA,0,0,10.8,1,0,0,0,0,0,3.1,6,4,4,2,0,0,0,1.8,0.4,MIA,15,41,12.3,0,0,0,0,0,0,1,1.25,0.0,0.0,-.--,0.308,0,0,0
2022,811,Sandy León,C,CLE,0,0,0.0,1,0,0,0,0,0,2.0,0,0,0,0,0,0,0,0.0,0.0,CLE,6,17,8.5,0,1,0,0,0,0,0,0.2,0.0,0.0,-.--,0.0,0,0,0
2022,811,Brendon Little,P,CHC,0,1,40.5,1,0,0,0,0,1,0.2,2,3,3,1,1,1,0,4.5,0.5,CHC,6,22,33.0,0,0,0,0,0,0,0,1.0,0.0,13.5,0.00,0.333,0,0,0
2022,811,Alejo Lopez,2B,CIN,0,0,6.75,3,0,0,0,0,0,2.2,2,2,2,2,0,0,0,0.75,0.2,CIN,10,26,9.75,0,3,0,0,0,0,0,0.33,0.0,0.0,-.--,0.0,0,0,0
2022,811,Nicky Lopez,3B,KC,0,0,18.0,1,0,0,0,0,0,1.0,3,2,2,2,0,0,0,3.0,0.5,KC,6,16,16.0,0,1,0,0,0,0,0,2.0,0.0,0.0,-.--,0.25,0,0,0
2022,811,Nick Maton,1B,PHI,0,0,20.25,2,0,0,0,0,0,1.1,4,3,3,0,0,0,0,3.0,0.5,PHI,8,25,18.75,0,2,0,0,0,0,0,1.0,0.0,0.0,-.--,0.5,0,0,0
2022,811,Jack Mayfield,2B,LAA,0,0,0.0,1,0,0,0,0,0,1.0,1,0,0,0,0,0,0,1.0,0.25,LAA,4,13,13.0,0,1,0,0,0,0,0,0.5,0.0,0.0,-.--,0.25,0,0,0
2022,811,Reese McGuire,C,BOS,0,0,0.0,1,0,0,0,0,0,1.0,0,0,0,0,0,0,0,0.0,0.0,BOS,3,7,7.0,0,1,0,0,0,0,0,0.5,0.0,0.0,-.--,0.0,0,0,0
2022,811,Ryan McKenna,CF,BAL,0,0,13.5,2,0,0,0,0,0,1.1,5,2,2,0,0,1,0,4.5,0.714,BAL,10,31,23.25,0,2,0,0,0,0,0,0.33,0.0,6.75,0.00,0.556,0,0,0
2022,811,Whit Merrifield,2B,TOR,0,0,18.0,1,0,0,0,0,0,1.0,2,2,2,1,1,0,0,2.0,0.4,TOR,6,13,13.0,0,1,0,0,0,0,0,0.5,0.0,0.0,-.--,0.25,0,0,0
2022,811,Brian Moran,P,LAA,0,0,54.0,1,0,0,0,0,0,0.1,3,2,2,1,0,1,0,12.0,0.75,LAA,5,25,75.0,0,0,0,1,0,0,0,1.0,0.0,27.0,0.00,0.667,0,0,0
2022,811,Wil Myers,1B,SD,0,0,7.36,4,0,0,0,0,0,3.2,4,3,3,3,1,0,0,1.09,0.286,SD,16,43,11.73,0,4,0,0,0,0,0,0.38,0.0,0.0,-.--,0.083,0,0,0
2022,811,Sheldon Neuse,3B,OAK,0,0,0.0,3,0,0,0,0,0,3.2,1,0,0,0,0,0,0,0.27,0.083,OAK,12,33,9.0,0,3,0,0,0,0,0,0.38,0.0,0.0,-.--,0.083,0,0,0
2022,811,Chris Owings,SS,BAL,0,0,9.0,1,0,0,0,0,0,1.0,2,1,1,0,0,0,0,2.0,0.4,BAL,5,10,10.0,0,1,0,0,0,0,0,0.5,0.0,0.0,-.--,0.4,0,0,0
2022,811,Jace Peterson,2B,MIL,0,0,0.0,1,0,0,0,0,0,1.0,0,0,0,0,0,0,0,0.0,0.0,MIL,3,8,8.0,0,1,0,0,0,0,0,2.0,0.0,0.0,-.--,0.0,0,0,0
2022,811,Brett Phillips,P,TB,0,0,18.0,3,0,0,0,0,0,4.0,9,8,8,3,0,2,0,2.75,0.45,TB,22,59,14.75,0,3,0,0,0,0,1,0.38,0.0,4.5,0.00,0.353,0,0,0
2022,811,Chad Pinder,LF,OAK,0,0,27.0,1,0,0,0,0,0,1.0,2,3,3,0,1,2,0,4.0,0.5,OAK,7,26,26.0,0,1,0,0,0,0,0,0.0,0.0,18.0,0.00,0.5,0,0,0
2022,811,Kevin Plawecki,C,BOS,0,0,0.0,1,0,0,0,0,0,1.0,1,0,0,0,0,0,0,1.0,0.25,BOS,4,18,18.0,0,1,0,0,0,0,0,0.0,0.0,0.0,-.--,0.25,0,0,0
2022,811,Albert Pujols,1B,STL,0,0,36.0,1,0,0,0,0,0,1.0,3,4,4,2,0,1,0,4.0,0.5,STL,7,27,27.0,0,1,0,0,0,0,0,2.0,0.0,9.0,0.00,0.25,0,0,0
2022,811,Gerardo Reyes,P,LAA,0,0,4.5,2,0,0,0,0,0,2.0,3,1,1,1,0,3,0,3.0,0.333,LAA,12,47,23.5,0,1,0,0,0,0,0,0.2,0.0,13.5,0.00,0.25,0,0,0
2022,811,Pablo Reyes,OF,MIL,0,0,0.0,1,0,0,0,0,0,1.0,0,0,0,0,0,0,0,0.0,0.0,MIL,3,9,9.0,0,1,0,0,0,0,0,0.5,0.0,0.0,-.--,0.0,0,0,0
2022,811,Matt Reynolds,3B,CIN,0,0,6.75,2,0,0,0,0,0,1.1,3,1,1,0,2,0,0,2.25,0.5,CIN,9,21,15.75,0,2,0,0,0,0,0,0.33,0.0,0.0,-.--,0.429,0,0,0
2022,811,Darin Ruf,1B,NYM,0,0,0.0,1,0,0,0,0,0,2.0,1,0,0,0,0,0,0,0.5,0.143,NYM,7,14,7.0,0,1,0,0,0,0,0,0.2,0.0,0.0,-.--,0.143,0,0,0
2022,811,Tayler Saucedo,P,TOR,0,0,13.5,4,0,0,0,0,0,2.2,6,4,4,3,0,1,0,2.63,0.429,TOR,15,48,18.0,0,0,0,0,0,0,0,1.67,0.0,3.38,0.00,0.273,0,0,0
2022,811,Max Schrock,2B,CIN,0,0,45.0,1,0,0,0,0,0,1.0,7,5,5,2,0,0,0,7.0,0.7,CIN,10,26,26.0,0,1,0,0,0,0,0,0.0,0.0,0.0,-.--,0.625,0,0,0
2022,811,Frank Schwindel,1B,CHC,0,0,18.0,3,0,0,0,0,0,3.0,8,6,6,4,0,1,0,3.0,0.471,CHC,18,42,14.0,0,3,0,0,0,0,0,0.13,0.0,3.0,0.00,0.308,0,0,0
2022,811,Brian Serven,C,COL,0,0,0.0,1,0,0,0,0,0,1.0,0,0,0,0,0,1,0,1.0,0.0,COL,3,8,8.0,0,1,0,0,0,0,1,1.0,0.0,9.0,0.00,0.0,0,0,0
2022,811,Andrelton Simmons,SS,CHC,0,0,45.0,1,0,0,0,0,0,1.0,5,5,5,0,0,1,0,6.0,0.833,CHC,9,25,25.0,0,1,0,0,0,0,0,0.0,0.0,9.0,0.00,0.625,0,0,0
2022,811,Nick Snyder,P,TEX,0,0,18.0,2,0,0,0,0,0,1.0,1,2,2,0,0,3,0,4.0,0.25,TEX,7,33,33.0,0,0,0,0,0,0,0,2.0,0.0,27.0,0.00,0.25,0,0,0
2022,811,Dee Strange-Gordon,2B,WSH,0,0,27.0,1,0,0,0,0,0,1.0,2,3,3,1,1,3,0,5.0,0.5,WSH,8,28,28.0,0,1,0,0,0,0,0,0.0,0.0,27.0,0.00,0.333,0,0,0
2022,811,Yolmer Sánchez,3B,BOS,0,0,9.0,1,0,0,0,0,0,1.0,3,1,1,0,0,0,0,3.0,0.5,BOS,6,15,15.0,0,1,0,0,0,0,0,0.5,0.0,0.0,-.--,0.5,0,0,0
2022,811,Luis Torrens,C,SEA,1,0,4.5,2,0,0,0,0,0,2.0,3,2,1,1,0,0,0,1.5,0.333,SEA,10,34,17.0,0,2,0,0,0,0,0,0.4,0.0,0.0,-.--,0.222,0,0,0
2022,811,César Valdez,P,LAA,0,0,9.0,1,0,0,0,0,0,1.0,2,2,1,0,0,0,0,2.0,0.4,LAA,5,16,16.0,0,1,0,0,0,0,0,3.0,0.0,0.0,-.--,0.4,0,0,0
2022,811,Josh VanMeter,2B,PIT,0,0,39.0,3,0,0,0,0,0,3.0,15,13,13,5,0,2,0,5.67,0.6,PIT,27,74,24.67,0,3,0,0,0,0,0,2.33,0.0,6.0,0.00,0.5,0,0,0
2022,811,Ildemaro Vargas,2B,WSH,0,0,0.0,1,0,0,0,0,0,1.0,0,0,0,0,0,0,0,0.0,0.0,WSH,3,6,6.0,0,1,0,0,0,0,0,2.0,0.0,0.0,-.--,0.0,0,0,0
2022,811,Nash Walters,P,LAA,0,0,0.0,1,0,0,0,0,0,0.1,1,0,0,0,0,1,0,6.0,0.5,LAA,3,16,48.0,0,0,0,0,0,0,0,1.0,0.0,27.0,0.00,0.5,0,0,0
2022,811,Donovan Walton,2B,SF,0,0,27.0,1,0,0,0,0,0,1.0,3,3,3,1,0,1,0,4.0,0.5,SF,7,21,21.0,0,1,0,0,1,0,0,2.0,0.0,9.0,0.00,0.4,0,0,0
2022,811,Austin Wynns,C,SF,0,0,13.5,2,0,0,0,0,0,2.0,3,3,3,1,0,1,0,2.0,0.333,SF,10,26,13.0,0,2,0,0,0,0,0,0.2,0.0,4.5,0.00,0.25,0,0,0
2023,1,Spencer Strider,P,ATL,20,5,3.86,32,32,0,0,0,0,186.2,146,85,80,22,9,58,281,1.09,0.21,ATL,763,3100,16.61,18,0,0,1,6,2,6,0.67,13.55,2.8,4.84,0.316,19,2,0
2023,2,Kevin Gausman,P,TOR,12,9,3.16,31,31,0,0,0,0,185.0,163,72,65,19,3,55,237,1.18,0.233,TOR,763,3069,16.59,20,0,0,0,3,2,9,0.85,11.53,2.68,4.31,0.324,21,4,3
2023,3,Pablo López,P,MIN,11,8,3.66,32,32,1,1,0,0,194.0,176,81,79,24,9,48,234,1.15,0.238,MIN,801,3024,15.59,20,0,0,1,7,0,10,1.02,10.86,2.23,4.88,0.314,8,3,2
2023,3,Blake Snell,P,SD,14,9,2.25,32,32,0,0,0,0,180.0,115,47,45,15,3,99,234,1.19,0.181,SD,742,3168,17.6,20,0,0,0,13,2,13,0.96,11.7,4.95,2.36,0.256,25,1,0
2023,5,Gerrit Cole,P,NYY,15,4,2.63,33,33,2,2,0,0,209.0,157,64,61,20,7,48,222,0.98,0.206,NYY,821,3281,15.7,24,0,0,0,4,1,14,0.81,9.56,2.07,4.63,0.263,7,4,1
2023,6,Zac Gallen,P,AZ,17,9,3.47,34,34,1,1,0,0,210.0,188,87,81,22,5,47,220,1.12,0.238,AZ,846,3248,15.47,20,0,0,0,8,1,17,0.93,9.43,2.01,4.68,0.301,5,6,0
2023,7,Luis Castillo,P,SEA,14,9,3.34,33,33,0,0,0,0,197.0,160,81,73,28,5,56,219,1.1,0.218,SEA,802,3207,16.28,18,0,0,0,3,0,2,0.77,10.01,2.56,3.91,0.268,6,6,1
2023,8,Dylan Cease,P,CWS,7,9,4.58,33,33,0,0,0,0,177.0,172,98,90,19,9,79,214,1.42,0.25,CWS,784,3262,18.43,12,0,0,3,14,0,6,0.72,10.88,4.02,2.71,0.331,13,2,2
2023,9,Zack Wheeler,P,PHI,13,6,3.61,32,32,0,0,0,0,192.0,168,82,77,20,9,39,212,1.08,0.229,PHI,787,3155,16.43,21,0,0,0,1,0,6,0.83,9.94,1.83,5.44,0.292,3,4,0
2023,10,Mitch Keller,P,PIT,13,9,4.21,32,32,1,1,0,0,194.1,187,97,91,25,12,55,210,1.25,0.249,PIT,825,3119,16.05,18,0,0,0,5,1,15,1.06,9.73,2.55,3.82,0.31,12,2,1
2023,10,Freddy Peralta,P,MIL,12,10,3.86,30,30,0,0,0,0,165.2,131,77,71,26,6,54,210,1.12,0.212,MIL,680,2839,17.14,16,0,0,0,6,1,7,0.9,11.41,2.93,3.89,0.275,7,0,0
2023,12,Jesús Luzardo,P,MIA,10,10,3.58,32,32,0,0,0,0,178.2,162,79,71,22,6,55,208,1.21,0.239,MIA,741,2988,16.72,17,0,0,1,7,1,18,0.89,10.48,2.77,3.78,0.312,11,4,4
2023,13,Lucas Giolito,P,CLE,8,15,4.88,33,33,0,0,0,0,184.1,169,110,100,41,9,73,204,1.31,0.24,CLE,794,3190,17.31,15,0,0,2,5,0,6,0.64,9.96,3.56,2.79,0.275,13,6,1
2023,14,Aaron Nola,P,PHI,12,9,4.46,32,32,0,0,0,0,193.2,178,105,96,32,1,45,202,1.15,0.24,PHI,793,3087,15.94,15,0,0,0,2,0,15,1.01,9.39,2.09,4.49,0.286,21,5,2
2023,14,Kodai Senga,P,NYM,12,7,2.98,29,29,0,0,0,0,166.1,126,60,55,17,5,77,202,1.22,0.208,NYM,694,2795,16.8,16,0,0,0,14,1,13,1.01,10.93,4.17,2.62,0.279,11,3,0
2023,16,Corbin Burnes,P,MIL,10,8,3.39,32,32,0,0,0,0,193.2,141,77,73,22,8,66,200,1.07,0.2,MIL,784,3079,15.9,19,0,0,0,10,1,10,1.04,9.29,3.07,3.03,0.244,11,2,1
2023,16,Framber Valdez,P,HOU,12,11,3.45,31,31,2,2,0,0,198.0,166,86,76,19,10,57,200,1.13,0.228,HOU,808,2952,14.91,20,0,0,0,6,0,22,1.85,9.09,2.59,3.51,0.284,19,1,1
2023,18,Joe Ryan,P,MIN,11,10,4.51,29,29,1,1,0,0,161.2,155,83,81,32,6,34,197,1.17,0.248,MIN,672,2683,16.6,14,0,0,0,3,0,7,0.54,10.97,1.89,5.79,0.305,7,3,0
2023,19,Logan Webb,P,SF,11,13,3.25,33,33,2,1,0,0,216.0,201,83,78,20,5,31,194,1.07,0.248,SF,850,3182,14.73,24,0,0,0,1,0,30,2.67,8.08,1.29,6.26,0.303,20,4,0
2023,20,Lance Lynn,P,LAD,13,11,5.73,32,32,0,0,0,0,183.2,189,127,117,44,9,67,191,1.39,0.259,LAD,808,3167,17.24,13,0,0,1,3,0,13,0.72,9.36,3.28,2.85,0.292,7,3,0
2023,21,Logan Gilbert,P,SEA,13,7,3.73,32,32,1,1,0,0,190.2,169,82,79,29,2,36,189,1.08,0.233,SEA,770,2922,15.33,18,0,0,1,6,0,9,0.83,8.92,1.7,5.25,0.274,14,1,0
2023,22,Merrill Kelly,P,AZ,12,8,3.29,30,30,0,0,0,0,177.2,143,71,65,20,4,69,187,1.19,0.222,AZ,722,2803,15.78,18,0,0,0,3,4,19,1.08,9.47,3.5,2.71,0.279,13,4,3
2023,23,Chris Bassitt,P,TOR,16,8,3.6,33,33,1,1,0,0,200.0,176,88,80,28,12,59,186,1.18,0.235,TOR,826,3139,15.7,21,0,0,2,4,3,14,1.01,8.37,2.66,3.15,0.274,14,6,1
2023,23,Zach Eflin,P,TB,16,8,3.5,31,31,0,0,0,0,177.2,158,69,69,19,3,24,186,1.02,0.235,TB,703,2577,14.5,17,0,0,1,0,0,11,1.18,9.42,1.22,7.75,0.296,7,6,0
2023,25,José Berríos,P,TOR,11,12,3.65,32,32,0,0,0,0,189.2,173,82,77,25,9,52,184,1.19,0.241,TOR,782,2937,15.49,15,0,0,3,4,1,13,0.97,8.73,2.47,3.54,0.29,12,4,2
2023,26,Sonny Gray,P,MIN,8,8,2.79,32,32,0,0,0,0,184.0,156,59,57,8,6,55,183,1.15,0.226,MIN,754,2818,15.32,17,0,0,0,6,1,13,1.16,8.95,2.69,3.33,0.295,8,4,3
2023,26,Charlie Morton,P,ATL,14,12,3.64,30,30,0,0,0,0,163.1,150,70,66,14,12,83,183,1.43,0.244,ATL,716,2842,17.4,12,0,0,2,4,2,15,0.98,10.08,4.57,2.2,0.323,16,3,2
2023,26,Nick Pivetta,P,BOS,10,9,4.04,38,16,0,0,1,2,142.2,110,69,64,23,6,50,183,1.12,0.208,BOS,587,2383,16.7,5,3,2,1,5,1,7,0.73,11.54,3.15,3.66,0.269,12,2,1
2023,29,Yusei Kikuchi,P,TOR,11,6,3.86,32,32,0,0,0,0,167.2,165,78,72,27,4,48,181,1.27,0.255,TOR,700,2818,16.81,9,0,0,0,7,0,16,0.91,9.72,2.58,3.77,0.315,14,1,0
2023,30,Hunter Brown,P,HOU,11,13,5.09,31,29,0,0,0,0,155.2,157,94,88,26,9,55,178,1.36,0.262,HOU,665,2720,17.47,11,1,0,0,4,0,16,1.49,10.29,3.18,3.24,0.33,16,7,0
2023,31,Justin Steele,P,CHC,16,5,3.06,30,30,0,0,0,0,173.1,167,71,59,14,7,36,176,1.17,0.251,CHC,716,2678,15.45,20,0,0,0,9,1,14,1.43,9.14,1.87,4.89,0.32,8,4,1
2023,32,Max Scherzer,P,TEX,13,6,3.77,27,27,0,0,0,0,152.2,126,65,64,28,4,45,174,1.12,0.221,TEX,621,2465,16.15,14,0,0,0,2,0,8,0.53,10.26,2.65,3.87,0.265,9,1,0
2023,33,George Kirby,P,SEA,13,10,3.35,31,31,1,0,0,0,190.2,179,74,71,22,6,19,172,1.04,0.246,SEA,757,2825,14.82,20,0,0,1,1,0,18,1.04,8.12,0.9,9.05,0.293,17,4,0
2023,34,Kyle Bradish,P,BAL,12,7,2.83,30,30,0,0,0,0,168.2,132,54,53,14,8,44,168,1.04,0.215,BAL,671,2639,15.65,18,0,0,0,9,0,19,1.24,8.96,2.35,3.82,0.271,3,2,0
2023,34,Reid Detmers,P,LAA,4,10,4.48,28,28,0,0,0,0,148.2,141,81,74,19,13,60,168,1.35,0.248,LAA,644,2599,17.48,9,0,0,2,7,0,11,0.72,10.17,3.63,2.8,0.318,15,4,2
2023,36,Shohei Ohtani,TWP,LAA,10,5,3.14,23,23,1,1,0,0,132.0,85,50,46,18,11,55,167,1.06,0.184,LAA,531,2094,15.86,12,0,0,0,12,0,16,1.16,11.39,3.75,3.04,0.24,5,3,0
2023,37,Jordan Montgomery,P,TEX,10,11,3.2,32,32,0,0,0,0,188.2,177,75,67,18,4,48,166,1.19,0.247,TEX,777,2920,15.48,20,0,0,0,6,0,20,0.97,7.92,2.29,3.46,0.295,14,1,1
2023,38,Tyler Glasnow,P,TB,10,7,3.53,21,21,0,0,0,0,120.0,93,52,47,13,1,37,162,1.08,0.209,TB,485,1894,15.78,9,0,0,0,11,0,7,1.43,12.15,2.78,4.38,0.294,19,1,0
2023,39,JP Sears,P,OAK,5,14,4.54,32,32,0,0,0,0,172.1,165,90,87,34,16,53,161,1.26,0.249,OAK,735,2867,16.64,9,0,0,2,2,0,9,0.46,8.41,2.77,3.04,0.279,15,8,3
2023,40,Cristian Javier,P,HOU,10,5,4.56,31,31,0,0,0,0,162.0,143,85,82,25,7,62,159,1.27,0.234,HOU,687,2882,17.79,11,0,0,0,4,0,8,0.34,8.83,3.44,2.56,0.273,22,3,3
2023,41,Johan Oviedo,P,PIT,9,14,4.31,32,32,1,1,0,0,177.2,161,91,85,19,13,83,158,1.37,0.237,PIT,781,2980,16.77,14,0,0,1,7,3,12,1.02,8.0,4.2,1.9,0.281,9,3,0
2023,42,Kyle Gibson,P,BAL,15,9,4.73,33,33,0,0,0,0,192.0,198,101,101,23,6,55,157,1.32,0.27,BAL,807,3038,15.82,17,0,0,0,8,0,24,1.46,7.36,2.58,2.85,0.311,7,4,1
2023,42,Dean Kremer,P,BAL,13,5,4.12,32,32,0,0,0,0,172.2,171,85,79,27,5,55,157,1.31,0.254,BAL,735,2925,16.94,14,0,0,0,5,0,10,0.84,8.18,2.87,2.85,0.293,9,6,1
2023,44,Braxton Garrett,P,MIA,9,7,3.66,31,30,0,0,0,0,159.2,154,68,65,20,11,29,156,1.15,0.25,MIA,659,2479,15.53,10,1,0,0,4,0,12,1.32,8.79,1.63,5.38,0.302,14,3,2
2023,45,Hunter Greene,P,CIN,4,7,4.82,22,22,0,0,0,0,112.0,111,65,60,19,8,48,152,1.42,0.253,CIN,498,2089,18.65,7,0,0,0,5,0,4,0.64,12.21,3.86,3.17,0.342,16,4,0
2023,46,Sandy Alcantara,P,MIA,7,12,4.14,28,28,3,1,0,0,184.2,176,91,85,22,5,48,151,1.21,0.251,MIA,762,2721,14.73,13,0,0,0,4,1,18,1.35,7.36,2.34,3.15,0.289,17,3,2
2023,46,MacKenzie Gore,P,WSH,7,10,4.42,27,27,0,0,0,0,136.1,134,71,67,27,1,57,151,1.4,0.258,WSH,582,2462,18.06,8,0,0,0,6,0,16,0.88,9.97,3.76,2.65,0.31,10,3,3
2023,46,Andrew Heaney,P,TEX,10,6,4.15,34,28,0,0,0,1,147.1,143,74,68,23,10,60,151,1.38,0.251,TEX,641,2603,17.67,7,1,2,0,3,0,13,0.8,9.22,3.67,2.52,0.302,11,3,0
2023,49,Clarke Schmidt,P,NYY,9,9,4.64,33,32,0,0,0,0,159.0,169,91,82,24,11,46,149,1.35,0.268,NYY,694,2712,17.06,5,1,0,0,11,2,13,1.04,8.43,2.6,3.24,0.313,8,3,0
2023,50,Jack Flaherty,P,BAL,8,9,4.99,29,27,0,0,0,0,144.1,162,83,80,17,12,66,148,1.58,0.287,BAL,650,2634,18.25,8,0,1,2,8,0,19,0.99,9.23,4.12,2.24,0.357,4,2,0
2023,51,Bailey Ober,P,MIN,8,6,3.43,26,26,0,0,0,0,144.1,125,58,55,22,7,29,146,1.07,0.232,MIN,577,2327,16.12,12,0,0,0,1,0,8,0.54,9.1,1.81,5.03,0.276,3,6,0
2023,52,Justin Verlander,P,HOU,13,8,3.22,27,27,0,0,0,0,162.1,139,63,58,18,5,45,144,1.13,0.226,HOU,669,2602,16.03,14,0,0,0,5,0,8,0.57,7.98,2.49,3.2,0.265,11,2,0
2023,53,Josiah Gray,P,WSH,8,13,3.91,30,30,0,0,0,0,159.0,152,72,69,22,9,80,143,1.46,0.251,WSH,698,2812,17.69,11,0,0,1,9,0,13,0.73,8.09,4.53,1.79,0.293,21,4,1
2023,53,Eduardo Rodriguez,P,DET,13,9,3.3,26,26,0,0,0,0,152.2,128,59,56,15,3,48,143,1.15,0.227,DET,621,2446,16.02,14,0,0,0,3,0,11,0.89,8.43,2.83,2.98,0.275,10,5,0
2023,55,Jon Gray,P,TEX,9,8,4.12,29,29,1,0,0,0,157.1,149,75,72,22,9,54,142,1.29,0.256,TEX,656,2393,15.21,12,0,0,1,4,0,13,0.82,8.12,3.09,2.63,0.299,12,9,2
2023,56,Tanner Bibee,P,CLE,10,4,2.98,25,25,0,0,0,0,142.0,122,49,47,13,5,45,141,1.18,0.23,CLE,585,2326,16.38,11,0,0,0,7,2,7,0.68,8.94,2.85,3.13,0.287,9,1,3
2023,56,Yu Darvish,P,SD,8,10,4.56,24,24,0,0,0,0,136.1,134,71,69,18,8,43,141,1.3,0.259,SD,574,2218,16.27,10,0,0,0,1,1,12,0.86,9.31,2.84,3.28,0.319,17,4,0
2023,56,Drew Smyly,P,CHC,11,11,5.0,41,23,0,0,0,2,142.1,147,89,79,26,6,56,141,1.43,0.265,CHC,626,2401,16.87,5,4,1,0,9,1,10,0.63,8.92,3.54,2.52,0.307,15,5,4
2023,59,Dane Dunning,P,TEX,12,7,3.7,35,26,0,0,0,0,172.2,163,73,71,20,10,55,140,1.26,0.25,TEX,722,2696,15.61,12,2,3,0,6,0,20,1.17,7.3,2.87,2.55,0.288,7,4,0
2023,59,Seth Lugo,P,SD,8,7,3.57,26,26,0,0,0,0,146.1,140,62,58,19,3,36,140,1.2,0.249,SD,604,2377,16.24,17,0,0,0,3,0,12,1.08,8.61,2.21,3.89,0.298,6,1,0
2023,59,Jameson Taillon,P,CHC,8,10,4.84,30,29,0,0,1,1,154.1,156,96,83,27,5,41,140,1.28,0.258,CHC,655,2533,16.41,9,1,0,0,2,0,10,0.78,8.16,2.39,3.41,0.292,13,3,0
2023,62,Griffin Canning,P,LAA,7,8,4.32,24,22,0,0,0,0,127.0,121,62,61,22,5,36,139,1.24,0.245,LAA,536,2177,17.14,8,0,0,1,4,0,6,0.97,9.85,2.55,3.86,0.297,2,0,2
2023,63,Taijuan Walker,P,PHI,15,6,4.38,31,31,0,0,0,0,172.2,155,87,84,20,8,71,138,1.31,0.238,PHI,733,2837,16.43,11,0,0,1,3,1,8,1.01,7.19,3.7,1.94,0.273,12,7,6
2023,64,Clayton Kershaw,P,LAD,13,5,2.46,24,24,0,0,0,0,131.2,100,39,36,19,3,40,137,1.06,0.209,LAD,523,2026,15.39,11,0,0,0,6,2,16,1.17,9.36,2.73,3.43,0.25,6,4,1
2023,64,Miles Mikolas,P,STL,9,13,4.78,35,35,0,0,0,0,201.1,226,110,107,26,8,39,137,1.32,0.282,STL,860,3197,15.88,14,0,0,0,4,0,14,0.74,6.12,1.74,3.51,0.309,12,5,1
2023,66,Kutter Crawford,P,BOS,6,8,4.04,31,23,0,0,0,0,129.1,107,59,58,17,5,36,135,1.11,0.221,BOS,527,2099,16.23,4,5,2,0,4,0,9,0.62,9.39,2.51,3.75,0.269,8,2,0
2023,67,Michael Kopech,P,CWS,5,12,5.43,30,27,0,0,0,0,129.1,115,80,78,29,11,91,134,1.59,0.238,CWS,591,2430,18.79,5,2,0,0,9,0,11,0.64,9.32,6.33,1.47,0.265,32,7,0
2023,68,Brady Singer,P,KC,8,11,5.52,29,29,0,0,0,0,159.2,182,102,98,20,8,49,133,1.45,0.287,KC,702,2612,16.36,9,0,0,0,3,0,13,1.28,7.5,2.76,2.71,0.33,11,3,0
2023,69,Brayan Bello,P,BOS,12,11,4.24,28,28,0,0,0,0,157.0,165,77,74,24,6,45,132,1.34,0.27,BOS,668,2618,16.68,15,0,0,0,1,0,23,1.76,7.57,2.58,2.93,0.307,9,3,2
2023,69,Nathan Eovaldi,P,TEX,12,5,3.63,25,25,2,1,0,0,144.0,117,59,58,15,6,47,132,1.14,0.225,TEX,577,2232,15.5,11,0,0,0,2,0,19,1.59,8.25,2.94,2.81,0.271,8,4,1
2023,69,Ken Waldichuk,P,OAK,4,9,5.36,35,22,0,0,1,1,141.0,149,93,84,24,9,71,132,1.56,0.271,OAK,639,2553,18.11,4,2,0,1,7,1,13,0.81,8.43,4.53,1.86,0.313,7,6,3
2023,72,Alex Cobb,P,SF,7,7,3.87,28,28,2,1,0,0,151.1,163,69,65,19,6,37,131,1.32,0.272,SF,646,2506,16.56,11,0,0,0,7,5,16,2.06,7.79,2.2,3.54,0.319,13,3,2
2023,73,Taj Bradley,P,TB,5,8,5.59,23,21,0,0,0,0,104.2,106,69,65,23,1,39,129,1.39,0.255,TB,460,1821,17.4,1,0,0,0,6,0,2,0.64,11.09,3.35,3.31,0.31,0,0,0
2023,73,Rich Hill,P,SD,8,14,5.41,32,27,0,0,0,1,146.1,165,98,88,23,7,58,129,1.52,0.281,SD,660,2531,17.3,7,3,0,0,2,1,11,0.85,7.93,3.57,2.22,0.323,25,2,1
2023,73,Grayson Rodriguez,P,BAL,7,4,4.35,23,23,0,0,0,0,122.0,121,62,59,16,2,42,129,1.34,0.259,BAL,515,2104,17.25,7,0,0,0,4,0,14,1.14,9.52,3.1,3.07,0.323,4,2,1
2023,76,Bryce Elder,P,ATL,12,4,3.81,31,31,0,0,0,0,174.2,160,79,74,19,8,63,128,1.28,0.245,ATL,732,2849,16.31,16,0,0,0,11,1,26,1.43,6.6,3.25,2.03,0.275,9,1,0
2023,76,Sean Manaea,P,SF,7,6,4.44,37,10,0,0,1,2,117.2,104,68,58,14,8,42,128,1.24,0.234,SF,499,2052,17.44,3,2,3,0,3,0,12,1.11,9.79,3.21,3.05,0.293,8,2,0
2023,76,David Peterson,P,NYM,3,8,5.03,27,21,1,0,0,0,111.0,124,64,62,16,6,50,128,1.57,0.287,NYM,492,1966,17.71,4,0,1,0,6,0,14,1.71,10.38,4.05,2.56,0.371,4,5,6
2023,76,Patrick Sandoval,P,LAA,7,13,4.11,28,28,0,0,0,0,144.2,145,89,66,12,4,74,128,1.51,0.256,LAA,652,2620,18.11,8,0,0,2,5,0,12,1.17,7.96,4.6,1.73,0.309,7,3,2
2023,80,Michael King,P,NYY,4,8,2.75,49,9,0,0,6,10,104.2,88,35,32,10,5,32,127,1.15,0.226,NYY,431,1681,16.06,2,10,8,1,2,1,9,0.97,10.92,2.75,3.97,0.307,3,3,2
2023,81,Chris Sale,P,BOS,6,5,4.3,20,20,0,0,0,0,102.2,87,52,49,15,8,29,125,1.13,0.227,BOS,425,1670,16.27,6,0,0,0,3,0,7,0.85,10.96,2.54,4.31,0.291,8,1,0
2023,82,Patrick Corbin,P,WSH,10,15,5.2,32,32,0,0,0,0,180.0,210,113,104,33,4,57,124,1.48,0.293,WSH,790,2922,16.23,15,0,0,0,6,0,15,1.09,6.2,2.85,2.18,0.311,28,10,7
2023,82,Michael Wacha,P,SD,14,4,3.22,24,24,0,0,0,0,134.1,113,49,48,15,3,43,124,1.16,0.224,SD,553,2221,16.53,12,0,0,0,3,1,5,0.71,8.31,2.88,2.88,0.266,4,3,0
2023,84,Shane McClanahan,P,TB,11,2,3.29,21,21,0,0,0,0,115.0,95,42,42,15,0,41,121,1.18,0.222,TB,469,1821,15.83,12,0,0,0,1,0,9,1.06,9.47,3.21,2.95,0.274,7,1,0
2023,85,Andrew Abbott,P,CIN,8,6,3.87,21,21,0,0,0,0,109.1,100,47,47,16,1,44,120,1.32,0.244,CIN,459,1897,17.35,9,0,0,0,1,1,6,0.44,9.88,3.62,2.73,0.302,7,4,2
2023,85,Jordan Lyles,P,KC,6,17,6.28,31,31,3,0,0,0,177.2,176,130,124,39,6,45,120,1.24,0.255,KC,748,2817,15.86,4,0,0,0,10,0,13,0.62,6.08,2.28,2.67,0.256,9,2,1
2023,87,Logan Allen,P,CLE,7,8,3.81,24,24,0,0,0,0,125.1,127,55,53,16,1,48,119,1.4,0.263,CLE,537,2134,17.03,7,0,0,0,1,0,11,0.94,8.55,3.45,2.48,0.317,0,5,1
2023,87,Tyler Anderson,P,LAA,6,6,5.43,27,25,0,0,0,0,141.0,146,90,85,20,7,64,119,1.49,0.266,LAA,629,2431,17.24,7,0,0,1,6,2,7,0.55,7.6,4.09,1.86,0.302,7,2,0
2023,87,Bryce Miller,P,SEA,8,7,4.32,25,25,0,0,0,0,131.1,124,64,63,18,7,26,119,1.14,0.248,SEA,537,2095,15.95,9,0,0,0,2,0,9,0.6,8.15,1.78,4.58,0.29,6,4,1
2023,87,Bobby Miller,P,LAD,11,4,3.76,22,22,0,0,0,0,124.1,105,53,52,12,6,32,119,1.1,0.226,LAD,505,1961,15.77,9,0,0,0,10,0,9,1.19,8.61,2.32,3.72,0.277,14,1,0
2023,87,Marcus Stroman,P,CHC,10,9,3.95,27,25,1,1,0,1,136.2,120,68,60,9,3,52,119,1.26,0.231,CHC,575,2203,16.12,15,1,0,0,3,0,16,2.09,7.84,3.42,2.29,0.283,17,1,1
2023,87,Ranger Suarez,P,PHI,4,6,4.18,22,22,0,0,0,0,125.0,129,59,58,13,2,48,119,1.42,0.267,PHI,540,2023,16.18,11,0,0,0,4,0,14,1.16,8.57,3.46,2.48,0.327,7,2,0
2023,93,Edward Cabrera,P,MIA,7,7,4.24,22,20,0,0,0,0,99.2,78,48,47,11,4,66,118,1.44,0.215,MIA,434,1802,18.08,3,0,0,0,1,3,11,1.51,10.66,5.96,1.79,0.285,16,2,1
2023,94,Kenta Maeda,P,MIN,6,8,4.23,21,20,0,0,0,0,104.1,94,50,49,17,3,28,117,1.17,0.239,MIN,428,1700,16.29,6,0,0,0,2,0,10,0.58,10.09,2.42,4.18,0.293,13,1,0
2023,94,Julio Urías,P,LAD,11,8,4.6,21,21,0,0,0,0,117.1,112,61,60,24,6,24,117,1.16,0.252,LAD,482,1849,15.76,11,0,0,0,2,1,11,0.77,8.97,1.84,4.88,0.285,11,6,3
2023,94,Tyler Wells,P,BAL,7,6,3.64,25,20,0,0,1,1,118.2,83,50,48,25,4,34,117,0.99,0.193,BAL,470,1903,16.04,8,2,1,0,3,2,7,0.63,8.87,2.58,3.44,0.2,2,1,2
2023,97,Aaron Civale,P,TB,7,5,3.46,23,23,0,0,0,0,122.1,109,47,47,12,5,33,116,1.16,0.235,TB,504,2009,16.42,7,0,0,0,5,0,9,0.76,8.53,2.43,3.52,0.289,6,2,0
2023,98,Domingo Germán,P,NYY,5,7,4.56,20,19,1,1,0,0,108.2,83,61,55,20,6,34,114,1.08,0.207,NYY,444,1653,15.21,6,1,0,0,2,0,6,0.97,9.44,2.82,3.35,0.233,12,2,1
2023,99,Cole Ragans,P,KC,7,5,3.47,29,12,0,0,0,0,96.0,70,40,37,7,2,41,113,1.16,0.202,KC,392,1586,16.52,7,1,3,1,6,0,8,0.98,10.59,3.84,2.76,0.275,3,2,0
2023,100,Graham Ashcraft,P,CIN,7,9,4.76,26,26,0,0,0,0,145.2,148,78,77,23,10,52,111,1.37,0.265,CIN,624,2324,15.95,15,0,0,0,3,1,21,1.25,6.86,3.21,2.13,0.293,10,4,0
2023,100,Michael Lorenzen,P,PHI,9,9,4.18,29,25,1,1,1,1,153.0,138,76,71,20,2,47,111,1.21,0.243,PHI,624,2367,15.47,11,2,0,0,4,1,19,0.83,6.53,2.76,2.36,0.268,2,3,1
2023,100,Trevor Williams,P,WSH,6,10,5.55,30,30,0,0,0,0,144.1,178,97,89,34,5,53,111,1.6,0.3,WSH,659,2622,18.17,5,0,0,1,0,2,8,0.79,6.92,3.3,2.09,0.316,9,1,0
2023,103,Félix Bautista,P,BAL,8,2,1.48,56,0,0,0,33,39,61.0,30,14,10,4,2,26,110,0.92,0.144,BAL,237,988,16.2,0,46,1,0,7,0,3,0.57,16.23,3.84,4.23,0.274,10,2,0
2023,103,Mike Clevinger,P,CWS,9,9,3.77,24,24,2,0,0,0,131.1,121,56,55,16,9,40,110,1.23,0.244,CWS,549,2100,15.99,10,0,0,0,6,0,10,0.52,7.54,2.74,2.75,0.282,27,1,3
2023,103,Colin Rea,P,MIL,6,6,4.55,26,22,0,0,0,0,124.2,110,65,63,23,4,38,110,1.19,0.235,MIL,517,2016,16.17,4,1,0,0,2,1,9,1.07,7.94,2.74,2.89,0.257,17,2,0
2023,106,Luke Weaver,P,NYY,3,6,6.4,29,25,0,0,0,0,123.2,155,90,88,29,4,40,109,1.58,0.301,NYY,563,2258,18.26,2,1,0,0,3,0,6,0.75,7.93,2.91,2.73,0.331,3,2,0
2023,107,Eury Pérez,P,MIA,5,6,3.15,19,19,0,0,0,0,91.1,72,35,32,15,2,31,108,1.13,0.214,MIA,374,1534,16.8,6,0,0,0,6,1,5,0.44,10.64,3.05,3.48,0.264,11,1,0
2023,107,Matt Strahm,P,PHI,9,5,3.29,56,10,0,0,2,5,87.2,68,34,32,11,3,21,108,1.02,0.213,PHI,351,1366,15.58,0,6,11,0,1,1,3,0.51,11.09,2.16,5.14,0.275,6,0,0
2023,109,Shane Bieber,P,CLE,6,6,3.8,21,21,1,0,0,0,128.0,124,56,54,14,3,34,107,1.23,0.253,CLE,533,1954,15.27,12,0,0,0,8,1,14,1.25,7.52,2.39,3.15,0.295,11,5,2
2023,109,Matt Brash,P,SEA,9,4,3.06,78,0,0,0,4,9,70.2,65,26,24,3,6,29,107,1.33,0.242,SEA,308,1304,18.45,0,7,24,0,11,0,3,0.91,13.63,3.69,3.69,0.38,5,0,0
2023,111,Nick Martinez,P,SD,6,4,3.43,63,9,0,0,1,7,110.1,99,45,42,12,3,40,106,1.26,0.24,SD,461,1751,15.87,2,6,15,1,3,0,8,1.68,8.65,3.26,2.65,0.294,12,1,1
2023,111,Luis Medina,P,OAK,3,10,5.42,23,17,0,0,0,0,109.2,109,73,66,14,8,57,106,1.51,0.255,OAK,495,1945,17.74,3,0,0,2,11,2,9,0.97,8.7,4.68,1.86,0.306,7,3,1
2023,113,Tylor Megill,P,NYM,9,8,4.7,25,25,0,0,0,0,126.1,141,76,66,18,6,58,105,1.58,0.282,NYM,567,2235,17.69,6,0,0,0,8,0,19,1.03,7.48,4.13,1.81,0.325,11,3,2
2023,113,Trevor Richards,P,TOR,2,1,4.95,56,3,0,0,0,2,72.2,63,41,40,13,2,35,105,1.35,0.228,TOR,315,1352,18.61,0,6,11,3,5,0,3,0.51,13.0,4.33,3.0,0.313,2,0,0
2023,115,Paul Blackburn,P,OAK,4,7,4.43,21,20,0,0,0,1,103.2,117,54,51,11,3,43,104,1.54,0.286,OAK,464,1875,18.09,6,0,0,1,1,0,7,0.9,9.03,3.73,2.42,0.351,10,3,1
2023,115,TannerTa Scott,P,MIA,9,5,2.31,74,0,0,0,12,16,78.0,53,22,20,3,4,24,104,0.99,0.191,MIA,307,1208,15.49,0,26,24,3,1,0,10,1.44,12.0,2.77,4.33,0.291,5,0,0
2023,117,Aroldis Chapman,P,TEX,6,5,3.09,61,0,0,0,6,11,58.1,37,24,20,4,1,36,103,1.25,0.175,TEX,249,1008,17.28,0,18,14,2,9,2,1,1.25,15.89,5.55,2.86,0.314,15,1,1
2023,117,Reese Olson,P,DET,5,7,3.99,21,18,0,0,0,0,103.2,83,49,46,14,1,33,103,1.12,0.215,DET,422,1743,16.81,6,0,1,0,4,1,9,0.84,8.94,2.86,3.12,0.255,4,3,1
2023,119,Tarik Skubal,P,DET,7,3,2.8,15,15,0,0,0,0,80.1,58,28,25,4,3,14,102,0.9,0.199,DET,310,1218,15.16,5,0,0,0,1,0,8,1.18,11.43,1.57,7.29,0.289,4,0,0
2023,120,J.P. France,P,HOU,11,6,3.83,24,23,0,0,0,0,136.1,138,64,58,19,2,47,101,1.36,0.263,HOU,581,2202,16.15,13,0,0,0,6,0,17,0.89,6.67,3.1,2.15,0.29,9,2,1
2023,120,James Paxton,P,BOS,7,5,4.5,19,19,0,0,0,0,96.0,93,51,48,18,2,33,101,1.31,0.25,BOS,411,1690,17.6,8,0,0,0,5,0,6,0.94,9.47,3.09,3.06,0.294,4,0,0
2023,122,Bryan Abreu,P,HOU,3,2,1.75,72,0,0,0,5,9,72.0,44,17,14,6,3,31,100,1.04,0.177,HOU,287,1211,16.82,0,16,24,0,1,0,6,0.68,12.5,3.88,3.23,0.262,4,2,0
2023,123,Tanner Houck,P,BOS,6,10,5.01,21,21,0,0,0,0,106.0,104,61,59,14,6,41,99,1.37,0.254,BOS,463,1740,16.42,5,0,0,0,1,0,8,1.57,8.41,3.48,2.41,0.299,4,2,0
2023,123,Jake Irvin,P,WSH,3,7,4.61,24,24,0,0,0,0,121.0,118,66,62,20,8,54,99,1.42,0.255,WSH,530,2147,17.74,8,0,0,0,2,1,15,0.81,7.36,4.02,1.83,0.281,5,0,0
2023,125,Fernando Cruz,P,CIN,1,2,4.91,58,2,0,0,0,0,66.0,52,39,36,6,2,28,98,1.21,0.211,CIN,279,1120,16.97,0,15,7,0,5,0,3,0.51,13.36,3.82,3.5,0.319,6,0,0
2023,125,Steven Matz,P,STL,4,7,3.86,25,17,0,0,0,0,105.0,108,48,45,11,3,32,98,1.33,0.263,STL,449,1866,17.77,4,2,0,0,2,2,8,1.02,8.4,2.74,3.06,0.32,13,1,0
2023,125,Julian Merryweather,P,CHC,5,1,3.38,69,0,0,0,2,4,72.0,58,28,27,8,1,36,98,1.31,0.219,CHC,303,1228,17.06,0,15,17,0,3,0,4,0.9,12.25,4.5,2.72,0.313,6,4,0
2023,125,Joey Wentz,P,DET,3,13,6.9,25,19,0,0,0,0,105.2,131,87,81,25,0,47,98,1.68,0.295,DET,492,1930,18.26,1,0,0,0,2,2,5,0.69,8.35,4.0,2.09,0.329,12,1,0
2023,125,Brandon Williamson,P,CIN,5,5,4.46,23,23,0,0,0,0,117.0,111,63,58,18,2,39,98,1.28,0.248,CIN,491,1939,16.57,7,0,0,0,4,2,14,0.8,7.54,3.0,2.51,0.28,1,3,2
2023,130,Zack Greinke,P,KC,2,15,5.06,30,27,0,0,0,0,142.1,158,82,80,25,4,23,97,1.27,0.282,KC,593,2219,15.59,2,0,0,0,2,1,13,0.98,6.13,1.45,4.22,0.3,2,1,5
2023,130,Joe Musgrove,P,SD,10,3,3.05,17,17,0,0,0,0,97.1,90,35,33,10,9,21,97,1.14,0.247,SD,399,1550,15.92,11,0,0,1,2,1,11,0.98,8.97,1.94,4.62,0.305,5,2,1
2023,132,Adrian Houser,P,MIL,8,5,4.12,23,21,0,0,0,0,111.1,121,56,51,13,1,34,96,1.39,0.273,MIL,481,1856,16.67,6,1,0,0,2,0,8,1.03,7.76,2.75,2.82,0.32,4,1,0
2023,132,Jakob Junis,P,SF,4,3,3.87,40,4,0,0,1,3,86.0,90,42,37,12,5,21,96,1.29,0.269,SF,367,1389,16.15,0,6,2,1,5,0,8,1.1,10.05,2.2,4.57,0.338,5,2,0
2023,132,Ryne Nelson,P,AZ,8,8,5.31,29,27,0,0,0,0,144.0,159,87,85,24,1,46,96,1.42,0.284,AZ,619,2355,16.35,7,1,0,0,6,1,15,0.69,6.0,2.88,2.09,0.301,2,4,0
2023,132,Cristopher Sánchez,P,PHI,3,5,3.44,19,18,0,0,0,0,99.1,88,44,38,16,3,16,96,1.05,0.235,PHI,396,1460,14.7,7,1,0,0,3,0,13,2.11,8.7,1.45,6.0,0.273,7,2,2
2023,136,Javier Assad,P,CHC,5,3,3.05,32,10,0,0,0,1,109.1,93,38,37,13,3,41,94,1.23,0.231,CHC,449,1710,15.64,4,9,3,1,3,1,10,1.18,7.74,3.38,2.29,0.269,8,3,2
2023,136,Kyle Freeland,P,COL,6,14,5.03,29,29,0,0,0,0,155.2,187,96,87,29,1,42,94,1.47,0.3,COL,677,2414,15.51,12,0,0,0,2,0,18,0.82,5.43,2.43,2.24,0.312,13,7,1
2023,136,Craig Kimbrel,P,PHI,8,6,3.26,71,0,0,0,23,28,69.0,44,28,25,10,4,28,94,1.04,0.181,PHI,278,1122,16.26,0,45,7,1,4,2,3,0.57,12.26,3.65,3.36,0.239,12,0,0
2023,136,Brandon Pfaadt,P,AZ,3,9,5.72,19,18,0,0,0,0,96.0,109,63,61,22,3,26,94,1.41,0.282,AZ,421,1612,16.79,3,1,0,0,0,0,5,0.58,8.81,2.44,3.62,0.316,8,4,0
2023,140,Kyle Hendricks,P,CHC,6,8,3.74,24,24,0,0,0,0,137.0,138,68,57,13,4,27,93,1.2,0.255,CHC,578,2108,15.39,12,0,0,0,0,0,2,1.19,6.11,1.77,3.44,0.284,23,2,0
2023,140,Martín Pérez,P,TEX,10,4,4.45,35,20,0,0,0,0,141.2,150,74,70,21,4,49,93,1.4,0.274,TEX,608,2223,15.69,8,3,2,1,2,3,18,1.07,5.91,3.11,1.9,0.295,3,1,0
2023,140,Bryan Woo,P,SEA,4,5,4.21,18,18,0,0,0,0,87.2,75,44,41,13,7,31,93,1.21,0.227,SEA,371,1448,16.52,4,0,0,1,1,0,6,0.88,9.55,3.18,3.0,0.274,8,0,0
2023,143,Pierce Johnson,P,ATL,2,6,4.02,67,0,0,0,13,16,62.2,63,34,28,10,0,30,90,1.48,0.257,ATL,277,1084,17.3,0,28,12,1,4,0,7,0.96,12.93,4.31,3.0,0.363,0,0,0
2023,144,Camilo Doval,P,SF,6,6,2.93,69,0,0,0,39,47,67.2,51,32,22,3,8,26,87,1.14,0.209,SF,281,1138,16.82,0,60,0,6,10,3,6,1.27,11.57,3.46,3.35,0.308,12,5,0
2023,144,Austin Gomber,P,COL,9,9,5.5,27,27,0,0,0,0,139.0,164,88,85,26,3,43,87,1.49,0.297,COL,603,2160,15.54,12,0,0,1,5,0,18,0.94,5.63,2.78,2.02,0.314,8,1,0
2023,144,Devin Williams,P,MIL,8,3,1.53,61,0,0,0,36,40,58.2,26,13,10,4,1,28,87,0.92,0.129,MIL,231,948,16.16,0,49,0,1,1,0,2,1.28,13.35,4.3,3.11,0.198,10,1,0
2023,147,Alexis Díaz,P,CIN,9,6,3.07,71,0,0,0,37,40,67.1,44,30,23,4,10,36,86,1.19,0.186,CIN,286,1162,17.26,0,51,2,0,3,0,4,0.67,11.5,4.81,2.39,0.27,12,3,0
2023,147,Scott McGough,P,AZ,2,7,4.73,63,1,0,0,9,14,70.1,60,40,37,14,2,30,86,1.28,0.226,AZ,301,1233,17.53,0,24,14,2,3,0,3,1.2,11.0,3.84,2.87,0.272,1,1,0
2023,149,Josh Hader,P,SD,2,3,1.28,61,0,0,0,33,38,56.1,32,11,8,3,3,30,85,1.1,0.163,SD,231,1042,18.5,0,52,0,2,3,0,3,0.62,13.58,4.79,2.83,0.269,1,0,0
2023,149,Alec Marsh,P,KC,3,9,5.69,17,8,0,0,0,0,74.1,77,50,47,16,9,39,85,1.56,0.266,KC,342,1342,18.05,1,1,0,0,1,0,5,0.75,10.29,4.72,2.18,0.321,11,1,3
2023,149,Touki Toussaint,P,CWS,4,7,4.97,20,16,0,0,0,0,87.0,69,48,48,10,7,57,85,1.45,0.223,CWS,384,1595,18.33,2,2,0,0,3,1,8,1.21,8.79,5.9,1.49,0.266,9,2,1
2023,152,Jhoan Duran,P,MIN,3,6,2.45,59,0,0,0,27,32,62.1,46,25,17,6,4,25,84,1.14,0.207,MIN,255,1017,16.32,0,41,1,5,8,0,5,2.56,12.13,3.61,3.36,0.301,8,1,1
2023,153,Shintaro Fujinami,P,BAL,7,8,7.18,64,7,0,0,2,6,79.0,73,65,63,9,7,45,83,1.49,0.242,BAL,357,1404,17.77,1,19,5,1,8,0,6,0.69,9.46,5.13,1.84,0.3,7,0,0
2023,153,Reynaldo López,P,CLE,3,7,3.27,68,0,0,0,6,12,66.0,50,25,24,8,1,34,83,1.27,0.207,CLE,278,1205,18.26,0,16,22,2,4,1,2,0.63,11.32,4.64,2.44,0.278,7,1,0
2023,153,Hayden Wesneski,P,CHC,3,5,4.63,34,11,0,0,0,1,89.1,82,50,46,20,3,32,83,1.28,0.242,CHC,379,1479,16.56,3,6,2,1,2,0,8,0.91,8.36,3.22,2.59,0.261,2,2,0
2023,156,Tony Gonsolin,P,LAD,8,5,4.98,20,20,0,0,0,0,103.0,86,61,57,19,7,40,82,1.22,0.226,LAD,435,1664,16.16,4,0,0,1,2,0,8,0.71,7.17,3.5,2.05,0.235,8,1,0
2023,156,A.J. Minter,P,ATL,3,6,3.76,70,0,0,0,10,13,64.2,56,28,27,6,0,21,82,1.19,0.236,ATL,260,1062,16.42,0,19,21,2,1,1,6,0.63,11.41,2.92,3.9,0.331,15,4,1
2023,156,Josh Winckowski,P,BOS,4,4,2.88,60,1,0,0,3,7,84.1,89,34,27,9,3,31,82,1.42,0.267,BOS,367,1383,16.4,0,8,19,2,2,0,11,1.31,8.75,3.31,2.65,0.331,2,1,0
2023,159,Jordan Hicks,P,TOR,3,9,3.29,65,0,0,0,12,15,65.2,57,30,24,4,4,32,81,1.36,0.231,TOR,285,1114,16.96,0,26,13,1,8,0,6,1.92,11.1,4.39,2.53,0.323,2,2,0
2023,159,Chris Stratton,P,TEX,2,1,3.92,64,0,0,0,1,3,82.2,69,39,36,8,2,25,81,1.14,0.227,TEX,338,1357,16.42,0,23,8,0,5,0,7,0.71,8.82,2.72,3.24,0.276,7,2,1
2023,159,Gavin Williams,P,CLE,3,5,3.29,16,16,0,0,0,0,82.0,66,32,30,8,4,37,81,1.26,0.219,CLE,345,1386,16.9,4,0,0,1,3,0,3,0.85,8.89,4.06,2.19,0.27,6,2,1
2023,162,David Bednar,P,PIT,3,3,2.0,66,0,0,0,39,42,67.1,53,22,15,3,3,21,80,1.1,0.215,PIT,277,1105,16.41,0,57,0,4,2,0,5,0.74,10.69,2.81,3.81,0.299,1,0,0
2023,162,Max Fried,P,ATL,8,1,2.55,14,14,1,1,0,0,77.2,70,24,22,7,2,18,80,1.13,0.242,ATL,311,1244,16.02,7,0,0,0,3,0,9,2.0,9.27,2.09,4.44,0.31,4,2,2
2023,162,Paul Sewald,P,AZ,3,2,3.12,65,0,0,0,34,39,60.2,46,23,21,8,1,24,80,1.15,0.208,AZ,249,1037,17.09,0,47,0,1,1,0,3,0.56,11.87,3.56,3.33,0.284,7,0,0
2023,162,Kirby Yates,P,ATL,7,2,3.28,61,0,0,0,5,8,60.1,35,22,22,9,5,37,80,1.19,0.167,ATL,254,1058,17.54,0,16,9,1,5,1,1,0.67,11.93,5.52,2.16,0.213,11,3,1
2023,166,Scott Barlow,P,SD,2,6,4.37,63,0,0,0,13,16,68.0,61,39,33,4,5,34,79,1.4,0.242,SD,299,1197,17.6,0,32,7,3,3,0,5,1.11,10.46,4.5,2.32,0.326,11,0,0
2023,166,Anthony DeSclafani,P,SF,4,8,4.88,19,18,0,0,0,0,99.2,105,59,54,15,4,20,79,1.25,0.271,SF,419,1550,15.55,8,0,0,0,3,0,6,0.88,7.13,1.81,3.95,0.303,8,3,1
2023,166,Yimi García,P,TOR,3,4,4.09,73,0,0,0,3,7,66.0,67,35,30,8,6,15,79,1.24,0.261,TOR,282,1100,16.67,0,16,19,1,0,0,6,1.35,10.77,2.05,5.27,0.345,6,1,0
2023,166,Alex Lange,P,DET,7,5,3.68,67,0,0,0,26,32,66.0,43,30,27,6,6,45,79,1.33,0.185,DET,288,1146,17.36,0,45,6,1,4,0,5,1.48,10.77,6.14,1.76,0.245,7,2,0
2023,166,Ben Lively,P,CIN,4,7,5.38,19,12,0,0,0,0,88.2,96,53,53,20,3,25,79,1.36,0.27,CIN,383,1383,15.6,2,0,0,0,1,0,6,0.89,8.02,2.54,3.16,0.297,7,0,0
2023,166,Alek Manoah,P,TOR,3,9,5.87,19,19,0,0,0,0,87.1,93,61,57,15,9,59,79,1.74,0.269,TOR,415,1689,19.34,4,0,0,1,3,3,7,0.68,8.14,6.08,1.34,0.308,15,2,1
2023,166,Wade Miley,P,MIL,9,4,3.14,23,23,0,0,0,0,120.1,99,44,42,16,3,38,79,1.14,0.223,MIL,490,1873,15.57,9,0,0,0,2,0,14,0.97,5.91,2.84,2.08,0.236,2,3,4
2023,166,Rafael Montero,P,HOU,3,3,5.08,68,0,0,0,1,6,67.1,74,40,38,11,3,29,79,1.53,0.279,HOU,298,1253,18.61,0,21,10,0,0,0,6,0.92,10.56,3.88,2.72,0.358,11,2,0
2023,166,Luis Severino,P,NYY,4,8,6.65,19,18,0,0,0,0,89.1,113,73,66,23,5,34,79,1.65,0.301,NYY,417,1636,18.31,5,0,0,1,1,3,3,1.13,7.96,3.43,2.32,0.328,9,1,3
2023,175,Aaron Bummer,P,CWS,5,5,6.79,61,0,0,0,0,3,58.1,53,45,44,4,5,36,78,1.53,0.236,CWS,267,1099,18.84,0,8,15,3,6,0,3,1.79,12.03,5.55,2.17,0.34,17,1,0
2023,175,Carlos Estévez,P,LAA,5,5,3.9,63,0,0,0,31,35,62.1,62,34,27,7,5,31,78,1.49,0.254,LAA,281,1127,18.08,0,49,2,5,1,0,3,0.54,11.26,4.48,2.52,0.346,2,0,0
2023,175,Justin Lawrence,P,COL,4,7,3.72,69,0,0,0,11,18,75.0,65,37,31,5,7,36,78,1.35,0.235,COL,326,1183,15.77,0,29,11,4,3,0,9,1.22,9.36,4.32,2.17,0.305,8,0,0
2023,175,A.J. Puk,P,MIA,7,5,3.97,58,0,0,0,15,24,56.2,54,29,25,10,2,13,78,1.18,0.241,MIA,242,950,16.76,0,31,2,2,1,0,1,1.07,12.39,2.06,6.0,0.319,8,1,1
2023,175,David Robertson,P,MIA,6,6,3.03,62,0,0,0,18,24,65.1,53,28,22,7,3,25,78,1.19,0.221,MIA,269,1068,16.35,0,36,10,2,5,0,7,0.83,10.74,3.44,3.12,0.297,9,0,0
2023,175,Ryan Walker,P,SF,5,3,3.23,49,13,0,0,1,2,61.1,61,25,22,8,2,24,78,1.39,0.262,SF,263,1079,17.59,0,6,3,0,3,0,3,1.18,11.45,3.52,3.25,0.356,5,5,2
2023,181,Jake Bird,P,COL,3,3,4.33,70,3,0,0,0,11,89.1,94,47,43,6,7,27,77,1.35,0.276,COL,381,1391,15.57,0,8,13,0,2,0,11,1.71,7.76,2.72,2.85,0.333,5,1,0
2023,181,Carlos Hernández,P,KC,1,10,5.27,67,4,0,0,4,10,70.0,62,43,41,10,1,31,77,1.33,0.233,KC,300,1251,17.87,0,15,17,1,5,2,5,0.63,9.9,3.99,2.48,0.287,3,1,0
2023,181,MarkM Leiter Jr.Leiter,P,CHC,1,3,3.5,69,0,0,0,4,8,64.1,48,27,25,7,8,24,77,1.12,0.206,CHC,269,1056,16.41,0,12,28,0,2,1,4,1.04,10.77,3.36,3.21,0.27,9,1,0
2023,181,Héctor Neris,P,HOU,6,3,1.71,71,0,0,0,2,3,68.1,41,16,13,7,3,31,77,1.05,0.174,HOU,273,1092,15.98,0,7,31,0,3,0,5,0.62,10.14,4.08,2.48,0.222,9,2,0
2023,181,Joel Payamps,P,MIL,7,5,2.55,69,0,0,0,3,6,70.2,57,24,20,8,5,17,77,1.05,0.219,MIL,287,1120,15.85,0,10,27,1,2,2,4,0.97,9.81,2.17,4.53,0.277,6,2,0
2023,181,Robert Stephenson,P,TB,3,4,3.1,60,0,0,0,1,6,52.1,30,20,18,8,0,16,77,0.88,0.165,TB,201,763,14.58,0,15,15,2,4,0,2,0.66,13.24,2.75,4.81,0.222,1,1,0
2023,187,Phil Bickford,P,NYM,5,5,4.95,61,0,0,0,1,2,67.1,59,41,37,8,4,39,76,1.46,0.23,NYM,304,1229,18.25,0,18,4,4,4,1,1,0.4,10.16,5.21,1.95,0.293,18,0,0
2023,187,Dauri Moreta,P,PIT,5,2,3.72,55,0,0,0,1,3,58.0,39,26,24,4,3,24,76,1.09,0.187,PIT,239,962,16.59,0,11,5,1,3,0,3,0.9,11.79,3.72,3.17,0.265,6,0,0
2023,189,Eli Morgan,P,CLE,5,2,4.01,61,0,0,0,1,3,67.1,73,37,30,9,1,24,75,1.44,0.267,CLE,299,1200,17.82,0,14,8,1,2,1,1,0.88,10.02,3.21,3.13,0.337,11,2,0
2023,189,Trevor Stephan,P,CLE,7,7,4.06,71,0,0,0,2,10,68.2,63,35,31,6,5,26,75,1.3,0.245,CLE,294,1128,16.43,0,11,28,1,3,0,5,0.76,9.83,3.41,2.88,0.318,13,1,0
2023,189,Erik Swanson,P,TOR,4,2,2.97,69,0,0,0,4,6,66.2,52,22,22,8,0,21,75,1.1,0.217,TOR,262,1059,15.89,0,13,29,0,0,0,8,0.75,10.13,2.84,3.57,0.28,8,1,1
2023,189,Michael Tonkin,P,ATL,7,3,4.28,45,0,0,0,1,4,80.0,64,41,38,13,2,23,75,1.09,0.217,ATL,325,1283,16.04,0,11,2,1,2,1,5,0.75,8.44,2.59,3.26,0.243,7,0,0
2023,193,Chris Flexen,P,COL,2,8,6.86,29,16,0,0,0,0,102.1,133,81,78,25,4,38,74,1.67,0.317,COL,466,1755,17.15,2,9,0,0,6,0,10,0.79,6.51,3.34,1.95,0.333,6,2,0
2023,193,Tyler Holton,P,DET,3,2,2.11,59,1,0,0,1,2,85.1,56,21,20,9,1,18,74,0.87,0.185,DET,324,1195,14.0,0,7,14,1,4,0,6,1.06,7.8,1.9,4.11,0.213,1,0,0
2023,193,Zack Littell,P,TB,3,6,4.1,28,14,0,0,0,0,90.0,94,43,41,13,4,12,74,1.18,0.261,TB,379,1330,14.78,4,7,0,1,4,0,4,0.89,7.4,1.2,6.17,0.295,1,0,0
2023,193,Phil Maton,P,HOU,4,3,3.0,68,0,0,0,1,3,66.0,49,27,22,6,9,25,74,1.12,0.207,HOU,274,1040,15.76,0,7,10,2,1,0,5,0.92,10.09,3.41,2.96,0.27,3,1,0
2023,193,Ryan Pressly,P,HOU,4,5,3.58,65,0,0,0,31,37,65.1,54,33,26,8,1,16,74,1.07,0.22,HOU,268,1024,15.67,0,56,0,0,2,0,3,1.46,10.19,2.2,4.63,0.272,1,0,0
2023,193,Alex Wood,P,SF,5,5,4.33,29,12,0,0,0,0,97.2,98,52,47,9,8,42,74,1.43,0.263,SF,429,1708,17.49,0,2,1,0,3,2,10,0.97,6.82,3.87,1.76,0.303,4,1,0
2023,193,Brandon Woodruff,P,MIL,5,1,2.28,11,11,1,1,0,0,67.0,40,17,17,9,3,15,74,0.82,0.172,MIL,253,1043,15.57,7,0,0,0,0,0,3,0.73,9.94,2.01,4.93,0.204,4,2,0
2023,200,Matthew Boyd,P,DET,5,5,5.45,15,15,0,0,0,0,71.0,69,46,43,11,2,25,73,1.32,0.25,DET,303,1178,16.59,2,0,0,0,2,0,5,0.76,9.25,3.17,2.92,0.302,2,2,2
2023,200,Michael Grove,P,LAD,2,3,6.13,18,12,0,0,0,0,69.0,83,47,47,12,3,19,73,1.48,0.296,LAD,302,1146,16.61,0,1,1,0,3,0,5,0.85,9.52,2.48,3.84,0.364,7,2,0
2023,200,Joe Jiménez,P,ATL,0,3,3.04,59,0,0,0,0,3,56.1,51,22,19,9,2,14,73,1.15,0.233,ATL,238,936,16.62,0,16,13,0,0,0,2,0.48,11.66,2.24,5.21,0.304,8,0,0
2023,200,Andrew Nardi,P,MIA,8,1,2.67,63,0,0,0,3,4,57.1,45,18,17,7,4,21,73,1.15,0.213,MIA,237,958,16.71,0,10,17,2,0,0,3,1.04,11.46,3.3,3.48,0.29,1,1,0
2023,200,Steven Okert,P,MIA,3,2,4.45,64,2,0,0,0,3,58.2,50,31,29,9,2,24,73,1.26,0.229,MIA,247,1019,17.37,0,10,12,0,1,1,2,0.38,11.2,3.68,3.04,0.299,9,0,0
2023,205,Jhony Brito,P,NYY,9,7,4.28,25,13,0,0,1,1,90.1,82,47,43,14,4,28,72,1.22,0.244,NYY,372,1445,16.0,0,1,1,0,0,1,9,0.96,7.17,2.79,2.57,0.268,7,3,1
2023,205,Zach Davies,P,AZ,2,5,7.0,18,18,0,0,0,0,82.1,98,67,64,10,2,39,72,1.66,0.295,AZ,377,1498,18.19,3,0,0,0,0,0,7,0.91,7.87,4.26,1.85,0.348,8,1,0
2023,205,Jordan Romano,P,TOR,5,7,2.9,59,0,0,0,36,40,59.0,48,20,19,6,2,24,72,1.22,0.218,TOR,248,915,15.51,0,49,2,5,0,1,3,0.73,10.98,3.66,3.0,0.296,9,1,0
2023,205,Lucas Sims,P,CIN,7,3,3.1,67,0,0,0,3,8,61.0,33,23,21,5,10,39,72,1.18,0.163,CIN,258,1057,17.33,0,5,23,1,3,1,3,0.32,10.62,5.75,1.85,0.215,5,2,1
2023,205,Zack Thompson,P,STL,5,7,4.48,25,9,0,0,0,1,66.1,69,35,33,8,2,25,72,1.42,0.27,STL,287,1168,17.61,1,1,1,0,3,0,6,1.05,9.77,3.39,2.88,0.341,2,3,1
2023,205,Garrett Whitlock,P,BOS,5,5,5.15,22,10,0,0,1,2,71.2,82,43,41,13,3,13,72,1.33,0.288,BOS,304,1195,16.67,3,3,3,0,2,0,5,1.31,9.04,1.63,5.54,0.342,7,5,0
2023,211,Jose Cuas,P,CHC,3,2,3.99,72,2,0,0,1,4,65.1,63,30,29,8,7,35,71,1.5,0.253,CHC,292,1176,18.0,0,12,10,0,5,0,8,1.07,9.78,4.82,2.03,0.322,4,2,0
2023,211,Clay Holmes,P,NYY,4,4,2.86,66,0,0,0,24,27,63.0,51,22,20,2,3,23,71,1.17,0.218,NYY,262,1024,16.25,0,41,5,0,5,1,6,2.68,10.14,3.29,3.09,0.301,2,0,0
2023,211,Peter Lambert,P,COL,3,7,5.36,25,11,0,0,0,0,87.1,93,54,52,18,5,28,71,1.39,0.273,COL,375,1450,16.6,3,1,0,0,1,0,5,0.82,7.32,2.89,2.54,0.296,4,5,3
2023,211,Louis Varland,P,MIN,4,3,4.63,17,10,0,0,0,0,68.0,66,35,35,16,1,17,71,1.22,0.252,MIN,283,1091,16.04,5,1,2,0,2,0,3,0.97,9.4,2.25,4.18,0.284,1,1,0
2023,215,José Cisnero,P,DET,3,4,5.31,63,0,0,0,2,4,59.1,63,39,35,10,5,25,70,1.48,0.27,DET,267,986,16.62,0,18,14,2,9,0,5,0.98,10.62,3.79,2.8,0.342,4,1,0
2023,215,Buck Farmer,P,CIN,4,5,4.2,71,0,0,0,3,9,75.0,58,36,35,11,4,29,70,1.16,0.214,CIN,309,1222,16.29,0,10,10,0,1,0,3,0.57,8.4,3.48,2.41,0.244,12,1,0
2023,215,Caleb Ferguson,P,LAD,7,4,3.43,68,7,0,0,3,8,60.1,64,30,23,4,8,23,70,1.44,0.269,LAD,270,1065,17.65,0,9,17,0,3,0,8,1.23,10.44,3.43,3.04,0.364,4,1,0
2023,215,Kevin Ginkel,P,AZ,9,1,2.48,60,0,0,0,4,6,65.1,41,24,18,3,2,23,70,0.98,0.181,AZ,254,1055,16.15,0,19,8,1,5,1,6,1.19,9.64,3.17,3.04,0.244,2,1,0
2023,215,Ross Stripling,P,SF,0,5,5.36,22,11,0,0,0,0,89.0,104,54,53,20,2,16,70,1.35,0.287,SF,381,1453,16.33,2,5,0,0,2,1,5,0.99,7.08,1.62,4.38,0.308,6,3,0
2023,220,Jason Adam,P,TB,4,2,2.98,56,0,0,0,12,18,54.1,35,21,18,7,9,20,69,1.01,0.181,TB,222,906,16.67,0,22,11,0,2,0,4,0.98,11.43,3.31,3.45,0.239,10,2,0
2023,220,Ian Gibaut,P,CIN,8,4,3.33,74,0,0,0,3,9,75.2,69,33,28,8,4,28,69,1.28,0.245,CIN,318,1214,16.04,0,15,23,4,0,0,4,0.77,8.21,3.33,2.46,0.295,10,6,0
2023,220,Ian Hamilton,P,NYY,3,2,2.64,39,3,0,0,2,2,58.0,45,19,17,2,3,26,69,1.22,0.215,NYY,239,979,16.88,0,6,5,1,1,0,6,1.74,10.71,4.03,2.65,0.309,2,2,2
2023,220,Jeff Hoffman,P,PHI,5,2,2.41,54,0,0,0,1,3,52.1,29,16,14,3,2,19,69,0.92,0.158,PHI,208,869,16.61,0,13,11,1,4,0,2,0.98,11.87,3.27,3.63,0.232,9,1,0
2023,224,Tristan Beck,P,SF,3,3,3.92,33,3,0,0,2,3,85.0,83,40,37,10,2,21,68,1.22,0.252,SF,354,1298,15.27,0,13,4,2,3,0,10,0.86,7.2,2.22,3.24,0.29,2,0,0
2023,224,Lucas Erceg,P,OAK,4,4,4.75,50,0,0,0,0,2,55.0,51,33,29,1,6,36,68,1.58,0.245,OAK,251,1053,19.15,0,4,11,1,5,0,7,1.09,11.13,5.89,1.89,0.357,0,1,0
2023,224,Pete Fairbanks,P,TB,2,4,2.58,49,0,0,0,25,29,45.1,26,14,13,3,4,20,68,1.01,0.164,TB,184,734,16.19,0,37,2,0,6,0,3,1.13,13.5,3.97,3.4,0.261,7,0,0
2023,224,Raisel Iglesias,P,ATL,5,4,2.75,58,0,0,0,33,37,55.2,51,23,17,7,0,15,68,1.19,0.238,ATL,231,870,15.63,0,50,0,2,0,0,5,1.02,10.99,2.43,4.53,0.312,0,0,0
2023,224,Cole Irvin,P,BAL,1,4,4.42,24,12,0,0,0,0,77.1,78,42,38,11,7,21,68,1.28,0.256,BAL,336,1273,16.46,1,6,1,0,2,0,3,0.98,7.91,2.44,3.24,0.293,0,1,0
2023,224,Griffin Jax,P,MIN,6,10,3.86,71,0,0,0,4,11,65.1,58,30,28,5,4,19,68,1.18,0.232,MIN,274,1047,16.03,0,14,23,1,1,0,5,1.91,9.37,2.62,3.58,0.299,9,0,1
2023,224,Sam Moll,P,CIN,2,3,3.03,70,1,0,0,1,4,62.1,47,22,21,2,7,30,68,1.24,0.206,CIN,268,1025,16.44,0,13,9,8,4,0,6,1.27,9.82,4.33,2.27,0.281,12,1,1
2023,231,Adbert Alzolay,P,CHC,2,5,2.67,58,0,0,0,22,25,64.0,52,23,19,5,5,13,67,1.02,0.225,CHC,253,962,15.03,0,38,7,0,0,2,8,0.87,9.42,1.83,5.15,0.29,6,3,1
2023,231,Nestor Cortes,P,NYY,5,2,4.97,12,12,0,0,0,0,63.1,59,36,35,11,3,20,67,1.25,0.244,NYY,266,1068,16.86,3,0,0,0,0,0,5,0.36,9.52,2.84,3.35,0.291,2,1,2
2023,231,Xzavion Curry,P,CLE,3,4,4.07,41,9,0,0,0,0,95.0,98,47,43,12,2,30,67,1.35,0.267,CLE,404,1495,15.74,1,19,0,1,3,2,7,0.47,6.35,2.84,2.23,0.295,10,1,1
2023,231,Hunter Harvey,P,WSH,4,4,2.82,57,0,0,0,10,15,60.2,44,21,19,7,2,13,67,0.94,0.203,WSH,235,963,15.87,0,20,19,1,2,1,4,0.95,9.94,1.93,5.15,0.253,6,0,0
2023,231,José Leclerc,P,TEX,0,2,2.68,57,0,0,0,4,9,57.0,37,19,17,5,2,28,67,1.14,0.183,TEX,233,977,17.14,0,24,8,2,2,0,4,0.43,10.58,4.42,2.39,0.244,2,2,0
2023,231,Andrés Muñoz,P,SEA,4,7,2.94,52,0,0,0,13,16,49.0,40,20,16,2,5,22,67,1.27,0.217,SEA,211,836,17.06,0,21,14,3,4,2,3,1.85,12.31,4.04,3.05,0.33,8,2,0
2023,231,Kyle Nelson,P,AZ,7,4,4.18,68,2,0,0,0,4,56.0,59,30,26,12,1,14,67,1.3,0.267,AZ,239,878,15.68,0,8,11,1,1,0,2,0.85,10.77,2.25,4.79,0.331,1,0,0
2023,231,Connor Seabold,P,COL,1,7,7.52,27,13,0,0,0,0,87.1,116,76,73,19,7,28,67,1.65,0.317,COL,408,1562,17.89,2,7,0,1,5,0,5,0.64,6.9,2.89,2.39,0.34,1,0,0
2023,231,Ryan Yarbrough,P,LAD,8,7,4.52,25,9,0,0,2,3,89.2,96,45,45,13,8,14,67,1.23,0.271,LAD,377,1424,15.88,3,6,1,0,1,0,6,0.7,6.72,1.41,4.79,0.302,8,5,2
2023,240,Carlos Carrasco,P,NYM,3,8,6.8,20,20,0,0,0,0,90.0,115,71,68,18,6,38,66,1.7,0.31,NYM,417,1587,17.63,3,0,0,0,3,1,6,1.4,6.6,3.8,1.74,0.336,12,1,3
2023,240,Kendall Graveman,P,HOU,5,6,3.12,68,0,0,0,8,12,66.1,51,27,23,9,5,36,66,1.31,0.214,HOU,282,1114,16.79,0,26,13,0,3,1,12,0.84,8.95,4.88,1.83,0.256,5,1,0
2023,240,Evan Phillips,P,LAD,2,4,2.05,62,0,0,0,24,27,61.1,38,19,14,6,3,13,66,0.83,0.177,LAD,234,915,14.92,0,36,6,2,1,0,6,1.04,9.68,1.91,5.08,0.222,3,1,0
2023,240,Nick Sandlin,P,CLE,5,5,3.75,61,0,0,0,0,1,60.0,38,28,25,12,2,24,66,1.03,0.182,CLE,239,1008,16.8,0,7,10,1,0,0,4,0.95,9.9,3.6,2.75,0.195,7,3,0
2023,240,Gregory Santos,P,CWS,2,2,3.39,60,0,0,0,5,9,66.1,69,29,25,2,5,17,66,1.3,0.258,CWS,289,1047,15.78,0,17,6,1,2,1,2,1.49,8.95,2.31,3.88,0.337,10,3,0
2023,240,Josh Sborz,P,TEX,6,7,5.5,44,0,0,0,0,4,52.1,43,33,32,8,1,17,66,1.15,0.219,TEX,215,835,15.96,0,7,14,0,3,0,3,1.12,11.35,2.92,3.88,0.287,4,0,0
2023,246,Huascar Brazobán,P,MIA,5,2,4.14,50,0,0,0,0,3,58.2,53,28,27,5,4,31,65,1.43,0.243,MIA,257,1012,17.25,0,7,13,2,3,0,5,1.31,9.97,4.76,2.1,0.318,11,0,0
2023,246,Yennier Cano,P,BAL,1,4,2.11,72,0,0,0,8,14,72.2,60,19,17,4,3,13,65,1.0,0.226,BAL,283,1017,14.0,0,20,31,2,2,1,9,2.46,8.05,1.61,5.0,0.284,7,1,0
2023,246,Taylor Clarke,P,KC,3,6,5.95,58,2,0,0,3,6,59.0,71,42,39,12,3,24,65,1.61,0.303,KC,266,1068,18.1,0,11,12,1,3,0,0,0.48,9.92,3.66,2.71,0.369,0,3,4
2023,246,Michael Fulmer,P,CHC,3,5,4.42,58,1,0,0,2,5,57.0,48,29,28,7,2,28,65,1.33,0.235,CHC,237,950,16.67,0,14,11,0,5,0,8,0.96,10.26,4.42,2.32,0.304,1,2,0
2023,246,Emilio Pagán,P,MIN,5,2,2.99,66,1,0,0,1,6,69.1,45,26,23,5,1,21,65,0.95,0.181,MIN,273,1061,15.3,0,15,8,2,2,0,2,0.5,8.44,2.73,3.1,0.222,2,2,0
2023,246,Gregory Soto,P,PHI,3,4,4.62,69,0,0,0,3,6,60.1,47,34,31,6,2,22,65,1.14,0.21,PHI,250,966,16.01,0,13,24,0,5,0,4,1.28,9.7,3.28,2.95,0.265,2,0,0
2023,252,José Alvarado,P,PHI,0,2,1.74,42,0,0,0,10,12,41.1,30,15,8,3,0,18,64,1.16,0.196,PHI,172,742,17.95,0,12,11,1,3,0,1,1.86,13.94,3.92,3.56,0.314,3,1,0
2023,252,Chase Anderson,P,COL,1,6,5.42,19,17,0,0,1,1,86.1,90,53,52,17,7,33,64,1.42,0.274,COL,372,1447,16.76,4,2,0,0,1,0,9,0.73,6.67,3.44,1.94,0.292,4,4,0
2023,252,Emmanuel Clase,P,CLE,3,9,3.22,75,0,0,0,44,56,72.2,68,37,26,4,1,16,64,1.16,0.242,CLE,302,1120,15.41,0,65,0,2,5,1,5,1.68,7.93,1.98,4.0,0.296,10,0,0
2023,252,Jake Diekman,P,TB,0,2,3.34,63,0,0,0,0,2,56.2,37,29,21,3,1,38,64,1.32,0.183,TB,243,996,17.58,0,22,8,1,3,2,6,0.94,10.16,6.04,1.68,0.25,8,1,0
2023,252,Tommy Henry,P,AZ,5,4,4.15,17,16,0,0,0,0,89.0,86,42,41,12,4,35,64,1.36,0.251,AZ,381,1391,15.63,6,0,0,2,1,0,5,0.6,6.47,3.54,1.83,0.278,10,3,1
2023,252,Keynan Middleton,P,NYY,2,2,3.38,51,0,0,0,2,4,50.2,40,20,19,8,1,23,64,1.24,0.214,NYY,212,856,16.89,0,11,5,0,2,0,3,1.9,11.37,4.09,2.78,0.278,4,2,0
2023,252,Carlos Rodón,P,NYY,3,8,6.85,14,14,0,0,0,0,64.1,65,51,49,15,4,28,64,1.45,0.261,NYY,286,1133,17.61,3,0,0,0,9,0,3,0.44,8.95,3.92,2.29,0.287,5,1,1
2023,252,Taylor Rogers,P,SF,6,4,3.83,60,0,0,0,2,2,51.2,39,27,22,6,3,25,64,1.24,0.211,SF,216,834,16.14,0,12,12,3,3,0,5,0.73,11.15,4.35,2.56,0.282,6,1,1
2023,252,Emmet Sheehan,P,LAD,4,1,4.92,13,11,0,0,1,1,60.1,46,33,33,11,1,26,64,1.19,0.21,LAD,248,1031,17.09,3,1,0,0,1,0,5,0.5,9.55,3.88,2.46,0.24,4,1,0
2023,252,Gabe Speier,P,SEA,2,2,3.79,69,0,0,0,1,1,54.2,47,24,23,7,3,11,64,1.06,0.235,SEA,216,782,14.3,0,8,17,4,2,0,8,1.53,10.54,1.81,5.82,0.305,5,1,0
2023,252,Alex Vesia,P,LAD,2,5,4.35,56,1,0,0,1,2,49.2,52,27,24,7,2,17,64,1.39,0.263,LAD,217,853,17.17,0,10,10,3,2,0,1,0.32,11.6,3.08,3.76,0.354,6,1,0
2023,263,Andrew Chafin,P,MIL,3,4,4.73,63,0,0,0,8,13,51.1,45,30,27,6,1,28,63,1.42,0.231,MIL,224,921,17.94,0,19,14,0,2,0,5,0.89,11.05,4.91,2.25,0.31,2,2,0
2023,263,Kyle Finnegan,P,WSH,7,5,3.76,67,0,0,0,28,36,69.1,66,33,29,11,1,24,63,1.3,0.254,WSH,288,1106,15.95,0,46,8,1,0,0,11,1.09,8.18,3.12,2.63,0.294,15,1,1
2023,265,Jaime Barria,P,LAA,2,6,5.68,34,6,0,0,0,2,82.1,91,63,52,20,2,30,62,1.47,0.277,LAA,362,1350,16.4,0,17,2,6,4,1,7,0.74,6.78,3.28,2.07,0.286,0,1,2
2023,265,Brandon Bielak,P,HOU,5,6,3.83,15,13,0,0,0,0,80.0,86,43,34,12,5,36,62,1.53,0.277,HOU,353,1388,17.35,2,0,0,0,3,0,12,1.22,6.98,4.05,1.72,0.312,5,6,1
2023,265,Enyel De Los Santos,P,CLE,5,2,3.29,70,0,0,0,0,3,65.2,50,26,24,4,4,25,62,1.14,0.216,CLE,262,1048,15.96,0,8,16,1,2,2,5,0.89,8.5,3.43,2.48,0.275,5,1,4
2023,265,Trevor Gott,P,NYM,0,5,4.19,64,0,0,0,1,8,58.0,63,34,27,4,4,19,62,1.41,0.267,NYM,261,977,16.84,0,13,10,3,0,0,2,0.82,9.62,2.95,3.26,0.345,12,0,1
2023,265,Jose E. Hernandez,P,PIT,1,3,4.97,50,0,0,0,0,2,50.2,47,30,28,9,1,22,62,1.36,0.239,PIT,223,861,16.99,0,12,5,3,5,2,0,0.86,11.01,3.91,2.82,0.299,7,0,0
2023,265,Adam Ottavino,P,NYM,1,7,3.21,66,0,0,0,12,15,61.2,46,24,22,7,8,29,62,1.22,0.208,NYM,261,1024,16.61,0,36,12,3,5,3,6,1.76,9.05,4.23,2.14,0.255,22,1,0
2023,271,Albert Abreu,P,NYY,2,2,4.73,45,0,0,0,0,0,59.0,52,39,31,9,6,35,61,1.47,0.231,NYY,268,1044,17.69,0,19,3,1,5,0,4,1.22,9.31,5.34,1.74,0.276,7,0,1
2023,271,Mike Baumann,P,BAL,10,1,3.76,60,0,0,0,0,4,64.2,52,29,27,7,2,33,61,1.31,0.221,BAL,273,1071,16.56,0,15,6,2,7,0,7,0.92,8.49,4.59,1.85,0.266,10,1,1
2023,271,Colin Poche,P,TB,12,3,2.23,66,0,0,0,1,6,60.2,42,17,15,4,1,24,61,1.09,0.194,TB,246,927,15.28,0,6,22,1,3,0,2,0.64,9.05,3.56,2.54,0.247,7,1,0
2023,271,Brooks Raley,P,NYM,1,2,2.8,66,0,0,0,3,6,54.2,44,19,17,4,6,25,61,1.26,0.217,NYM,236,982,17.96,0,11,25,3,0,0,5,1.08,10.04,4.12,2.44,0.288,5,0,0
2023,271,Justin Topa,P,SEA,5,4,2.61,75,0,0,0,3,5,69.0,61,26,20,4,3,18,61,1.14,0.24,SEA,279,1046,15.16,0,14,23,4,0,0,7,1.57,7.96,2.35,3.39,0.297,6,3,1
2023,271,Bryse Wilson,P,MIL,6,0,2.58,53,0,0,0,3,4,76.2,60,26,22,9,2,22,61,1.07,0.211,MIL,314,1156,15.08,0,18,5,0,6,0,3,0.63,7.16,2.58,2.77,0.236,4,0,0
2023,277,Miguel Castro,P,AZ,6,6,4.31,75,0,0,0,7,11,64.2,51,32,31,8,3,25,60,1.18,0.213,AZ,268,1008,15.59,0,21,13,3,0,0,4,1.05,8.35,3.48,2.4,0.251,8,0,0
2023,277,Bailey Falter,P,PIT,2,9,5.36,18,14,0,0,0,0,80.2,94,55,48,17,0,20,60,1.41,0.288,PIT,347,1296,16.07,3,1,0,0,0,0,5,0.88,6.69,2.23,3.0,0.308,9,4,2
2023,277,Joe Kelly,P,LAD,2,5,4.12,42,0,0,0,1,7,39.1,29,22,18,3,2,18,60,1.19,0.196,LAD,168,712,18.1,0,6,13,0,6,2,3,2.28,13.73,4.12,3.33,0.306,3,0,0
2023,277,Matt Moore,P,MIA,5,1,2.56,50,0,0,0,0,3,52.2,46,16,15,7,3,15,60,1.16,0.232,MIA,218,842,15.99,0,4,22,3,1,0,5,0.62,10.25,2.56,4.0,0.295,5,0,0
2023,277,Jose Quintana,P,NYM,3,6,3.57,13,13,0,0,0,0,75.2,75,33,30,5,1,24,60,1.31,0.26,NYM,319,1229,16.24,8,0,0,0,2,0,9,0.79,7.14,2.85,2.5,0.307,5,1,0
2023,277,Tyler Rogers,P,SF,4,5,3.04,68,0,0,0,2,9,74.0,66,27,25,7,3,19,60,1.15,0.236,SF,309,1124,15.19,0,8,30,2,0,0,5,1.37,7.3,2.31,3.16,0.274,5,1,1
2023,277,Drew Smith,P,NYM,4,6,4.15,62,0,0,0,3,5,56.1,50,31,26,7,5,29,60,1.4,0.24,NYM,244,1082,19.21,0,16,12,0,2,0,7,0.59,9.59,4.63,2.07,0.301,5,3,1
2023,277,Drew VerHagen,P,STL,5,1,3.98,60,0,0,0,0,1,61.0,52,30,27,9,9,26,60,1.28,0.226,STL,268,1042,17.08,0,15,14,2,3,1,5,0.95,8.85,3.84,2.31,0.262,9,0,0
2023,277,Jordan Weems,P,WSH,5,1,3.62,51,0,0,0,0,3,54.2,38,25,22,9,3,28,60,1.21,0.194,WSH,232,920,16.83,0,7,7,5,0,0,3,0.81,9.88,4.61,2.14,0.223,3,0,0
2023,286,Giovanny Gallegos,P,STL,2,4,4.42,56,0,0,0,10,16,55.0,54,28,27,11,0,12,59,1.2,0.252,STL,229,883,16.05,0,16,20,0,3,1,2,0.65,9.65,1.96,4.92,0.297,4,0,0
2023,286,Brad Hand,P,ATL,5,3,5.53,60,0,0,0,1,3,53.2,54,33,33,6,5,22,59,1.42,0.27,ATL,236,969,18.06,0,15,5,3,3,0,3,1.0,9.89,3.69,2.68,0.345,13,1,1
2023,286,Hoby Milner,P,MIL,2,1,1.82,73,0,0,0,0,3,64.1,49,16,13,5,2,13,59,0.96,0.209,MIL,252,1027,15.96,0,6,17,0,1,0,7,1.11,8.25,1.82,4.54,0.254,0,1,0
2023,286,Luis Ortiz,P,PIT,5,5,4.78,18,15,0,0,0,0,86.2,99,50,46,13,2,48,59,1.7,0.288,PIT,400,1462,16.87,3,0,0,0,3,0,11,1.13,6.13,4.98,1.23,0.309,5,0,0
2023,286,Luis Ortiz,P,PIT,5,5,4.78,18,15,0,0,0,0,86.2,99,50,46,13,2,48,59,1.7,0.288,PHI,80,299,15.74,0,10,0,0,0,0,3,1.57,7.58,2.37,3.2,0.386,0,1,0
2023,290,Brennan Bernardino,P,BOS,2,1,3.2,55,6,0,0,0,0,50.2,48,19,18,4,6,18,58,1.3,0.25,BOS,216,865,17.07,0,8,4,1,3,0,6,1.39,10.3,3.2,3.22,0.338,2,1,1
2023,290,Génesis Cabrera,P,TOR,2,1,4.04,61,0,0,0,0,3,55.2,49,28,25,8,2,24,58,1.31,0.232,TOR,239,946,16.99,0,12,11,3,1,1,4,0.8,9.38,3.88,2.42,0.281,5,0,0
2023,290,Danny Coulombe,P,BAL,5,3,2.81,61,0,0,0,2,5,51.1,45,17,16,4,2,12,58,1.11,0.231,BAL,210,830,16.17,0,9,22,0,2,2,1,0.86,10.17,2.1,4.83,0.308,11,2,0
2023,290,Alex Faedo,P,DET,2,5,4.45,15,12,0,0,0,0,64.2,48,35,32,12,1,20,58,1.05,0.2,DET,262,1034,15.99,4,2,1,0,3,0,3,0.67,8.07,2.78,2.9,0.211,2,0,0
2023,290,Dylan Floro,P,MIN,5,6,4.76,62,0,0,0,7,10,56.2,70,34,30,3,3,17,58,1.54,0.308,MIN,248,961,16.96,0,18,9,3,1,0,11,1.56,9.21,2.7,3.41,0.401,7,1,0
2023,290,Colin Holderman,P,PIT,0,3,3.86,58,0,0,0,2,6,56.0,55,25,24,4,2,20,58,1.34,0.256,PIT,240,930,16.61,0,8,27,2,3,0,3,1.33,9.32,3.21,2.9,0.329,6,2,0
2023,290,Cal Quantrill,P,CLE,4,7,5.24,19,19,0,0,0,0,99.2,111,59,58,11,7,35,58,1.46,0.279,CLE,444,1710,17.16,8,0,0,0,6,0,10,0.85,5.24,3.16,1.66,0.3,10,1,0
2023,290,Jesse Scholtens,P,CWS,1,9,5.29,26,11,0,0,1,1,85.0,100,54,50,15,2,30,58,1.53,0.292,CWS,377,1447,17.02,3,8,1,1,1,0,8,0.7,6.14,3.18,1.93,0.313,7,3,0
2023,298,Andre Jackson,P,PIT,1,3,4.99,19,7,0,0,2,2,61.1,52,34,34,11,2,22,57,1.21,0.225,PIT,257,1001,16.32,0,6,1,0,1,0,3,0.68,8.36,3.23,2.59,0.248,4,1,1
2023,298,James Kaprielian,P,OAK,2,6,6.34,14,11,0,0,0,1,61.0,66,45,43,9,5,31,57,1.59,0.274,OAK,280,1091,17.89,3,0,0,1,3,0,4,0.4,8.41,4.57,1.84,0.324,10,2,0
2023,298,Jacob Webb,P,BAL,1,1,3.69,54,0,0,0,1,2,53.2,39,22,22,6,4,30,57,1.29,0.199,BAL,232,928,17.29,0,8,12,3,1,0,4,0.82,9.56,5.03,1.9,0.246,3,0,0
2023,298,Steven Wilson,P,SD,1,2,3.91,52,0,0,0,0,2,53.0,35,23,23,7,3,27,57,1.17,0.185,SD,219,938,17.7,0,4,22,1,0,0,3,0.39,9.68,4.58,2.11,0.224,2,0,0
2023,302,Ryan Brasier,P,LAD,3,0,3.02,59,0,0,0,2,3,59.2,42,24,20,3,3,19,56,1.02,0.197,LAD,238,902,15.12,0,15,11,1,3,0,7,0.97,8.45,2.87,2.95,0.248,8,1,0
2023,302,Hogan Harris,P,OAK,3,6,7.14,14,6,0,0,0,0,63.0,67,51,50,10,3,28,56,1.51,0.269,OAK,284,1109,17.6,2,0,0,0,1,0,5,0.87,8.0,4.0,2.0,0.308,4,0,0
2023,302,Sam Hentges,P,CLE,3,2,3.61,56,0,0,0,0,3,52.1,53,24,21,2,0,18,56,1.36,0.26,CLE,223,852,16.28,0,9,17,0,3,0,7,2.1,9.63,3.1,3.11,0.347,6,0,0
2023,302,Kevin Kelly,P,TB,5,2,3.09,57,0,0,0,1,2,67.0,53,27,23,2,10,15,56,1.01,0.211,TB,276,1066,15.91,0,4,12,1,1,0,5,1.25,7.52,2.01,3.73,0.264,7,2,0
2023,302,Ron Marinaccio,P,NYY,4,5,3.99,45,0,0,0,2,6,47.1,35,24,21,6,7,27,56,1.31,0.208,NYY,205,896,18.93,0,9,7,0,2,0,2,0.68,10.65,5.13,2.07,0.271,12,2,2
2023,302,Kyle Muller,P,OAK,1,5,7.6,21,13,0,0,0,1,77.0,112,65,65,16,3,39,56,1.96,0.346,OAK,372,1454,18.88,0,1,0,1,3,1,6,0.88,6.55,4.56,1.44,0.375,10,3,2
2023,302,Chase Silseth,P,LAA,4,1,3.96,16,8,0,0,0,1,52.1,41,26,23,9,2,26,56,1.28,0.212,LAA,221,888,16.97,1,3,1,0,5,1,6,1.46,9.63,4.47,2.15,0.25,3,0,0
2023,302,José Soriano,P,LAA,1,3,3.64,38,0,0,0,0,1,42.0,33,22,17,4,7,23,56,1.33,0.214,LAA,185,694,16.52,0,6,15,2,2,1,2,1.28,12.0,4.93,2.43,0.309,1,2,0
2023,302,Noah Syndergaard,P,CLE,2,6,6.5,18,18,0,0,0,0,88.2,104,65,64,22,10,19,56,1.39,0.291,CLE,391,1408,15.88,4,0,0,0,0,0,7,0.68,5.68,1.93,2.95,0.289,34,1,0
2023,302,Will Vest,P,DET,2,1,2.98,48,4,0,0,2,5,48.1,40,18,16,3,0,13,56,1.1,0.216,DET,199,780,16.14,0,7,11,1,0,0,4,0.78,10.43,2.42,4.31,0.294,1,0,0
2023,312,Roansy Contreras,P,PIT,3,7,6.59,19,11,0,0,1,1,68.1,75,50,50,11,1,32,55,1.57,0.282,PIT,302,1141,16.7,4,1,0,1,3,0,6,0.76,7.24,4.21,1.72,0.318,13,2,1
2023,312,Jason Foley,P,DET,3,3,2.61,70,0,0,0,7,9,69.0,65,21,20,2,1,15,55,1.16,0.251,DET,276,1047,15.17,0,18,28,2,2,0,14,1.86,7.17,1.96,3.67,0.31,3,2,0
2023,312,Will Smith,P,TEX,2,7,4.4,60,0,0,0,22,27,57.1,44,31,28,5,0,17,55,1.06,0.211,TEX,226,863,15.05,0,41,8,4,1,0,3,0.49,8.63,2.67,3.24,0.262,7,2,2
2023,312,Brent Suter,P,COL,4,3,3.38,57,2,0,0,0,3,69.1,65,36,26,3,3,25,55,1.3,0.249,COL,292,1129,16.28,0,12,7,0,1,0,4,1.09,7.14,3.25,2.2,0.302,3,3,3
2023,312,Adam Wainwright,P,STL,5,11,7.4,21,21,0,0,0,0,101.0,151,89,83,20,1,41,55,1.9,0.345,STL,484,1785,17.67,4,0,0,0,1,0,13,0.92,4.9,3.65,1.34,0.359,4,0,0
2023,317,Shawn Armstrong,P,TB,1,0,1.38,39,6,0,0,0,2,52.0,36,12,8,2,4,11,54,0.9,0.188,TB,207,797,15.33,0,5,6,0,0,0,2,0.65,9.35,1.9,4.91,0.25,1,0,0
2023,317,Pedro Avila,P,SD,2,2,3.22,14,6,0,0,0,0,50.1,43,23,18,3,5,25,54,1.35,0.23,SD,220,895,17.78,1,2,0,0,5,1,6,2.21,9.66,4.47,2.16,0.305,3,0,0
2023,317,Dominic Leone,P,SEA,1,3,4.67,51,0,0,0,1,1,54.0,49,28,28,14,2,28,54,1.43,0.244,SEA,235,886,16.41,0,16,3,3,4,0,6,0.82,9.0,4.67,1.93,0.255,9,0,0
2023,317,Elvis Peguero,P,MIL,4,5,3.38,59,0,0,0,1,6,61.1,49,25,23,4,4,26,54,1.22,0.222,MIL,252,913,14.89,0,7,21,1,1,0,9,1.9,7.92,3.82,2.08,0.274,12,1,0
2023,321,Yonny Chirinos,P,ATL,5,5,5.4,20,9,0,0,0,0,85.0,91,53,51,15,5,27,53,1.39,0.275,ATL,367,1342,15.79,0,1,1,0,3,0,9,1.16,5.61,2.86,1.96,0.286,3,1,0
2023,321,Luis García,P,SD,2,3,4.07,61,0,0,0,0,3,59.2,59,30,27,6,6,24,53,1.39,0.252,SD,267,1010,16.93,0,26,10,1,4,0,4,2.38,7.99,3.62,2.21,0.301,12,2,1
2023,321,Bryan Hoeing,P,MIA,2,3,5.48,33,7,0,0,0,0,70.2,71,45,43,13,2,25,53,1.36,0.259,MIA,304,1125,15.92,0,11,2,2,1,0,5,1.19,6.75,3.18,2.12,0.275,6,1,0
2023,321,Tim Mayza,P,TOR,3,1,1.52,69,0,0,0,1,3,53.1,50,10,9,2,0,15,53,1.22,0.251,TOR,215,809,15.17,0,8,22,3,1,0,7,2.23,8.94,2.53,3.53,0.331,3,1,0
2023,321,John Schreiber,P,BOS,2,1,3.86,46,2,0,0,1,3,46.2,41,22,20,6,4,25,53,1.41,0.237,BOS,204,822,17.61,0,6,10,2,1,0,4,0.76,10.22,4.82,2.12,0.302,0,0,0
2023,326,Ronel Blanco,P,HOU,2,1,4.5,17,7,0,0,0,0,52.0,49,29,26,12,2,28,52,1.48,0.251,HOU,226,905,17.4,3,8,0,0,2,0,9,0.7,9.0,4.85,1.86,0.28,2,0,0
2023,326,Brock Burke,P,TEX,5,3,4.37,53,0,0,0,0,2,59.2,64,32,29,13,2,9,52,1.22,0.271,TEX,250,914,15.32,0,9,12,4,2,0,5,0.84,7.84,1.36,5.78,0.295,1,0,0
2023,326,Ryan Helsley,P,STL,3,4,2.45,33,0,0,0,14,19,36.2,22,11,10,1,1,17,52,1.06,0.176,STL,146,607,16.55,0,25,2,1,3,1,2,0.74,12.76,4.17,3.06,0.28,2,1,1
2023,326,Kenley Jansen,P,BOS,3,6,3.63,51,0,0,0,29,33,44.2,40,21,18,5,2,17,52,1.28,0.237,BOS,188,721,16.14,0,42,0,1,1,2,0,0.35,10.48,3.43,3.06,0.313,13,4,0
2023,326,James Karinchak,P,CLE,2,5,3.23,44,0,0,0,0,3,39.0,24,18,14,6,3,28,52,1.33,0.178,CLE,171,733,18.79,0,5,13,1,1,1,0,0.52,12.0,6.46,1.86,0.22,16,2,0
2023,326,Trevor Megill,P,MIL,1,0,3.63,31,2,0,0,0,1,34.2,35,14,14,2,1,12,52,1.36,0.265,MIL,148,599,17.28,0,9,4,0,2,0,2,0.6,13.5,3.12,4.33,0.407,12,0,0
2023,326,George Soriano,P,MIA,0,0,3.81,26,1,0,0,1,2,52.0,46,26,22,6,5,23,52,1.33,0.234,MIA,228,883,16.98,0,4,0,1,0,1,4,1.04,9.0,3.98,2.26,0.284,0,0,0
2023,333,Bryan Baker,P,BAL,4,3,3.6,46,0,0,0,0,3,45.0,33,19,18,4,1,24,51,1.27,0.21,BAL,186,785,17.44,0,2,11,2,3,0,2,0.54,10.2,4.8,2.13,0.276,2,5,1
2023,333,Tanner Banks,P,CWS,1,4,4.43,32,3,0,0,1,2,61.0,59,32,30,10,4,16,51,1.23,0.254,CWS,255,1007,16.51,0,9,1,1,1,0,6,0.69,7.52,2.36,3.19,0.282,8,1,0
2023,333,Cody Bradford,P,TEX,4,3,5.3,20,8,0,0,0,0,56.0,56,33,33,11,1,12,51,1.21,0.259,TEX,234,974,17.39,0,5,0,0,0,0,4,0.73,8.2,1.93,4.25,0.285,2,0,0
2023,333,Wandy Peralta,P,NYY,4,2,2.83,63,0,0,0,4,7,54.0,36,19,17,7,6,30,51,1.22,0.19,NYY,227,878,16.26,0,11,18,0,1,3,4,2.15,8.5,5.0,1.7,0.22,1,2,3
2023,333,Ryne Stanek,P,HOU,3,1,4.09,55,0,0,0,0,1,50.2,42,24,23,8,1,21,51,1.24,0.221,HOU,213,864,17.05,0,15,3,1,2,1,3,0.44,9.06,3.73,2.43,0.258,2,0,0
2023,338,Ty Blach,P,COL,3,3,5.54,20,13,0,0,0,0,78.0,104,51,48,15,6,24,50,1.64,0.33,COL,352,1264,16.21,2,2,0,0,1,0,12,0.87,5.77,2.77,2.08,0.346,2,1,0
2023,338,Matt Manning,P,DET,5,4,3.58,15,15,0,0,0,0,78.0,60,37,31,11,5,21,50,1.04,0.212,DET,316,1182,15.15,4,0,0,0,0,0,4,0.75,5.77,2.42,2.38,0.216,0,2,2
2023,338,Julio Teheran,P,MIL,3,5,4.4,14,11,0,0,0,0,71.2,68,36,35,13,4,13,50,1.13,0.254,MIL,288,1080,15.07,5,1,0,0,1,2,6,0.89,6.28,1.63,3.85,0.266,9,3,3
2023,338,Alex Young,P,CIN,4,2,3.86,63,0,0,0,1,4,53.2,53,27,23,10,1,20,50,1.36,0.248,CIN,236,877,16.34,0,6,14,0,0,0,2,1.24,8.39,3.35,2.5,0.279,4,1,1
2023,342,Yency Almonte,P,LAD,3,2,5.06,49,0,0,0,0,2,48.0,43,30,27,6,4,24,49,1.4,0.239,LAD,208,800,16.67,0,5,10,2,3,0,7,0.96,9.19,4.5,2.04,0.296,3,1,0
2023,342,Jorge López,P,BAL,6,2,5.95,61,0,0,0,3,7,59.0,67,42,39,12,8,22,49,1.51,0.29,BAL,266,966,16.37,0,15,10,3,5,0,5,1.31,7.47,3.36,2.23,0.316,7,1,0
2023,342,Chris Murphy,P,BOS,1,2,4.91,20,0,0,0,1,1,47.2,50,27,26,5,1,17,49,1.41,0.263,BOS,212,870,18.25,0,6,0,0,4,0,3,1.21,9.25,3.21,2.88,0.326,3,1,0
2023,345,Joan Adon,P,WSH,2,4,6.45,12,10,0,0,0,0,51.2,60,37,37,8,3,24,48,1.63,0.284,WSH,240,924,17.88,2,2,0,3,6,0,3,0.91,8.36,4.18,2.0,0.333,9,0,1
2023,345,Osvaldo Bido,P,PIT,2,5,5.86,16,9,0,0,0,0,50.2,55,35,33,4,8,21,48,1.5,0.27,PIT,236,940,18.55,1,2,0,0,1,0,1,0.73,8.53,3.73,2.29,0.329,2,0,0
2023,345,Seranthony Domínguez,P,PHI,5,5,3.78,57,0,0,0,2,9,50.0,48,25,21,7,6,22,48,1.4,0.246,PHI,224,859,17.18,0,7,14,0,1,1,3,0.79,8.64,3.96,2.18,0.291,4,0,0
2023,345,Brusdar Graterol,P,LAD,4,2,1.2,68,1,0,0,7,8,67.1,53,14,9,3,2,12,48,0.97,0.221,LAD,257,929,13.8,0,19,19,1,2,0,11,2.71,6.42,1.6,4.0,0.262,5,2,0
2023,345,Tommy Kahnle,P,NYY,1,3,2.66,42,0,0,0,2,4,40.2,26,14,12,5,1,19,48,1.11,0.183,NYY,165,685,16.84,0,9,14,0,3,0,4,1.45,10.62,4.2,2.53,0.231,0,0,0
2023,345,JovaniJ MoránMoran,P,MIN,2,2,5.31,43,0,0,0,0,1,42.1,35,27,25,3,0,27,48,1.46,0.226,MIN,184,750,17.72,0,11,9,1,2,0,4,0.8,10.2,5.74,1.78,0.308,2,1,0
2023,351,Daniel Bard,P,COL,4,2,4.56,50,0,0,0,1,3,49.1,35,30,25,5,8,49,47,1.7,0.206,COL,232,933,18.91,0,11,6,3,2,1,5,0.72,8.57,8.94,0.96,0.244,2,3,0
2023,351,Jalen Beeks,P,TB,2,3,5.95,30,8,0,0,1,2,42.1,42,28,28,4,1,21,47,1.49,0.251,TB,192,731,17.27,0,7,2,0,3,0,2,1.19,9.99,4.46,2.24,0.322,0,0,0
2023,351,John Brebbia,P,SF,3,5,3.99,40,10,0,0,0,1,38.1,31,21,17,6,0,14,47,1.17,0.215,SF,161,675,17.61,0,6,7,2,0,0,0,0.5,11.03,3.29,3.36,0.266,5,1,0
2023,351,Nick Lodolo,P,CIN,2,1,6.29,7,7,0,0,0,0,34.1,50,24,24,10,7,10,47,1.75,0.34,CIN,166,646,18.82,1,0,0,1,2,0,4,1.0,12.32,2.62,4.7,0.44,1,2,1
2023,351,Adrián Martinez,P,OAK,0,2,4.75,22,1,0,0,0,0,55.0,59,31,29,8,5,19,47,1.42,0.278,OAK,241,943,17.15,0,7,1,0,4,0,3,0.82,7.69,3.11,2.47,0.315,9,3,0
2023,351,Collin McHugh,P,ATL,4,1,4.3,41,1,0,0,0,1,58.2,70,34,28,5,4,22,47,1.57,0.293,ATL,268,1018,17.35,0,6,7,1,0,0,5,1.14,7.21,3.38,2.14,0.348,3,1,0
2023,351,Drew Rasmussen,P,TB,4,2,2.62,8,8,0,0,0,0,44.2,36,13,13,2,1,11,47,1.05,0.221,TB,177,674,15.09,3,0,0,0,2,0,4,1.34,9.47,2.22,4.27,0.296,3,2,0
2023,358,Tucker Davidson,P,KC,1,2,5.96,38,1,0,0,2,2,51.1,64,37,34,6,3,19,46,1.62,0.306,KC,236,847,16.5,0,14,2,2,4,0,6,1.08,8.06,3.33,2.42,0.367,10,0,0
2023,358,Matthew Liberatore,P,STL,3,6,5.25,22,11,0,0,0,0,61.2,66,42,36,5,5,25,46,1.48,0.274,STL,275,1059,17.17,2,3,2,1,4,0,4,1.08,6.71,3.65,1.84,0.314,6,1,1
2023,358,Chris Martin,P,BOS,4,1,1.05,55,0,0,0,3,4,51.1,45,6,6,2,0,8,46,1.03,0.237,BOS,199,722,14.06,0,12,23,3,1,0,4,1.44,8.06,1.4,5.75,0.301,4,0,0
2023,361,Brent Honeywell,P,CWS,2,4,4.82,40,0,0,0,0,2,52.1,53,29,28,10,5,23,45,1.45,0.26,CWS,234,943,18.02,0,10,4,0,3,1,5,1.35,7.74,3.96,1.96,0.287,6,0,2
2023,361,Dakota Hudson,P,STL,6,3,4.98,18,12,0,0,0,0,81.1,88,46,45,9,6,34,45,1.5,0.283,STL,354,1317,16.19,4,1,1,0,5,0,15,1.59,4.98,3.76,1.32,0.305,2,0,0
2023,361,Derek Law,P,CIN,4,6,3.6,54,3,0,0,2,4,55.0,50,24,22,6,3,26,45,1.38,0.239,CIN,240,959,17.44,0,13,3,0,5,0,7,0.9,7.36,4.25,1.73,0.278,5,1,0
2023,361,Aaron Loup,P,LAA,2,3,6.1,55,0,0,0,1,3,48.2,65,37,33,6,2,20,45,1.75,0.313,LAA,231,837,17.2,0,21,9,4,2,1,1,1.06,8.32,3.7,2.25,0.373,4,1,0
2023,361,Seth Martinez,P,HOU,2,3,5.23,35,0,0,0,1,1,43.0,45,29,25,5,6,19,45,1.49,0.265,HOU,195,764,17.77,0,7,2,2,0,0,2,0.86,9.42,3.98,2.37,0.333,4,1,0
2023,361,Chasen Shreve,P,CIN,1,2,4.63,50,0,0,0,0,5,44.2,46,25,23,7,1,14,45,1.34,0.266,CIN,193,753,16.86,0,10,12,0,3,0,3,0.81,9.07,2.82,3.21,0.312,1,0,0
2023,361,José Urquidy,P,HOU,3,3,5.29,16,10,0,0,1,1,63.0,65,37,37,11,2,25,45,1.43,0.263,HOU,275,1096,17.4,2,4,0,0,0,1,3,0.73,6.43,3.57,1.8,0.281,13,2,0
2023,361,Jacob deGrom,P,TEX,2,0,2.67,6,6,0,0,0,0,30.1,19,11,9,2,0,4,45,0.76,0.171,TEX,115,451,14.87,3,0,0,0,1,0,0,0.68,13.35,1.19,11.25,0.266,5,1,0
2023,369,Tyler Alexander,P,DET,2,1,4.5,25,1,0,0,0,0,44.0,44,25,22,8,2,5,44,1.11,0.256,DET,181,679,15.43,0,8,2,0,0,0,6,0.63,9.0,1.02,8.8,0.298,1,0,0
2023,369,Tom Cosgrove,P,SD,1,2,1.75,54,0,0,0,1,1,51.1,31,12,10,3,5,19,44,0.97,0.173,SD,205,837,16.31,0,16,7,1,1,0,2,0.66,7.71,3.33,2.32,0.211,1,1,0
2023,369,Angel Perdomo,P,PIT,3,2,3.72,30,0,0,0,0,0,29.0,21,14,12,3,3,11,44,1.1,0.208,PIT,117,489,16.86,0,8,6,3,0,0,2,0.9,13.66,3.41,4.0,0.333,4,2,0
2023,369,Cionel Pérez,P,BAL,4,2,3.54,65,0,0,0,3,4,53.1,56,30,21,2,4,27,44,1.56,0.264,BAL,247,877,16.44,0,13,11,3,0,1,5,1.9,7.43,4.56,1.63,0.323,11,1,0
2023,369,Mason Thompson,P,WSH,4,4,5.5,51,0,0,0,1,4,54.0,62,35,33,4,4,22,44,1.56,0.294,WSH,240,895,16.57,0,5,10,0,4,0,6,1.16,7.33,3.67,2.0,0.352,6,2,0
2023,369,Brendan White,P,DET,2,3,5.09,33,2,0,0,0,0,40.2,40,25,23,4,5,15,44,1.35,0.258,DET,177,667,16.4,0,9,1,0,1,0,3,1.43,9.74,3.32,2.93,0.333,8,1,1
2023,375,Luke Jackson,P,SF,2,2,2.97,33,0,0,0,0,2,33.1,26,14,11,3,1,15,43,1.23,0.206,SF,143,525,15.75,0,9,4,2,3,1,2,1.32,11.61,4.05,2.87,0.284,7,0,0
2023,375,Eric Lauer,P,MIL,4,6,6.56,10,9,0,0,0,0,46.2,54,39,34,16,0,24,43,1.67,0.292,MIL,211,844,18.09,2,1,0,0,0,0,2,0.5,8.29,4.63,1.79,0.297,2,4,2
2023,375,Andrés Machado,P,WSH,4,1,5.22,44,0,0,0,0,2,50.0,53,29,29,12,1,13,43,1.32,0.282,WSH,207,774,15.48,0,8,4,2,1,1,8,1.2,7.74,2.34,3.31,0.304,11,0,0
2023,375,Andre Pallante,P,STL,4,1,4.76,62,0,0,0,0,5,68.0,76,37,36,6,3,30,43,1.56,0.286,STL,302,1139,16.75,0,9,14,0,6,1,8,9.0,5.69,3.97,1.43,0.32,15,3,0
2023,375,Nate Pearson,P,TOR,5,2,4.85,35,0,0,0,1,3,42.2,36,25,23,7,3,18,43,1.27,0.226,TOR,182,737,17.27,0,8,3,2,5,0,2,0.46,9.07,3.8,2.39,0.261,8,1,1
2023,375,Erasmo Ramírez,P,TB,3,3,6.41,38,2,0,0,0,2,60.1,82,47,43,11,4,13,43,1.57,0.328,TB,274,962,15.94,0,10,3,0,2,1,5,1.03,6.41,1.94,3.31,0.35,1,2,0
2023,375,Tayler Saucedo,P,SEA,3,2,3.59,52,0,0,0,1,2,47.2,41,20,19,2,6,23,43,1.34,0.234,SEA,207,789,16.55,0,17,3,1,1,0,8,2.36,8.12,4.34,1.87,0.3,4,1,0
2023,375,Andrew Vasquez,P,DET,2,1,3.35,42,0,0,0,0,0,48.1,46,21,18,4,7,23,43,1.43,0.247,DET,219,853,17.65,0,13,2,1,2,3,3,0.96,8.01,4.28,1.87,0.3,0,1,0
2023,375,Ryan Weathers,P,MIA,1,8,6.55,15,12,0,0,0,1,57.2,68,44,42,12,1,29,43,1.68,0.305,MIA,257,1073,18.61,2,0,1,0,1,0,6,0.76,6.71,4.53,1.48,0.327,2,5,6
2023,384,Jeff Brigham,P,NYM,1,3,5.26,37,0,0,0,0,2,37.2,26,23,22,9,5,18,42,1.17,0.191,NYM,160,680,18.05,0,10,6,0,0,0,3,0.64,10.04,4.3,2.33,0.198,3,1,0
2023,384,Chris Devenski,P,TB,6,4,4.46,38,0,0,0,0,5,42.1,36,24,21,6,1,11,42,1.11,0.229,TB,173,680,16.06,0,9,10,1,1,0,2,0.8,8.93,2.34,3.82,0.268,10,0,0
2023,384,Corey Kluber,P,BOS,3,6,7.04,15,9,0,0,1,1,55.0,69,47,43,17,4,21,42,1.64,0.297,BOS,257,990,18.0,1,1,0,0,1,0,1,0.48,6.87,3.44,2.0,0.301,3,0,0
2023,384,Shelby Miller,P,LAD,3,0,1.71,36,1,0,0,1,1,42.0,19,8,8,3,2,19,42,0.9,0.135,LAD,163,663,15.79,0,12,3,2,1,0,1,0.8,9.0,4.07,2.21,0.167,8,1,0
2023,384,JoJo Romero,P,STL,4,2,3.68,27,0,0,0,3,5,36.2,29,17,15,1,1,10,42,1.06,0.216,STL,147,548,14.95,0,13,3,0,2,0,5,2.1,10.31,2.45,4.2,0.304,0,1,0
2023,389,Mason Englert,P,DET,4,3,5.46,31,1,0,0,0,3,56.0,67,39,34,12,2,17,41,1.5,0.291,DET,253,958,17.11,0,7,2,0,2,0,4,0.83,6.59,2.73,2.41,0.307,7,0,0
2023,389,Jimmy Lambert,P,CWS,2,3,5.26,35,1,0,0,1,1,37.2,41,26,22,10,1,20,41,1.62,0.273,CWS,172,677,17.97,0,10,3,3,0,0,2,0.6,9.8,4.78,2.05,0.313,5,1,0
2023,391,Cory Abbott,P,WSH,1,2,6.64,22,0,0,0,0,0,39.1,48,29,29,9,4,19,40,1.7,0.306,WSH,183,703,17.87,0,10,0,0,4,1,5,0.8,9.15,4.35,2.11,0.351,5,1,0
2023,391,Trevor May,P,OAK,4,4,3.28,49,0,0,0,21,24,46.2,35,21,17,4,3,29,40,1.37,0.208,OAK,205,777,16.65,0,35,1,5,2,0,2,0.46,7.71,5.59,1.38,0.246,6,2,1
2023,391,Michael Rucker,P,CHC,2,1,4.91,35,0,0,0,0,0,40.1,39,22,22,6,3,19,40,1.44,0.257,CHC,176,719,17.83,0,12,0,0,1,0,6,1.21,8.93,4.24,2.11,0.306,0,1,0
2023,391,Bryan Shaw,P,CWS,0,0,4.14,38,0,0,0,4,5,45.2,39,21,21,3,6,17,40,1.23,0.235,CWS,190,774,16.95,0,17,4,0,1,0,9,0.83,7.88,3.35,2.35,0.29,2,0,0
2023,395,Jesse Chavez,P,ATL,1,0,1.56,36,1,0,0,1,3,34.2,26,10,6,2,3,12,39,1.1,0.203,ATL,144,581,16.76,0,7,14,0,0,0,3,1.78,10.13,3.12,3.25,0.273,3,1,0
2023,395,Johnny Cueto,P,MIA,1,4,6.02,13,10,0,0,0,0,52.1,51,36,35,17,3,15,39,1.26,0.256,MIA,218,860,16.43,1,1,0,0,0,0,7,0.75,6.71,2.58,2.6,0.236,0,0,1
2023,395,José Ruiz,P,AZ,2,1,5.89,38,1,0,0,0,2,44.1,52,31,29,10,6,21,39,1.65,0.292,AZ,207,820,18.5,0,14,1,1,3,1,4,0.78,7.92,4.26,1.86,0.321,4,2,0
2023,395,Brock Stewart,P,MIN,2,0,0.65,28,0,0,0,1,3,27.2,19,2,2,1,1,11,39,1.08,0.196,MIN,109,439,15.87,0,5,8,3,1,0,3,0.7,12.69,3.58,3.55,0.316,1,2,1
2023,395,Abner Uribe,P,MIL,1,0,1.76,32,0,0,0,1,2,30.2,16,8,6,0,1,20,39,1.17,0.154,MIL,127,518,16.89,0,7,8,0,6,1,2,1.32,11.45,5.87,1.95,0.239,4,0,0
2023,400,José Buttó,P,NYM,1,4,3.64,9,7,0,0,0,0,42.0,33,17,17,3,0,23,38,1.33,0.212,NYM,179,733,17.45,3,0,0,0,0,0,2,0.77,8.14,4.93,1.65,0.261,10,0,0
2023,400,Ryan Feltner,P,COL,2,4,5.82,10,10,0,0,0,0,43.1,45,29,28,2,2,28,38,1.68,0.265,COL,201,776,17.91,1,0,0,0,0,2,3,0.91,7.89,5.82,1.36,0.328,4,0,0
2023,400,Yunior Marte,P,PHI,1,1,5.03,40,0,0,0,2,4,39.1,47,27,22,6,1,17,38,1.63,0.288,PHI,182,700,17.8,0,8,2,0,0,0,3,1.32,8.69,3.89,2.24,0.342,3,0,0
2023,400,Mason Miller,P,OAK,0,3,3.78,10,6,0,0,0,0,33.1,24,15,14,2,3,16,38,1.2,0.203,OAK,139,609,18.27,2,0,1,0,3,0,1,0.32,10.26,4.32,2.38,0.275,1,2,0
2023,400,Ryan Pepiot,P,LAD,2,1,2.14,8,3,0,0,0,0,42.0,27,10,10,7,3,5,38,0.76,0.179,LAD,159,654,15.57,1,0,2,0,0,0,1,0.79,8.14,1.07,7.6,0.189,1,1,1
2023,400,Hyun Jin Ryu,P,TOR,3,3,3.46,11,11,0,0,0,0,52.0,53,25,20,9,1,14,38,1.29,0.257,TOR,224,830,15.96,1,0,0,0,1,0,4,1.07,6.58,2.42,2.71,0.275,3,1,0
2023,406,Drey Jameson,P,AZ,3,1,3.32,15,3,0,0,1,1,40.2,40,15,15,6,1,18,37,1.43,0.26,AZ,174,674,16.57,0,3,1,0,0,0,6,0.95,8.19,3.98,2.06,0.304,0,0,0
2023,406,Peter Strzelecki,P,AZ,3,5,4.38,37,0,0,0,0,1,37.0,33,18,18,3,8,12,37,1.22,0.234,AZ,163,653,17.65,0,5,14,1,0,0,2,0.66,9.0,2.92,3.08,0.294,9,0,0
2023,406,Vince Velasquez,P,PIT,4,4,3.86,8,8,0,0,0,0,37.1,35,16,16,4,1,14,37,1.31,0.24,PIT,162,650,17.41,4,0,0,0,2,0,2,0.56,8.92,3.38,2.64,0.295,5,0,0
2023,409,Nick Anderson,P,ATL,4,0,3.06,35,0,0,0,1,3,35.1,30,14,12,3,0,9,36,1.1,0.229,ATL,141,548,15.51,0,3,15,0,1,0,2,0.83,9.17,2.29,4.0,0.29,0,2,0
2023,409,Quinn Priester,P,PIT,3,3,7.74,10,8,0,0,0,0,50.0,58,43,43,12,3,27,36,1.7,0.29,PIT,234,866,17.32,1,0,0,0,5,0,4,1.97,6.48,4.86,1.33,0.297,2,0,0
2023,409,Caleb Thielbar,P,MIN,3,1,3.23,36,0,0,0,0,1,30.2,23,12,11,7,0,6,36,0.95,0.204,MIN,120,481,15.68,0,4,14,0,1,0,0,0.77,10.57,1.76,6.0,0.229,2,1,0
2023,409,Angel Zerpa,P,KC,3,3,4.85,15,3,0,0,0,1,42.2,46,24,23,7,4,8,36,1.27,0.272,KC,182,707,16.57,0,3,2,0,1,0,5,1.15,7.59,1.69,4.5,0.307,1,1,2
2023,413,JT Chargois,P,MIA,1,0,3.61,46,5,0,0,1,4,42.1,35,17,17,3,0,18,35,1.25,0.232,MIA,174,703,16.61,0,8,4,1,0,0,7,1.55,7.44,3.83,1.94,0.276,5,1,0
2023,413,Bowden Francis,P,TOR,1,0,1.73,20,0,0,0,1,1,36.1,22,7,7,5,1,8,35,0.83,0.175,TOR,136,539,14.83,0,11,1,0,1,2,3,0.63,8.67,1.98,4.38,0.195,1,0,0
2023,413,Kyle Harrison,P,SF,1,1,4.15,7,7,0,0,0,0,34.2,29,19,16,8,4,11,35,1.15,0.221,SF,147,588,16.96,1,0,0,0,0,0,0,0.42,9.09,2.86,3.18,0.236,3,3,1
2023,413,Ray Kerr,P,SD,1,1,4.33,22,0,0,0,0,1,27.0,25,15,13,5,1,9,35,1.26,0.243,SD,114,427,15.81,0,12,0,1,1,0,2,1.1,11.67,3.0,3.89,0.317,0,0,0
2023,413,Yohan Ramírez,P,CWS,1,0,4.23,31,0,0,0,0,1,38.1,39,21,18,3,11,17,35,1.46,0.265,CWS,176,714,18.63,0,10,3,1,3,0,8,1.64,8.22,3.99,2.06,0.327,7,1,0
2023,413,Keaton Winn,P,SF,1,3,4.68,9,5,0,0,1,1,42.1,36,22,22,6,5,8,35,1.04,0.231,SF,172,594,14.03,2,2,0,0,1,0,2,1.64,7.44,1.7,4.38,0.259,3,2,0
2023,419,Jimmy Cordero,P,NYY,3,2,3.86,31,1,0,0,0,1,32.2,25,14,14,2,2,10,34,1.07,0.208,NYY,132,512,15.67,0,6,8,0,5,1,3,1.77,9.37,2.76,3.4,0.274,6,0,0
2023,419,Marco Gonzales,P,SEA,4,1,5.22,10,10,0,0,0,0,50.0,55,32,29,5,0,18,34,1.46,0.282,SEA,215,811,16.22,4,0,0,0,0,0,7,0.8,6.12,3.24,1.89,0.316,1,1,0
2023,419,Jonathan Hernández,P,TEX,1,2,5.4,33,0,0,0,0,4,31.2,35,20,19,4,4,15,34,1.58,0.28,TEX,147,553,17.46,0,8,10,1,2,0,1,1.19,9.66,4.26,2.27,0.348,2,0,0
2023,419,DanielD Lynch IVLynch,P,KC,3,4,4.64,9,9,0,0,0,0,52.1,50,29,27,9,1,16,34,1.26,0.245,KC,223,808,15.44,4,0,0,0,1,1,1,0.79,5.85,2.75,2.13,0.252,9,1,1
2023,419,Dustin May,P,LAD,4,1,2.63,9,9,0,0,0,0,48.0,29,14,14,1,2,16,34,0.94,0.173,LAD,187,736,15.33,4,0,0,0,1,0,3,0.96,6.38,3.0,2.13,0.209,4,1,0
2023,419,Carmen Mlodzinski,P,PIT,3,3,2.25,35,1,0,0,1,2,36.0,28,14,9,3,1,18,34,1.28,0.214,PIT,152,617,17.14,0,6,10,1,0,0,1,1.03,8.5,4.5,1.89,0.26,3,1,0
2023,419,Austin Voth,P,BAL,1,2,5.19,25,0,0,0,0,1,34.2,39,22,20,6,3,15,34,1.56,0.279,BAL,160,663,19.13,0,4,4,1,0,0,1,0.57,8.83,3.89,2.27,0.327,1,0,0
2023,419,Allan Winans,P,ATL,1,2,5.29,6,6,0,0,0,0,32.1,37,19,19,5,2,8,34,1.39,0.287,ATL,141,534,16.52,2,0,0,1,0,0,1,0.94,9.46,2.23,4.25,0.348,1,1,0
2023,419,Kyle Wright,P,ATL,1,3,6.97,9,7,0,0,0,0,31.0,40,26,24,5,4,17,34,1.84,0.303,ATL,155,575,18.55,0,1,0,0,2,0,3,2.75,9.87,4.94,2.0,0.372,2,0,0
2023,428,Ryan Borucki,P,PIT,4,0,2.45,38,2,0,0,0,0,40.1,26,11,11,4,4,4,33,0.74,0.183,PIT,152,528,13.09,0,1,9,0,1,0,4,1.18,7.36,0.89,8.25,0.21,4,1,0
2023,428,Isaiah Campbell,P,SEA,4,1,2.83,27,0,0,0,1,1,28.2,22,9,9,2,1,13,33,1.22,0.21,SEA,120,478,16.67,0,9,2,1,2,1,5,0.89,10.36,4.08,2.54,0.282,4,0,0
2023,428,Austin Cox,P,KC,0,1,4.54,24,3,0,0,1,1,35.2,28,20,18,2,2,17,33,1.26,0.22,KC,149,578,16.21,0,3,5,0,1,0,3,0.64,8.33,4.29,1.94,0.274,3,1,2
2023,428,Robert Garcia,P,WSH,2,2,3.66,25,0,0,0,0,0,32.0,26,16,13,3,0,12,33,1.19,0.234,WSH,127,522,16.31,0,3,5,2,2,0,4,1.39,9.28,3.38,2.75,0.303,4,2,1
2023,428,Daniel Palencia,P,CHC,5,3,4.45,27,0,0,0,0,1,28.1,22,16,14,3,2,14,33,1.27,0.216,CHC,119,494,17.44,0,7,2,0,5,0,0,0.71,10.48,4.45,2.36,0.288,1,1,0
2023,428,Randy Vásquez,P,NYY,2,2,2.87,11,5,0,0,0,0,37.2,30,12,12,5,4,18,33,1.27,0.211,NYY,166,669,17.76,0,1,0,0,3,0,0,0.78,7.88,4.3,1.83,0.238,2,0,0
2023,428,Andrew Wantz,P,LAA,2,0,3.89,27,3,0,0,0,3,39.1,28,18,17,4,1,15,33,1.09,0.197,LAA,160,658,16.73,0,5,4,1,0,0,3,0.41,7.55,3.43,2.2,0.224,1,0,0
2023,435,Tim Herrin,P,CLE,1,1,5.53,23,0,0,0,0,1,27.2,29,18,17,3,2,12,32,1.48,0.279,CLE,121,509,18.4,0,6,1,0,2,0,4,1.09,10.41,3.9,2.67,0.371,3,0,0
2023,435,Gavin Hollowell,P,COL,2,0,5.88,26,0,0,0,1,2,33.2,31,23,22,8,6,18,32,1.46,0.238,COL,154,610,18.12,0,7,3,1,0,0,2,0.52,8.55,4.81,1.78,0.256,4,0,0
2023,435,Dinelson Lamet,P,BOS,1,4,11.71,17,4,0,0,0,2,27.2,42,38,36,7,1,23,32,2.35,0.353,BOS,145,603,21.8,0,1,0,0,5,1,4,0.96,10.41,7.48,1.39,0.427,5,1,0
2023,435,Sam Long,P,OAK,0,1,5.6,40,1,0,0,2,2,45.0,49,29,28,5,1,21,32,1.56,0.282,OAK,199,776,17.24,0,15,5,3,2,0,5,0.92,6.4,4.2,1.52,0.317,0,2,2
2023,435,Joey Lucchesi,P,NYM,4,0,2.89,9,9,0,0,0,0,46.2,44,17,15,4,2,17,32,1.31,0.251,NYM,195,696,14.91,3,0,0,0,1,1,7,1.04,6.17,3.28,1.88,0.288,3,0,0
2023,435,Drew Rom,P,STL,1,4,8.02,8,8,0,0,0,0,33.2,51,34,30,7,0,19,32,2.08,0.34,STL,170,671,19.93,0,0,0,0,1,0,2,0.89,8.55,5.08,1.68,0.393,2,1,0
2023,441,Scott Alexander,P,SF,7,3,4.66,55,8,0,0,1,3,48.1,55,30,25,2,1,11,31,1.37,0.282,SF,208,694,14.36,0,11,6,3,7,0,5,2.06,5.77,2.05,2.82,0.327,7,0,0
2023,441,Beau Brieske,P,DET,2,3,3.6,25,1,0,0,2,2,35.0,36,14,14,4,0,12,31,1.37,0.259,DET,152,637,18.2,0,6,5,0,0,0,0,0.97,7.97,3.09,2.58,0.305,1,0,0
2023,441,Luis Garcia,P,HOU,2,2,4.0,6,6,0,0,0,0,27.0,25,12,12,3,1,10,31,1.3,0.243,HOU,115,465,17.22,2,0,0,0,0,1,0,0.5,10.33,3.33,3.1,0.319,0,1,0
2023,441,Sean Hjelle,P,SF,2,1,6.52,15,0,0,0,0,1,29.0,38,25,21,3,4,13,31,1.76,0.317,SF,139,516,17.79,0,7,0,1,5,0,2,1.52,9.62,4.03,2.38,0.402,3,0,1
2023,441,Brad Keller,P,KC,3,4,4.57,11,9,0,0,0,0,45.1,42,26,23,3,3,45,31,1.92,0.259,KC,211,877,19.35,1,2,0,0,7,0,12,1.57,6.15,8.93,0.69,0.302,2,1,0
2023,441,Chad Kuhl,P,WSH,0,4,8.45,16,5,0,0,1,2,38.1,47,38,36,8,3,28,31,1.96,0.313,WSH,187,770,20.09,0,5,0,2,4,0,5,0.59,7.28,6.57,1.11,0.336,9,3,2
2023,441,Matt Waldron,P,SD,1,3,4.35,8,6,0,0,0,0,41.1,39,20,20,9,0,12,31,1.23,0.244,SD,173,673,16.28,1,0,0,0,0,0,2,0.94,6.75,2.61,2.58,0.248,8,0,1
2023,448,Grant Anderson,P,TEX,2,1,5.05,26,0,0,0,0,4,35.2,38,20,20,5,1,14,30,1.46,0.277,TEX,154,598,16.77,0,2,5,1,1,0,3,0.97,7.57,3.53,2.14,0.317,5,2,0
2023,448,Dylan Covey,P,PHI,1,3,3.77,29,1,0,0,0,2,43.0,48,22,18,5,2,17,30,1.51,0.282,PHI,191,735,17.09,0,19,1,1,0,0,5,1.61,6.28,3.56,1.76,0.314,1,0,1
2023,448,Victor González,P,LAD,3,3,4.01,34,1,0,0,0,0,33.2,27,15,15,2,3,10,30,1.1,0.223,LAD,135,510,15.15,0,7,4,1,1,0,5,1.6,8.02,2.67,3.0,0.278,2,0,0
2023,448,Grant Hartwig,P,NYM,5,2,4.84,28,0,0,0,0,0,35.1,34,23,19,3,6,15,30,1.39,0.25,NYM,158,639,18.08,0,6,2,1,2,0,4,1.61,7.64,3.82,2.0,0.298,1,0,1
2023,448,Brent Headrick,P,MIN,3,0,6.31,14,0,0,0,1,2,25.2,27,18,18,7,4,10,30,1.44,0.267,MIN,117,494,19.25,0,5,0,0,1,0,0,0.21,10.52,3.51,3.0,0.303,0,0,0
2023,448,Austin Pruitt,P,OAK,2,6,2.98,38,6,0,0,0,1,48.1,44,18,16,5,1,12,30,1.16,0.243,OAK,196,757,15.66,0,8,4,1,1,0,4,0.65,5.59,2.23,2.5,0.264,2,1,0
2023,448,Colin Selby,P,PIT,2,2,9.0,21,5,0,0,0,3,24.0,29,24,24,4,0,15,30,1.83,0.296,PIT,114,437,18.21,0,3,3,1,3,0,2,1.5,11.25,5.63,2.0,0.391,1,0,0
2023,448,Jared Shuster,P,ATL,4,3,5.81,11,11,0,0,0,0,52.2,53,34,34,7,1,26,30,1.5,0.264,ATL,230,864,16.41,1,0,0,0,3,0,4,0.69,5.13,4.44,1.15,0.277,9,3,0
2023,448,Thaddeus Ward,P,WSH,0,0,6.37,26,0,0,0,0,0,35.1,29,26,25,7,2,28,30,1.61,0.225,WSH,160,681,19.27,0,11,0,1,1,0,3,0.97,7.64,7.13,1.07,0.237,2,2,1
2023,457,Jackson Kowar,P,KC,2,0,6.43,23,0,0,0,0,0,28.0,34,24,20,4,1,20,29,1.93,0.293,KC,137,568,20.29,0,8,0,0,5,0,1,1.21,9.32,6.43,1.45,0.361,5,0,0
2023,457,Mauricio Llovera,P,BOS,2,3,4.89,30,0,0,0,0,2,35.0,36,25,19,3,4,15,29,1.46,0.259,BOS,160,621,17.74,0,15,0,3,1,0,3,1.0,7.46,3.86,1.93,0.303,8,0,0
2023,457,Kenny Rosenberg,P,LAA,2,2,3.82,7,3,0,0,0,0,33.0,35,14,14,3,1,14,29,1.48,0.267,LAA,146,543,16.45,1,1,0,1,0,1,1,0.76,7.91,3.82,2.07,0.323,3,3,3
2023,457,Michael Soroka,P,ATL,2,2,6.4,7,6,0,0,0,0,32.1,36,23,23,9,4,12,29,1.48,0.281,ATL,145,537,16.61,1,0,0,0,2,0,4,1.46,8.07,3.34,2.42,0.3,0,0,0
2023,457,José Ureña,P,CWS,0,7,6.45,10,10,0,0,0,0,44.2,50,37,32,13,1,22,29,1.61,0.284,CWS,203,771,17.26,2,0,0,0,2,0,5,1.35,5.84,4.43,1.32,0.27,5,4,0
2023,457,Jake Woodford,P,STL,2,3,6.23,15,8,0,0,0,0,47.2,61,34,33,11,3,22,29,1.74,0.314,STL,222,909,19.07,0,1,0,0,3,0,4,1.38,5.48,4.15,1.32,0.318,2,1,0
2023,463,Amir Garrett,P,KC,0,1,3.33,27,0,0,0,0,0,24.1,22,11,9,4,0,20,28,1.73,0.244,KC,112,476,19.56,0,3,0,0,1,0,3,1.21,10.36,7.4,1.4,0.305,2,0,0
2023,463,Joe La Sorsa,P,WSH,1,0,4.41,25,0,0,0,0,0,32.2,32,16,16,3,6,9,28,1.26,0.246,WSH,145,540,16.53,0,9,2,0,0,1,1,1.0,7.71,2.48,3.11,0.293,4,0,0
2023,463,Tyler Mahle,P,MIN,1,2,3.16,5,5,0,0,0,0,25.2,22,11,9,5,0,5,28,1.05,0.227,MIN,102,421,16.4,1,0,0,0,0,0,2,0.62,9.82,1.75,5.6,0.266,2,1,0
2023,463,Joe Mantiply,P,AZ,2,2,4.62,35,3,0,0,0,0,39.0,35,22,20,4,0,9,28,1.13,0.236,AZ,157,571,14.64,0,9,1,1,1,0,4,1.58,6.46,2.08,3.11,0.267,3,0,0
2023,463,Nick Ramirez,P,NYY,1,2,2.66,32,0,0,0,1,2,40.2,41,17,12,1,1,9,28,1.23,0.256,NYY,172,658,16.18,0,12,2,0,0,1,3,1.16,6.2,1.99,3.11,0.303,3,0,0
2023,463,José Suarez,P,LAA,1,3,8.29,11,7,0,0,0,0,33.2,46,32,31,10,1,20,28,1.96,0.324,LAA,165,619,18.39,0,0,2,1,2,0,2,0.52,7.49,5.35,1.4,0.343,0,1,1
2023,463,Josh Winder,P,MIN,2,1,4.15,19,0,0,0,1,1,34.2,35,16,16,3,0,14,28,1.41,0.267,MIN,147,559,16.13,0,10,1,0,1,0,2,0.79,7.27,3.63,2.0,0.314,4,1,1
2023,470,Keegan Akin,P,BAL,2,2,6.85,24,1,0,0,0,0,23.2,35,22,18,2,0,7,27,1.77,0.337,BAL,112,452,19.1,0,7,3,2,2,0,1,0.65,10.27,2.66,3.86,0.434,0,2,1
2023,470,Peyton Battenfield,P,CLE,0,5,5.19,7,6,0,0,0,0,34.2,34,22,20,7,0,12,27,1.33,0.256,CLE,146,551,15.89,2,1,0,0,1,0,4,0.92,7.01,3.12,2.25,0.27,2,0,0
2023,470,Cooper Criswell,P,TB,1,1,5.73,10,0,0,0,0,0,33.0,40,23,21,6,4,11,27,1.55,0.296,TB,151,554,16.79,0,4,0,1,2,0,4,1.23,7.36,3.0,2.45,0.33,2,1,0
2023,470,Jay Jackson,P,TOR,3,1,2.12,25,0,0,0,0,0,29.2,18,8,7,4,1,9,27,0.91,0.171,TOR,116,443,14.93,0,10,1,2,1,0,1,0.91,8.19,2.73,3.0,0.189,0,0,0
2023,470,Matt Koch,P,COL,3,2,5.12,39,1,0,0,0,1,38.2,41,22,22,7,2,9,27,1.29,0.272,COL,163,584,15.1,0,9,6,0,0,0,4,1.1,6.28,2.09,3.0,0.288,1,1,0
2023,475,Connor Brogdon,P,PHI,2,1,4.03,27,1,0,0,0,0,29.0,29,14,13,5,1,13,26,1.45,0.264,PHI,127,544,18.76,0,3,3,0,2,0,0,0.61,8.07,4.03,2.0,0.293,5,1,0
2023,475,Noah Davis,P,COL,0,4,8.7,8,6,0,0,0,0,30.0,43,30,29,6,4,15,26,1.93,0.341,COL,146,601,20.03,0,1,0,0,4,1,3,0.93,7.8,4.5,1.73,0.389,3,2,1
2023,475,Luis Frías,P,AZ,1,0,4.06,29,0,0,0,0,1,31.0,30,14,14,3,2,17,26,1.52,0.25,AZ,139,539,17.39,0,7,1,0,1,0,3,0.94,7.55,4.94,1.53,0.297,3,0,1
2023,475,Sawyer Gipson-Long,P,DET,1,0,2.7,4,4,0,0,0,0,20.0,14,7,6,2,0,8,26,1.1,0.189,DET,82,336,16.8,0,0,0,0,0,0,1,0.48,11.7,3.6,3.25,0.261,1,1,0
2023,475,Thomas Hatch,P,PIT,1,1,4.08,18,2,0,0,0,1,28.2,33,18,13,2,1,12,26,1.57,0.292,PIT,129,472,16.47,0,7,3,1,2,0,4,1.55,8.16,3.77,2.17,0.36,3,1,0
2023,475,Jimmy Herget,P,LAA,2,4,4.66,29,1,0,0,0,4,29.0,33,15,15,7,2,8,26,1.41,0.282,LAA,127,509,17.55,0,6,6,3,0,0,2,0.45,8.07,2.48,3.25,0.31,0,0,0
2023,475,Tim Hill,P,SD,1,4,5.48,48,0,0,0,0,3,44.1,59,36,27,7,6,14,26,1.65,0.331,SD,202,716,16.15,0,7,9,0,0,0,9,2.03,5.28,2.84,1.86,0.354,0,0,0
2023,475,Connor Phillips,P,CIN,1,1,6.97,5,5,0,0,0,0,20.2,18,16,16,5,1,13,26,1.5,0.22,CIN,96,381,18.44,1,0,0,0,2,0,0,0.41,11.32,5.66,2.0,0.255,2,0,0
2023,475,Nick Robertson,P,BOS,0,1,6.04,18,1,0,0,0,1,22.1,30,19,15,3,0,9,26,1.75,0.316,BOS,106,392,17.55,0,6,1,2,0,0,3,1.22,10.48,3.63,2.89,0.403,2,0,0
2023,475,Josh Taylor,P,KC,1,3,8.15,17,1,0,0,0,2,17.2,22,17,16,4,0,9,26,1.75,0.306,KC,83,341,19.3,0,4,0,1,1,1,1,1.17,13.25,4.58,2.89,0.409,2,0,0
2023,475,Keegan Thompson,P,CHC,2,2,4.71,19,0,0,0,1,1,28.2,20,15,15,2,1,19,26,1.36,0.194,CHC,125,477,16.64,0,5,3,0,2,0,2,0.74,8.16,5.97,1.37,0.234,1,0,0
2023,475,Trent Thornton,P,SEA,1,2,2.01,27,1,0,0,0,1,31.1,30,12,7,5,0,6,26,1.15,0.252,SEA,125,458,14.62,0,6,4,0,0,0,4,0.91,7.47,1.72,4.33,0.284,3,1,1
2023,487,Andrew Bellatti,P,PHI,1,0,5.11,27,0,0,0,0,0,24.2,25,15,14,4,0,12,25,1.5,0.25,PHI,113,456,18.49,0,4,2,0,0,0,0,0.5,9.12,4.38,2.08,0.292,3,0,0
2023,487,Calvin Faucher,P,TB,1,1,7.01,17,4,0,0,0,0,25.2,31,20,20,4,1,12,25,1.68,0.29,TB,120,514,20.03,0,3,1,0,4,0,2,1.22,8.77,4.21,2.08,0.346,4,0,0
2023,487,Jose A. Ferrer,P,WSH,3,0,5.03,39,0,0,0,0,2,34.0,37,19,19,4,1,13,25,1.47,0.289,WSH,142,559,16.44,0,6,5,2,0,0,7,2.14,6.62,3.44,1.92,0.333,6,1,1
2023,487,Josh Fleming,P,TB,2,0,4.7,12,3,0,0,0,0,51.2,56,29,27,9,0,19,25,1.45,0.281,TB,221,759,14.69,0,2,1,2,2,0,10,2.36,4.35,3.31,1.32,0.28,1,0,0
2023,487,Dallas Keuchel,P,MIN,2,1,5.97,10,6,0,0,0,0,37.2,45,25,25,3,2,18,25,1.67,0.298,MIN,172,658,17.47,1,2,0,0,2,0,6,2.15,5.97,4.3,1.39,0.339,4,1,0
2023,487,Zach Neal,P,OAK,1,1,6.67,14,2,0,0,0,0,27.0,30,22,20,8,2,14,25,1.63,0.28,OAK,124,462,17.11,0,10,0,1,0,0,2,0.83,8.33,4.67,1.79,0.297,0,1,0
2023,487,Stephen Nogosek,P,NYM,0,1,5.61,13,0,0,0,0,0,25.2,28,16,16,6,2,14,25,1.64,0.28,NYM,118,489,19.05,0,1,0,0,2,0,2,0.75,8.77,4.91,1.79,0.31,2,0,0
2023,494,Carl Edwards,P,WSH,1,3,3.69,32,0,0,0,2,4,31.2,31,14,13,1,1,17,24,1.52,0.25,WSH,142,565,17.84,0,3,13,2,2,0,3,1.16,6.82,4.83,1.41,0.303,2,0,0
2023,494,Hunter Gaddis,P,CLE,2,1,4.5,11,7,0,0,0,0,42.0,41,21,21,6,4,14,24,1.31,0.255,CLE,182,686,16.33,2,3,0,0,1,0,1,0.38,5.14,3.0,1.71,0.261,3,1,0
2023,494,Dylan Lee,P,ATL,1,0,4.18,24,1,0,0,0,0,23.2,24,14,11,4,0,8,24,1.35,0.264,ATL,101,391,16.52,0,2,6,0,0,0,1,0.73,9.13,3.04,3.0,0.317,3,0,0
2023,494,Richard Lovelady,P,OAK,0,3,4.63,27,0,0,0,0,2,23.1,15,13,12,3,3,10,24,1.07,0.188,OAK,96,378,16.2,0,3,4,0,0,0,2,1.0,9.26,3.86,2.4,0.214,3,1,0
2023,494,Kaleb Ort,P,BOS,1,2,6.26,21,2,0,0,0,1,23.0,27,19,16,6,1,9,24,1.57,0.29,BOS,107,386,16.78,0,7,1,1,2,0,1,0.7,9.39,3.52,2.67,0.328,4,0,1
2023,494,Jeffrey Springs,P,TB,2,0,0.56,3,3,0,0,0,0,16.0,4,1,1,1,0,4,24,0.5,0.08,TB,55,211,13.19,2,0,0,0,0,0,1,1.2,13.5,2.25,6.0,0.12,0,0,0
2023,494,Josh Staumont,P,KC,0,0,5.4,21,1,0,0,0,0,20.0,16,12,12,1,2,13,24,1.45,0.219,KC,89,360,18.0,0,5,1,0,3,0,3,0.94,10.8,5.85,1.85,0.313,2,0,0
2023,494,Robert Suarez,P,SD,4,3,4.23,26,0,0,0,0,3,27.2,15,13,13,4,0,10,24,0.9,0.155,SD,108,449,16.23,0,5,8,3,0,0,0,1.11,7.81,3.25,2.4,0.157,2,1,0
2023,494,Spencer Turnbull,P,DET,1,4,7.26,7,7,0,0,0,0,31.0,37,26,25,5,3,15,24,1.68,0.291,DET,145,555,17.9,0,0,0,0,2,0,4,1.2,6.97,4.35,1.6,0.327,3,0,1
2023,494,Jordan Wicks,P,CHC,4,1,4.41,7,7,0,0,0,0,34.2,33,17,17,5,0,11,24,1.27,0.252,CHC,147,583,16.82,3,0,0,0,3,0,2,1.55,6.23,2.86,2.18,0.269,2,1,0
2023,504,Daniel Duarte,P,CIN,3,0,3.69,31,0,0,0,1,1,31.2,24,14,13,5,1,20,23,1.39,0.211,CIN,136,572,18.06,0,8,2,0,1,0,4,1.13,6.54,5.68,1.15,0.218,2,2,1
2023,504,DL Hall,P,BAL,3,0,3.26,18,0,0,0,0,1,19.1,18,8,7,2,0,5,23,1.19,0.237,BAL,81,371,19.19,0,3,2,0,1,1,1,1.5,10.71,2.33,4.6,0.314,1,0,0
2023,504,Zach Jackson,P,OAK,2,1,2.5,19,0,0,0,1,2,18.0,18,7,5,1,0,10,23,1.56,0.261,OAK,80,372,20.67,0,6,1,0,5,0,0,0.53,11.5,5.0,2.3,0.378,2,1,1
2023,504,James McArthur,P,KC,1,0,4.63,18,2,0,0,4,4,23.1,20,12,12,2,1,2,23,0.94,0.235,KC,90,341,14.61,0,6,2,0,1,0,2,1.75,8.87,0.77,11.5,0.29,0,0,0
2023,508,Austin Adams,P,AZ,0,1,5.71,24,0,0,0,0,1,17.1,16,12,11,1,5,8,22,1.38,0.235,AZ,81,362,20.88,0,1,7,0,2,0,0,0.58,11.42,4.15,2.75,0.333,5,0,0
2023,508,Cody Bolton,P,PIT,1,0,6.33,16,0,0,0,0,0,21.1,30,15,15,3,1,15,22,2.11,0.333,PIT,107,455,21.33,0,5,1,0,0,0,3,0.86,9.28,6.33,1.47,0.415,1,0,0
2023,508,Justin Bruihl,P,COL,1,0,5.46,27,0,0,0,0,0,28.0,28,18,17,2,3,11,22,1.39,0.267,COL,121,438,15.64,0,13,1,2,2,0,2,1.04,7.07,3.54,2.0,0.313,4,1,0
2023,508,Gavin Stone,P,LAD,1,1,9.0,8,4,0,0,1,2,31.0,46,32,31,8,2,13,22,1.9,0.338,LAD,152,547,17.65,0,1,0,0,0,0,2,1.3,6.39,3.77,1.69,0.355,2,0,0
2023,508,Greg Weissert,P,NYY,0,0,4.05,17,0,0,0,0,0,20.0,21,9,9,3,1,8,22,1.45,0.273,NYY,87,347,17.35,0,6,2,0,1,1,1,1.06,9.9,3.6,2.75,0.346,5,1,0
2023,508,Trey Wingenter,P,DET,1,0,5.82,17,0,0,0,0,0,17.0,16,11,11,2,3,7,22,1.35,0.246,DET,76,309,18.18,0,6,0,0,3,0,1,0.75,11.65,3.71,3.14,0.333,2,0,0
2023,514,Dylan Coleman,P,KC,0,2,8.84,23,1,0,0,0,1,18.1,18,19,18,3,5,19,21,2.02,0.261,KC,96,383,20.89,0,8,5,1,3,0,2,0.57,10.31,9.33,1.11,0.313,4,0,0
2023,514,Dany Jiménez,P,OAK,0,2,3.47,25,1,0,0,1,2,23.1,11,9,9,3,0,14,21,1.07,0.143,OAK,94,406,17.4,0,6,7,1,2,0,1,0.5,8.1,5.4,1.5,0.145,3,1,0
2023,514,Ian Kennedy,P,TEX,0,1,7.16,16,0,0,0,0,1,16.1,16,15,13,4,2,7,21,1.41,0.246,TEX,75,314,19.22,0,7,0,0,1,0,0,0.71,11.57,3.86,3.0,0.293,1,0,0
2023,514,Nick Mears,P,COL,0,1,3.72,16,0,0,0,0,0,19.1,14,8,8,1,1,14,21,1.45,0.194,COL,87,362,18.72,0,5,1,0,1,1,1,0.42,9.78,6.52,1.5,0.26,1,0,0
2023,514,Cole Sands,P,MIN,0,0,3.74,15,0,0,0,0,0,21.2,20,10,9,4,0,13,21,1.52,0.235,MIN,98,413,19.06,0,12,0,0,3,0,1,0.69,8.72,5.4,1.62,0.267,0,0,0
2023,514,Ryan Thompson,P,AZ,1,2,3.82,31,0,0,0,1,4,30.2,20,14,13,3,4,8,21,0.91,0.185,AZ,121,444,14.48,0,5,8,0,2,0,2,1.96,6.16,2.35,2.63,0.202,4,1,0
2023,520,Matt Barnes,P,MIA,1,0,5.48,24,1,0,0,0,1,21.1,25,13,13,2,1,10,20,1.64,0.284,MIA,99,400,18.75,0,3,3,1,2,1,2,1.26,8.44,4.22,2.0,0.348,5,0,0
2023,520,Slade Cecconi,P,AZ,0,1,4.33,7,4,0,0,0,0,27.0,27,13,13,4,2,4,20,1.15,0.26,AZ,111,418,15.48,0,0,0,0,0,0,1,0.81,6.67,1.33,5.0,0.284,1,1,0
2023,520,Tommy Hunter,P,NYM,0,1,6.85,14,0,0,0,0,0,23.2,28,20,18,6,2,5,20,1.39,0.286,NYM,106,367,15.51,0,6,1,0,0,0,1,1.13,7.61,1.9,4.0,0.301,1,0,0
2023,520,Joe Jacques,P,BOS,2,1,5.06,23,1,0,0,1,1,26.2,32,17,15,2,6,10,20,1.58,0.308,BOS,122,436,16.35,0,7,0,2,1,0,6,2.38,6.75,3.38,2.0,0.361,1,2,0
2023,520,John King,P,STL,2,1,3.62,35,0,0,0,0,2,37.1,45,15,15,2,0,10,20,1.47,0.31,STL,157,527,14.12,0,9,12,0,0,0,9,2.9,4.82,2.41,2.0,0.347,2,0,0
2023,520,Casey Lawrence,P,STL,1,0,6.59,15,0,0,0,0,0,27.1,32,20,20,7,2,10,20,1.54,0.299,STL,122,447,16.35,0,7,4,2,0,0,3,0.45,6.59,3.29,2.0,0.305,4,0,0
2023,520,AJ Smith-Shawver,P,ATL,1,0,4.26,6,5,0,0,0,0,25.1,17,14,12,7,1,11,20,1.11,0.183,ATL,105,454,17.92,0,0,0,0,3,0,1,0.7,7.11,3.91,1.82,0.152,5,1,0
2023,520,Gus Varland,P,LAD,1,1,6.64,16,0,0,0,0,0,20.1,27,18,15,3,1,16,20,2.11,0.318,LAD,103,403,19.82,0,5,1,1,2,0,3,1.44,8.85,7.08,1.25,0.387,2,0,0
2023,528,Anthony Bass,P,TOR,0,0,4.95,22,0,0,0,0,0,20.0,19,12,11,3,0,9,19,1.4,0.247,TOR,88,324,16.2,0,7,1,2,1,0,1,0.86,8.55,4.05,2.11,0.281,2,0,0
2023,528,Angel Felipe,P,OAK,1,1,4.2,14,0,0,0,0,1,15.0,6,7,7,0,1,13,19,1.27,0.12,OAK,64,271,18.07,0,5,4,0,1,0,1,1.5,11.4,7.8,1.46,0.194,0,0,0
2023,528,Kody Funderburk,P,MIN,2,0,0.75,11,0,0,0,0,0,12.0,6,1,1,1,1,5,19,0.92,0.146,MIN,47,192,16.0,0,4,2,0,0,0,0,1.67,14.25,3.75,3.8,0.238,2,1,1
2023,528,Tyler Gilbert,P,AZ,0,2,5.19,11,0,0,0,0,1,17.1,21,10,10,2,0,5,19,1.5,0.313,AZ,72,263,15.17,0,1,0,0,1,0,1,2.0,9.87,2.6,3.8,0.413,0,2,0
2023,528,Trevor Rogers,P,MIA,1,2,4.0,4,4,0,0,0,0,18.0,16,9,8,2,3,6,19,1.22,0.229,MIA,79,330,18.33,1,0,0,0,0,0,0,1.06,9.5,3.0,3.17,0.286,0,0,0
2023,533,Drew Carlton,P,SD,2,1,4.35,11,0,0,0,0,2,20.2,18,12,10,2,1,6,18,1.16,0.243,SD,85,330,15.97,0,1,0,0,1,0,2,1.16,7.84,2.61,3.0,0.291,0,1,0
2023,533,Yerry De los Santos,P,PIT,1,1,3.33,22,0,0,0,0,0,24.1,17,10,9,1,1,13,18,1.23,0.193,PIT,104,397,16.32,0,8,3,3,0,0,3,2.06,6.66,4.81,1.38,0.225,2,1,0
2023,533,Tommy Doyle,P,COL,0,1,6.85,15,0,0,0,0,2,23.2,23,18,18,5,0,13,18,1.52,0.256,COL,103,352,14.87,0,1,0,0,3,0,2,1.13,6.85,4.94,1.38,0.269,1,1,0
2023,533,Luis Patiño,P,CWS,0,1,4.57,9,1,0,0,0,0,21.2,21,12,11,3,0,14,18,1.62,0.247,CWS,99,383,17.68,0,2,0,0,2,0,1,1.09,7.48,5.82,1.29,0.281,2,1,0
2023,533,Sammy Peralta,P,CWS,2,0,4.05,16,0,0,0,0,0,20.0,19,11,9,2,0,11,18,1.5,0.241,CWS,90,379,18.95,0,7,0,0,0,0,1,0.83,8.1,4.95,1.64,0.288,1,0,0
2023,533,Lane Ramsey,P,CWS,1,0,5.85,21,0,0,0,0,0,20.0,25,13,13,1,0,9,18,1.7,0.313,CWS,92,340,17.0,0,7,3,0,3,0,2,0.6,8.1,4.05,2.0,0.381,4,0,0
2023,533,Nick Wittgren,P,KC,1,0,4.97,27,0,0,0,0,1,29.0,30,17,16,2,3,11,18,1.41,0.263,KC,128,472,16.28,0,14,2,0,1,0,2,1.13,5.59,3.41,1.64,0.298,1,1,0
2023,540,Jordan Balazovic,P,MIN,1,0,4.44,18,0,0,0,0,0,24.1,26,13,12,5,0,12,17,1.56,0.274,MIN,108,392,16.11,0,5,2,0,3,0,3,0.96,6.29,4.44,1.42,0.284,0,0,0
2023,540,Brad Boxberger,P,CHC,0,1,4.95,22,0,0,0,2,2,20.0,15,11,11,3,1,11,17,1.3,0.208,CHC,84,338,16.9,0,6,1,1,0,0,2,0.9,7.65,4.95,1.55,0.231,4,0,0
2023,540,José De León,P,MIN,0,1,4.67,12,1,0,0,0,0,17.1,16,10,9,2,1,5,17,1.21,0.25,MIN,70,284,16.38,0,4,0,0,0,0,3,0.82,8.83,2.6,3.4,0.311,1,0,0
2023,540,Justin Garza,P,BOS,0,2,7.36,17,1,0,0,0,0,18.1,22,17,15,3,1,12,17,1.85,0.286,BOS,91,352,19.2,0,8,0,1,2,1,0,0.77,8.35,5.89,1.42,0.328,0,0,0
2023,540,Brandon Hughes,P,CHC,0,3,7.24,17,0,0,0,0,2,13.2,14,11,11,2,1,8,17,1.61,0.264,CHC,63,239,17.49,0,2,1,1,0,0,1,0.92,11.2,5.27,2.13,0.353,4,0,0
2023,540,Tyler Kinley,P,COL,0,4,6.06,18,0,0,0,5,7,16.1,21,11,11,3,1,6,17,1.65,0.318,COL,76,298,18.24,0,11,1,0,1,0,0,0.41,9.37,3.31,2.83,0.375,4,1,0
2023,540,Mike Mayers,P,KC,1,2,6.15,6,2,0,0,0,0,26.1,34,19,18,4,0,10,17,1.67,0.315,KC,119,455,17.28,0,0,0,0,2,0,4,0.81,5.81,3.42,1.7,0.341,0,1,0
2023,540,Germán Márquez,P,COL,2,2,4.95,4,4,0,0,0,0,20.0,19,11,11,4,0,3,17,1.1,0.257,COL,80,302,15.1,1,0,0,0,0,1,3,1.6,7.65,1.35,5.67,0.278,0,2,0
2023,540,Sean Newcomb,P,OAK,1,1,3.0,7,2,0,0,0,0,15.0,8,5,5,1,2,9,17,1.13,0.16,OAK,61,280,18.67,0,1,0,0,1,0,3,0.79,10.2,5.4,1.89,0.219,1,0,0
2023,540,Denyi Reyes,P,NYM,0,2,7.78,9,3,0,0,0,0,19.2,25,17,17,3,1,8,17,1.68,0.309,NYM,90,364,18.51,0,1,1,0,0,0,2,1.05,7.78,3.66,2.13,0.361,4,0,0
2023,540,TaylerTa Scott,P,OAK,0,0,5.6,18,2,0,0,0,2,17.2,23,12,11,3,3,10,17,1.87,0.311,OAK,88,338,19.13,0,3,0,2,1,0,1,0.75,8.66,5.09,1.7,0.364,4,0,0
2023,540,AndrewA Suárez,P,STL,0,0,7.16,13,0,0,0,0,0,27.2,33,27,22,7,0,15,17,1.73,0.287,STL,130,521,18.83,0,6,0,0,2,0,1,0.91,5.53,4.88,1.13,0.286,0,0,0
2023,552,Jorge Alcala,P,MIN,0,1,6.23,11,0,0,0,0,1,17.1,14,13,12,5,1,10,16,1.38,0.222,MIN,75,319,18.4,0,3,2,0,0,0,2,0.79,8.31,5.19,1.6,0.209,3,0,0
2023,552,Richard Bleier,P,BOS,1,0,5.28,27,0,0,0,0,1,30.2,37,20,18,5,3,5,16,1.37,0.306,BOS,132,456,14.87,0,3,2,1,3,0,8,1.73,4.7,1.47,3.2,0.317,1,0,0
2023,552,Kris Bubic,P,KC,0,2,3.94,3,3,0,0,0,0,16.0,19,7,7,1,1,2,16,1.31,0.292,KC,68,264,16.5,1,0,0,0,1,0,1,0.88,9.0,1.13,8.0,0.375,1,0,0
2023,552,Matt Carasiti,P,COL,1,0,6.29,16,0,0,0,1,2,24.1,28,19,17,3,1,11,16,1.6,0.292,COL,110,411,16.89,0,2,3,0,1,0,2,1.84,5.92,4.07,1.45,0.316,1,0,0
2023,552,John Curtiss,P,NYM,0,0,4.58,15,0,0,0,0,1,19.2,17,10,10,3,0,8,16,1.27,0.236,NYM,81,301,15.31,0,4,2,0,0,0,1,0.6,7.32,3.66,2.0,0.259,3,0,0
2023,552,Miguel Díaz,P,DET,1,0,0.64,12,3,0,0,0,0,14.0,8,1,1,0,0,5,16,0.93,0.163,DET,54,208,14.86,0,0,2,0,0,0,0,0.67,10.29,3.21,3.2,0.242,1,0,0
2023,552,Reed Garrett,P,NYM,1,0,6.41,11,0,0,0,0,0,19.2,22,14,14,3,1,7,16,1.47,0.282,NYM,87,347,17.64,0,3,0,0,0,0,1,0.95,7.32,3.2,2.29,0.317,3,1,0
2023,552,Chad Green,P,TOR,3,0,5.25,12,0,0,0,0,0,12.0,12,10,7,1,0,4,16,1.33,0.25,TOR,52,195,16.25,0,2,2,1,0,0,1,0.67,12.0,3.0,4.0,0.355,1,0,0
2023,552,Ben Heller,P,ATL,0,0,3.86,19,0,0,0,0,1,18.2,16,9,8,2,2,11,16,1.45,0.232,ATL,82,308,16.5,0,5,4,0,4,0,4,1.18,7.71,5.3,1.45,0.275,0,0,0
2023,552,Karl Kauffmann,P,COL,2,5,8.23,11,3,0,0,0,0,35.0,42,34,32,5,4,16,16,1.66,0.311,COL,158,582,16.63,0,3,0,0,1,0,9,0.95,4.11,4.11,1.0,0.316,4,0,0
2023,552,Michael Kelly,P,CLE,1,0,3.78,14,0,0,0,0,0,16.2,13,8,7,0,0,9,16,1.32,0.21,CLE,71,272,16.32,0,6,0,0,3,0,1,0.74,8.64,4.86,1.78,0.283,3,1,0
2023,552,Triston McKenzie,P,CLE,0,3,5.06,4,4,0,0,0,0,16.0,12,9,9,1,0,13,16,1.56,0.2,CLE,73,300,18.75,0,0,0,0,1,0,0,0.6,9.0,7.31,1.23,0.256,6,0,0
2023,552,Penn Murfee,P,SEA,1,2,1.29,16,0,0,0,0,1,14.0,5,5,2,1,1,10,16,1.07,0.109,SEA,58,223,15.93,0,3,1,3,0,1,0,1.17,10.29,6.43,1.6,0.138,3,0,0
2023,552,Luis Ortiz,P,PHI,0,0,3.32,14,0,0,0,1,1,19.0,23,7,7,1,0,5,16,1.47,0.311,PIT,400,1462,16.87,3,0,0,0,3,0,11,1.13,6.13,4.98,1.23,0.309,5,0,0
2023,552,Luis Ortiz,P,PHI,0,0,3.32,14,0,0,0,1,1,19.0,23,7,7,1,0,5,16,1.47,0.311,PHI,80,299,15.74,0,10,0,0,0,0,3,1.57,7.58,2.37,3.2,0.386,0,1,0
2023,552,Sean Reid-Foley,P,NYM,0,1,3.52,8,0,0,0,0,0,7.2,4,3,3,0,0,6,16,1.3,0.148,NYM,34,164,21.39,0,1,3,0,0,0,0,1.67,18.78,7.04,2.67,0.333,5,0,0
2023,552,Devin Smeltzer,P,MIA,0,1,6.45,9,1,0,0,0,0,22.1,29,18,16,7,4,4,16,1.48,0.315,MIA,100,361,16.16,0,5,0,0,1,0,2,0.57,6.45,1.61,4.0,0.319,0,1,0
2023,552,Brandon Walter,P,BOS,0,0,6.26,9,0,0,0,1,1,23.0,32,17,16,3,1,7,16,1.7,0.327,BOS,106,365,15.87,0,4,0,0,1,0,1,0.67,6.26,2.74,2.29,0.367,1,1,0
2023,569,Eduard Bazardo,P,SEA,0,0,4.5,12,0,0,0,0,0,16.0,15,8,8,2,0,4,15,1.19,0.238,SEA,67,270,16.88,0,4,0,0,0,0,0,0.83,8.44,2.25,3.75,0.283,2,0,0
2023,569,Joe Boyle,P,OAK,2,0,1.69,3,3,0,0,0,0,16.0,8,4,3,1,0,5,15,0.81,0.148,OAK,60,240,15.0,2,0,0,0,0,0,0,0.45,8.44,2.81,3.0,0.179,2,1,1
2023,569,Steven Cruz,P,KC,0,0,4.97,10,4,0,0,0,0,12.2,11,7,7,1,1,11,15,1.74,0.22,KC,62,244,19.26,0,3,0,0,1,0,0,0.85,10.66,7.82,1.36,0.294,1,0,0
2023,569,Dylan Dodd,P,ATL,2,2,7.6,7,7,0,0,0,0,34.1,53,29,29,9,1,12,15,1.89,0.351,ATL,164,568,16.54,1,0,0,1,1,0,2,0.63,3.93,3.15,1.25,0.346,2,1,0
2023,569,Taylor Hearn,P,KC,0,0,11.4,13,0,0,0,0,0,15.0,23,19,19,4,0,8,15,2.07,0.338,KC,76,313,20.87,0,3,1,0,1,0,0,0.58,9.0,4.8,1.88,0.388,3,0,0
2023,569,Parker Mushinski,P,HOU,0,0,5.52,14,0,0,0,0,0,14.2,19,9,9,5,4,4,15,1.57,0.311,HOU,69,255,17.39,0,2,1,0,0,0,2,1.7,9.2,2.45,3.75,0.341,1,0,0
2023,569,Yerry Rodríguez,P,TEX,0,1,7.9,13,1,0,0,0,1,13.2,20,12,12,1,0,6,15,1.9,0.339,TEX,66,278,20.34,0,8,0,1,1,0,0,0.56,9.88,3.95,2.5,0.432,0,0,0
2023,569,Zack Weiss,P,BOS,1,0,3.21,12,0,0,0,0,0,14.0,9,6,5,4,1,6,15,1.07,0.18,BOS,58,226,16.14,0,1,1,0,0,0,0,0.59,9.64,3.86,2.50,0.156,0,0,0
2023,569,Amos Willingham,P,WSH,0,2,6.66,18,0,0,0,0,0,24.1,35,18,18,8,1,9,15,1.81,0.337,WSH,116,461,18.95,0,5,0,2,0,0,1,0.65,5.55,3.33,1.67,0.325,1,1,0
2023,569,Rob Zastryzny,P,PIT,1,0,4.79,21,1,0,0,0,1,20.2,24,15,11,1,0,13,15,1.79,0.293,PIT,97,389,18.82,0,2,2,1,2,0,2,0.8,6.53,5.66,1.15,0.348,1,1,0
2023,579,Sam Bachman,P,LAA,1,2,3.18,11,0,0,0,1,2,17.0,17,7,6,0,1,11,14,1.65,0.262,LAA,77,316,18.59,0,4,2,1,3,0,4,1.62,7.41,5.82,1.27,0.333,0,0,0
2023,579,Garrett Cleavinger,P,TB,1,0,3.0,15,0,0,0,0,2,12.0,6,5,4,2,1,6,14,1.0,0.146,TB,48,211,17.58,0,3,0,0,1,0,2,0.91,10.5,4.5,2.33,0.16,1,0,0
2023,579,Javy Guerra,P,TB,0,0,6.05,17,2,0,0,0,0,19.1,17,13,13,2,2,22,14,2.02,0.236,TB,97,362,18.72,0,11,0,3,2,0,2,0.68,6.52,10.24,0.64,0.263,2,0,0
2023,579,Garrett Hill,P,DET,0,0,9.19,9,0,0,0,1,1,15.2,19,20,16,4,1,14,14,2.11,0.302,DET,80,309,19.72,0,3,1,0,1,0,3,1.07,8.04,8.04,1.00,0.326,1,0,0
2023,579,Lucas Luetge,P,ATL,1,0,7.24,12,0,0,0,0,1,13.2,17,11,11,2,1,7,14,1.76,0.304,ATL,65,286,20.93,0,5,0,0,2,0,1,1.17,9.22,4.61,2.00,0.366,2,0,0
2023,579,Justin Martinez,P,AZ,0,0,12.6,10,0,0,0,1,1,10.0,13,14,14,2,2,11,14,2.4,0.295,AZ,57,236,23.6,0,4,0,1,1,0,0,1.43,12.6,9.9,1.27,0.393,0,0,0
2023,579,Oliver Ortega,P,MIN,0,1,4.3,10,0,0,0,0,0,14.2,11,7,7,2,1,7,14,1.23,0.204,MIN,63,239,16.3,0,1,1,0,1,0,0,0.43,8.59,4.3,2.00,0.231,2,0,0
2023,579,Zach Plesac,P,CLE,1,1,7.59,5,5,0,0,0,0,21.1,37,20,18,3,0,5,14,1.97,0.374,CLE,105,370,17.34,1,0,0,0,0,0,1,2.06,5.91,2.11,2.80,0.415,1,0,1
2023,579,Zach Pop,P,TOR,1,1,6.59,15,0,0,0,0,0,13.2,11,11,10,4,0,6,14,1.24,0.22,TOR,56,199,14.56,0,2,1,0,1,0,2,1.08,9.22,3.95,2.33,0.219,1,0,0
2023,579,Francisco Pérez,P,OAK,1,2,5.94,17,1,0,0,0,1,16.2,17,12,11,0,1,8,14,1.5,0.266,OAK,74,308,18.48,0,8,0,1,1,0,1,0.79,7.56,4.32,1.75,0.333,3,1,1
2023,579,Joely Rodríguez,P,BOS,0,0,6.55,11,0,0,0,0,0,11.0,13,9,8,2,0,6,14,1.73,0.289,BOS,51,215,19.55,0,1,0,0,0,0,0,1.25,11.45,4.91,2.33,0.379,1,0,0
2023,579,Domingo Tapia,P,SD,0,1,3.57,15,0,0,0,1,1,17.2,13,8,7,2,1,12,14,1.42,0.21,SD,75,318,18.0,0,6,1,1,0,0,2,0.94,7.13,6.11,1.17,0.239,1,1,0
2023,579,Freddy Tarnok,P,OAK,1,1,4.91,5,1,0,0,0,0,14.2,11,8,8,4,0,11,14,1.5,0.204,OAK,65,287,19.57,0,1,0,0,2,0,1,0.45,8.59,6.75,1.27,0.194,1,0,0
2023,579,Duane Underwood,P,PIT,1,0,5.18,20,0,0,0,2,2,24.1,24,14,14,3,0,11,14,1.44,0.273,PIT,100,337,13.85,0,9,3,0,0,0,5,1.04,5.18,4.07,1.27,0.292,1,1,0
2023,579,Darius Vines,P,ATL,1,0,3.98,5,2,0,0,0,0,20.1,15,10,9,3,1,7,14,1.08,0.203,ATL,84,308,15.15,2,0,1,0,0,0,1,0.88,6.2,3.1,2.00,0.203,2,1,0
2023,579,Bruce Zimmermann,P,BAL,2,0,4.73,7,0,0,0,0,0,13.1,17,8,7,3,2,0,14,1.28,0.293,BAL,61,215,16.13,0,4,0,0,1,0,0,1.55,9.45,0.0,-.--,0.333,0,0,0
2023,595,Kolby Allard,P,ATL,0,1,6.57,4,3,0,0,0,0,12.1,16,9,9,2,0,4,13,1.62,0.308,ATL,56,199,16.14,0,1,0,0,1,0,1,0.44,9.49,2.92,3.25,0.378,1,0,0
2023,595,Jeremiah Estrada,P,CHC,0,0,6.75,12,0,0,0,0,0,10.2,12,8,8,4,0,12,13,2.25,0.279,CHC,56,237,22.22,0,5,1,1,0,0,0,0.46,10.97,10.13,1.08,0.296,1,0,0
2023,595,Matt Festa,P,SEA,0,0,4.0,8,0,0,0,0,0,9.0,4,4,4,1,0,12,13,1.78,0.129,SEA,43,195,21.67,0,4,1,0,1,0,0,0.56,13.0,12.0,1.08,0.176,1,0,0
2023,595,Kevin Herget,P,CIN,1,2,5.18,14,0,0,0,1,1,24.1,26,14,14,4,2,6,13,1.32,0.268,CIN,105,418,17.18,0,7,0,1,1,1,1,0.71,4.81,2.22,2.17,0.275,0,0,0
2023,595,J.C. Mejía,P,MIL,1,0,5.56,9,0,0,0,0,1,11.1,15,7,7,2,1,3,13,1.59,0.326,MIL,50,214,18.88,0,6,1,0,1,0,3,2.0,10.32,2.38,4.33,0.419,0,0,0
2023,595,Adam Oller,P,OAK,1,1,10.07,9,1,0,0,0,0,19.2,29,24,22,5,1,12,13,2.08,0.341,OAK,101,412,20.95,0,2,0,0,1,0,0,0.35,5.95,5.49,1.08,0.343,0,1,0
2023,595,Reiver Sanmartin,P,CIN,1,0,7.07,14,0,0,0,0,0,14.0,17,13,11,2,0,10,13,1.93,0.288,CIN,70,310,22.14,0,3,1,0,2,0,0,1.5,8.36,6.43,1.30,0.333,0,0,0
2023,595,Mitch White,P,TOR,0,1,7.11,10,0,0,0,0,0,12.2,15,11,10,2,0,7,13,1.74,0.294,TOR,60,253,19.97,0,6,0,0,1,0,1,0.32,9.24,4.97,1.86,0.342,1,0,0
2023,603,Adam Cimber,P,TOR,0,2,7.4,22,0,0,0,1,2,20.2,25,18,17,6,4,7,12,1.55,0.301,TOR,95,372,18.0,0,6,1,0,0,0,4,1.47,5.23,3.05,1.71,0.288,2,1,0
2023,603,Nabil Crismatt,P,AZ,0,2,8.31,8,0,0,0,0,0,13.0,19,13,12,3,1,7,12,2.0,0.333,AZ,65,262,20.15,0,4,0,0,2,1,0,1.6,8.31,4.85,1.71,0.381,1,1,0
2023,603,Garrett Crochet,P,CWS,0,2,3.55,13,0,0,0,0,1,12.2,12,6,5,1,1,13,12,1.97,0.255,CWS,64,292,23.05,0,5,0,0,1,0,0,0.63,8.53,9.24,0.92,0.306,2,0,0
2023,603,Bryce Jarvis,P,AZ,2,1,3.04,11,1,0,0,0,0,23.2,14,9,8,3,0,9,12,0.97,0.171,AZ,92,370,15.63,0,2,0,0,0,0,2,0.9,4.56,3.42,1.33,0.162,0,0,0
2023,603,Luke Little,P,CHC,0,0,0.0,7,0,0,0,0,0,6.2,5,0,0,0,1,4,12,1.35,0.208,CHC,30,135,20.25,0,3,0,0,1,0,0,3.0,16.2,5.4,3.00,0.385,0,0,0
2023,603,Lyon Richardson,P,CIN,0,2,8.64,4,4,0,0,0,0,16.2,17,16,16,6,0,15,12,1.92,0.258,CIN,81,331,19.86,0,0,0,0,0,0,2,1.31,6.48,8.1,0.80,0.229,1,0,0
2023,603,Jackson Rutledge,P,WSH,1,1,6.75,4,4,0,0,0,0,20.0,24,15,15,4,2,6,12,1.5,0.304,WSH,88,346,17.3,1,0,0,0,1,0,1,0.42,5.4,2.7,2.00,0.313,1,1,0
2023,603,Dennis Santana,P,NYM,1,0,5.91,9,0,0,0,0,0,10.2,10,7,7,2,1,7,12,1.59,0.244,NYM,50,221,20.72,0,4,2,0,1,0,0,0.43,10.13,5.91,1.71,0.286,0,0,0
2023,603,Carson Spiers,P,CIN,0,1,6.92,4,2,0,0,1,1,13.0,18,12,10,1,0,7,12,1.92,0.321,CIN,64,291,22.38,0,1,0,0,0,0,1,0.35,8.31,4.85,1.71,0.386,1,0,0
2023,603,Victor Vodnik,P,COL,1,0,8.31,6,0,0,0,0,0,8.2,15,9,8,0,0,3,12,2.08,0.366,COL,44,186,21.46,0,3,0,0,0,0,0,1.8,12.46,3.12,4.00,0.517,2,0,0
2023,603,Josh Walker,P,NYM,0,1,8.1,14,0,0,0,0,0,10.0,12,11,9,2,0,6,12,1.8,0.286,NYM,48,219,21.9,0,2,1,0,1,1,1,0.29,10.8,5.4,2.00,0.357,1,0,0
2023,614,Ty Adcock,P,SEA,0,0,3.45,12,0,0,0,0,0,15.2,11,7,6,4,0,0,11,0.7,0.19,SEA,58,207,13.21,0,4,0,0,0,0,1,0.8,6.32,0.0,-.--,0.163,1,0,1
2023,614,Luis Cessa,P,CIN,1,4,9.0,7,6,0,0,0,0,26.0,46,26,26,3,1,12,11,2.23,0.397,CIN,132,463,17.81,0,0,0,0,2,0,5,0.72,3.81,4.15,0.92,0.413,0,0,0
2023,614,Shawn Dubin,P,HOU,0,0,7.0,3,1,0,0,0,0,9.0,12,7,7,1,1,3,11,1.67,0.324,HOU,42,172,19.11,0,1,0,0,0,0,1,0.67,11.0,3.0,3.67,0.423,0,0,0
2023,614,Anthony Kay,P,NYM,0,0,6.14,16,0,0,0,0,1,14.2,13,10,10,2,2,9,11,1.5,0.241,NYM,66,242,16.5,0,5,0,0,1,0,1,0.48,6.75,5.52,1.22,0.262,1,0,0
2023,614,Trevor Kelley,P,TB,0,1,5.87,10,3,0,0,0,0,15.1,16,10,10,4,2,6,11,1.43,0.262,TB,69,272,17.74,0,2,1,1,1,1,1,0.7,6.46,3.52,1.83,0.261,0,0,0
2023,614,Casey Legumina,P,CIN,1,0,5.68,11,0,0,0,0,0,12.2,16,11,8,3,0,9,11,1.97,0.308,CIN,61,231,18.24,0,2,1,0,1,0,3,1.5,7.82,6.39,1.22,0.342,0,0,0
2023,614,Daniel Norris,P,CLE,0,0,5.68,7,0,0,0,0,0,12.2,10,11,8,3,1,12,11,1.74,0.204,CLE,63,258,20.37,0,3,0,0,0,0,1,0.81,7.82,8.53,0.92,0.194,1,0,0
2023,614,GlennG Otto Jr.Otto,P,TEX,0,0,10.13,6,0,0,0,0,0,10.2,14,12,12,6,0,6,11,1.88,0.311,TEX,51,192,18.0,0,2,1,0,0,0,0,1.22,9.28,5.06,1.83,0.286,4,1,0
2023,614,Collin Snider,P,KC,0,0,4.87,20,1,0,0,1,2,20.1,24,12,11,3,0,13,11,1.82,0.296,KC,95,367,18.05,0,2,3,0,0,0,3,1.47,4.87,5.75,0.85,0.309,2,0,0
2023,614,Jackson Stephens,P,ATL,0,0,3.0,5,0,0,0,0,0,12.0,13,4,4,1,0,5,11,1.5,0.283,ATL,52,226,18.83,0,2,0,0,1,0,1,1.3,8.25,3.75,2.20,0.353,2,1,0
2023,614,Ryan Tepera,P,STL,2,2,7.59,12,0,0,0,0,2,10.2,18,11,9,3,3,4,11,2.06,0.375,STL,57,230,21.56,0,2,4,1,0,0,1,0.73,9.28,3.38,2.75,0.441,2,1,0
2023,614,Jimmy Yacabonis,P,NYM,2,1,6.59,7,0,0,0,0,0,13.2,14,10,10,2,1,6,11,1.46,0.259,NYM,62,231,16.9,0,2,0,0,0,0,0,0.88,7.24,3.95,1.83,0.286,1,0,0
2023,614,Danny Young,P,ATL,0,0,1.08,8,0,0,0,0,0,8.1,7,1,1,0,3,2,11,1.08,0.233,ATL,35,135,16.2,0,5,0,0,0,0,1,0.71,11.88,2.16,5.5,0.368,0,1,0
2023,627,Madison Bumgarner,P,AZ,0,3,10.26,4,4,0,0,0,0,16.2,25,20,19,4,1,15,10,2.4,0.347,AZ,90,350,21.0,0,0,0,0,0,0,0,0.7,5.4,8.1,0.67,0.35,3,1,0
2023,627,Matt Bush,P,MIL,0,2,9.58,12,0,0,0,1,4,10.1,11,11,11,5,0,6,10,1.65,0.262,MIL,48,194,18.77,0,4,1,0,0,0,0,0.62,8.71,5.23,1.67,0.222,1,0,0
2023,627,Max Castillo,P,KC,0,1,4.43,7,0,0,0,0,0,20.1,20,10,10,2,3,9,10,1.43,0.267,KC,89,342,16.82,0,2,0,1,0,0,3,0.96,4.43,3.98,1.11,0.281,3,0,0
2023,627,Rico Garcia,P,WSH,0,0,9.26,10,0,0,0,0,0,11.2,19,12,12,5,0,6,10,2.14,0.358,WSH,60,267,22.89,0,1,1,0,1,0,0,0.67,7.71,4.63,1.67,0.359,0,0,0
2023,627,Deivi García,P,CWS,0,1,2.4,8,0,0,0,1,1,15.0,9,9,4,2,1,12,10,1.4,0.173,CWS,67,289,19.27,0,1,0,0,0,0,1,0.94,6.0,7.2,0.83,0.167,0,0,0
2023,627,Ben Joyce,P,LAA,1,1,5.4,12,0,0,0,0,0,10.0,9,6,6,1,1,9,10,1.8,0.243,LAA,48,202,20.2,0,0,4,0,1,0,1,0.73,9.0,8.1,1.11,0.296,1,0,0
2023,627,Andrew Kittredge,P,TB,2,0,3.09,14,0,0,0,1,1,11.2,12,4,4,1,1,2,10,1.2,0.255,TB,50,186,15.94,0,6,1,0,0,0,0,0.92,7.71,1.54,5.0,0.306,1,0,0
2023,627,Zach Logue,P,DET,0,0,7.36,3,0,0,0,0,0,11.0,13,9,9,3,0,2,10,1.36,0.277,DET,49,173,15.73,0,2,0,0,0,0,0,1.18,8.18,1.64,5.0,0.294,1,0,0
2023,627,Darren McCaughan,P,SEA,0,0,5.4,3,0,0,0,0,0,5.0,7,5,3,1,0,3,10,2.0,0.292,SEA,27,112,22.4,0,3,0,0,0,0,0,2.5,18.0,5.4,3.33,0.462,0,0,0
2023,627,John Means,P,BAL,1,2,2.66,4,4,0,0,0,0,23.2,13,7,7,4,1,4,10,0.72,0.159,BAL,88,339,14.32,2,0,0,0,0,0,0,0.46,3.8,1.52,2.5,0.13,0,0,0
2023,627,Tyson Miller,P,LAD,1,0,4.7,10,0,0,0,0,0,15.1,13,8,8,2,1,6,10,1.24,0.232,LAD,64,224,14.61,0,6,0,0,2,0,1,0.31,5.87,3.52,1.67,0.244,0,0,0
2023,627,Gerardo Reyes,P,LAA,0,0,7.45,8,0,0,0,0,0,9.2,11,9,8,2,2,6,10,1.76,0.275,LAA,49,216,22.34,0,1,0,0,2,0,0,0.67,9.31,5.59,1.67,0.31,3,0,0
2023,627,Bennett Sousa,P,HOU,0,0,4.0,7,0,0,0,0,0,9.0,6,4,4,1,0,2,10,0.89,0.188,HOU,34,140,15.56,0,4,0,0,0,0,1,0.78,10.0,2.0,5.0,0.238,0,0,0
2023,627,Hunter Stratton,P,PIT,0,0,2.25,8,0,0,0,0,1,12.0,9,3,3,2,1,3,10,1.0,0.209,PIT,47,174,14.5,0,3,0,0,1,0,1,1.67,7.5,2.25,3.33,0.226,0,0,0
2023,641,Wil Crowe,P,PIT,0,1,4.66,5,0,0,0,1,2,9.2,9,6,5,1,1,9,9,1.86,0.243,PIT,47,179,18.52,0,2,0,1,2,0,1,0.9,8.38,8.38,1.0,0.296,0,0,0
2023,641,Davis Daniel,P,LAA,1,1,2.19,3,0,0,0,0,0,12.1,7,3,3,1,0,9,9,1.3,0.167,LAA,52,218,17.68,0,1,0,0,1,0,1,0.93,6.57,6.57,1.0,0.182,1,0,0
2023,641,Jeurys Familia,P,OAK,0,1,6.39,14,0,0,0,2,4,12.2,13,12,9,2,1,13,9,2.05,0.271,OAK,64,256,20.21,0,3,1,0,0,0,1,1.55,6.39,9.24,0.69,0.289,0,0,0
2023,641,Hobie Harris,P,WSH,0,0,5.12,16,0,0,0,0,0,19.1,21,12,11,2,1,13,9,1.76,0.273,WSH,91,350,18.1,0,8,0,0,1,0,3,0.62,4.19,6.05,0.69,0.288,3,0,0
2023,641,Jonathan Heasley,P,KC,0,0,7.2,12,0,0,0,0,1,15.0,17,13,12,5,1,2,9,1.27,0.288,KC,63,221,14.73,0,5,1,0,1,0,1,0.48,5.4,1.2,4.5,0.261,1,0,0
2023,641,Brett Kennedy,P,CIN,1,0,6.5,5,2,0,0,0,0,18.0,19,13,13,1,3,7,9,1.44,0.275,CIN,83,310,17.22,0,3,0,0,0,0,0,0.73,4.5,3.5,1.29,0.29,4,0,0
2023,641,Cody Morris,P,CLE,0,0,6.75,6,0,0,0,0,0,8.0,10,6,6,3,0,6,9,2.0,0.313,CLE,38,165,20.63,0,1,1,0,0,0,1,1.6,10.13,6.75,1.5,0.35,1,1,0
2023,641,Edgar Navarro,P,CWS,0,0,7.27,8,0,0,0,0,0,8.2,11,7,7,2,2,2,9,1.5,0.314,CWS,39,150,17.31,0,6,0,0,0,0,1,2.0,9.35,2.08,4.5,0.375,0,1,0
2023,641,Connor Overton,P,CIN,0,1,11.45,3,3,0,0,0,0,11.0,19,14,14,3,0,7,9,2.36,0.404,CIN,55,200,18.18,0,0,0,0,0,0,1,0.82,7.36,5.73,1.29,0.444,1,1,0
2023,641,Chad Smith,P,OAK,1,2,6.59,10,0,0,0,0,0,13.2,15,10,10,2,2,7,9,1.61,0.294,OAK,60,248,18.15,0,5,0,0,1,0,1,1.08,5.93,4.61,1.29,0.325,0,3,0
2023,641,Kirby Snead,P,OAK,1,2,4.63,15,0,0,0,0,3,11.2,14,7,6,1,0,6,9,1.71,0.28,OAK,56,193,16.54,0,2,7,1,3,0,1,0.93,6.94,4.63,1.50,0.325,1,0,0
2023,641,Levi Stoudt,P,CIN,0,1,9.58,4,2,0,0,0,0,10.1,16,11,11,1,0,8,9,2.32,0.348,CIN,55,224,21.68,0,0,0,0,0,1,1,0.83,7.84,6.97,1.13,0.405,3,0,0
2023,641,Wander Suero,P,LAD,1,0,7.88,5,0,0,0,0,0,8.0,6,7,7,2,0,5,9,1.38,0.2,LAD,35,159,19.88,0,3,0,0,0,0,0,0.67,10.13,5.63,1.80,0.211,4,0,0
2023,641,Nick Vespi,P,BAL,1,0,4.3,9,0,0,0,0,0,14.2,16,7,7,2,1,2,9,1.23,0.286,BAL,59,202,13.77,0,2,0,1,0,0,2,1.58,5.52,1.23,4.50,0.311,0,1,0
2023,655,Jacob Barnes,P,STL,0,1,5.93,13,0,0,0,0,0,13.2,18,11,9,1,1,3,8,1.54,0.316,STL,61,209,15.29,0,5,0,0,0,0,1,0.82,5.27,1.98,2.67,0.354,1,1,0
2023,655,Declan Cronin,P,CWS,0,1,9.0,9,0,0,0,0,0,11.0,11,12,11,3,2,7,8,1.64,0.262,CWS,51,193,17.55,0,2,1,0,0,0,2,2.83,6.55,5.73,1.14,0.258,1,1,0
2023,655,Matt Gage,P,HOU,0,0,2.7,5,0,0,0,0,0,6.2,6,2,2,1,0,3,8,1.35,0.261,HOU,27,119,17.85,0,2,0,0,0,1,2,2.33,10.8,4.05,2.67,0.357,0,0,0
2023,655,Logan Gillaspie,P,BAL,0,1,6.0,11,0,0,0,0,2,9.0,14,7,6,2,1,5,8,2.11,0.35,BAL,46,191,21.22,0,3,2,0,1,0,1,1.25,8.0,5.0,1.60,0.4,0,0,0
2023,655,Jacob Lopez,P,TB,1,0,4.38,4,1,0,0,1,1,12.1,14,7,6,0,2,2,8,1.3,0.28,TB,54,193,15.65,0,1,0,0,1,0,1,0.75,5.84,1.46,4.00,0.333,0,0,0
2023,655,John McMillon,P,KC,0,0,2.25,4,0,0,0,0,0,4.0,1,1,1,1,0,0,8,0.25,0.077,KC,13,55,13.75,0,3,0,0,0,0,0,0.33,18.0,0.0,-.--,0.0,0,0,0
2023,655,Anthony Misiewicz,P,NYY,2,0,7.36,11,0,0,0,0,1,11.0,17,11,9,2,0,6,8,2.09,0.354,NYY,55,240,21.82,0,3,1,0,3,0,1,0.41,6.55,4.91,1.33,0.385,0,0,0
2023,655,Adrian Morejon,P,SD,0,0,7.0,8,1,0,0,0,0,9.0,14,7,7,1,0,5,8,2.11,0.368,SD,44,161,17.89,0,1,0,0,1,0,2,1.43,8.0,5.0,1.60,0.448,1,0,0
2023,655,Chris Paddack,P,MIN,1,0,5.4,2,0,0,0,0,0,5.0,6,3,3,1,0,1,8,1.4,0.286,MIN,22,79,15.8,0,0,0,0,1,0,0,0.4,14.4,1.8,8.00,0.417,1,0,0
2023,655,José Quijada,P,LAA,0,1,6.0,10,0,0,0,4,5,9.0,8,7,6,0,2,3,8,1.22,0.222,LAA,41,161,17.89,0,4,5,0,0,0,0,0.54,8.0,3.0,2.67,0.286,0,0,0
2023,665,Domingo Acevedo,P,OAK,0,0,10.61,9,0,0,0,0,2,9.1,16,11,11,2,1,2,7,1.93,0.381,OAK,47,175,18.75,0,1,2,1,1,0,0,0.5,6.75,1.93,3.50,0.4,2,0,0
2023,665,Tejay Antone,P,CIN,0,0,1.59,5,1,0,0,0,0,5.2,3,1,1,0,0,2,7,0.88,0.158,CIN,21,90,15.88,0,0,1,0,0,0,1,8.0,11.12,3.18,3.50,0.25,0,0,0
2023,665,Archie Bradley,P,MIA,0,0,11.05,4,0,0,0,0,0,7.1,13,10,9,2,1,3,7,2.18,0.371,MIA,39,149,20.32,0,2,0,0,1,0,0,0.67,8.59,3.68,2.33,0.423,1,1,0
2023,665,J.B. Bukauskas,P,MIL,0,0,1.29,6,0,0,0,0,1,7.0,6,2,1,0,1,3,7,1.29,0.231,MIL,30,101,14.43,0,2,0,1,1,0,1,12.0,9.0,3.86,2.33,0.316,1,0,0
2023,665,Diego Castillo,P,SEA,0,0,6.23,8,0,0,0,0,0,8.2,7,6,6,2,1,7,7,1.62,0.212,SEA,41,162,18.69,0,1,1,0,0,0,0,1.38,7.27,7.27,1.00,0.208,0,0,0
2023,665,Jake Cousins,P,MIL,0,0,4.82,9,0,0,0,0,0,9.1,10,5,5,1,0,10,7,2.14,0.286,MIL,45,202,21.64,0,4,0,0,2,0,1,2.6,6.75,9.64,0.70,0.333,0,1,1
2023,665,Chase De Jong,P,PIT,0,0,13.5,6,0,0,0,0,0,11.1,18,17,17,6,2,6,7,2.12,0.367,PIT,60,225,19.85,0,2,0,0,1,0,1,0.42,5.56,4.76,1.17,0.308,0,0,0
2023,665,Joey Estes,P,OAK,0,1,7.2,2,2,0,0,0,0,10.0,12,9,8,4,3,2,7,1.4,0.286,OAK,47,165,16.5,0,0,0,1,1,0,2,0.64,6.3,1.8,3.50,0.258,1,0,0
2023,665,Bryan Hudson,P,LAD,0,0,7.27,6,0,0,0,0,0,8.2,12,7,7,1,1,4,7,1.85,0.316,LAD,44,164,18.92,0,5,0,0,0,0,0,2.33,7.27,4.15,1.75,0.355,0,0,0
2023,665,Kolton Ingram,P,LAA,0,0,8.44,5,0,0,0,0,0,5.1,8,7,5,2,0,5,7,2.44,0.333,LAA,30,100,18.75,0,2,0,0,0,0,0,0.43,11.81,8.44,1.40,0.375,0,0,0
2023,665,Evan Justice,P,COL,0,0,8.59,9,0,0,0,0,0,7.1,14,7,7,0,1,8,7,3.0,0.438,COL,42,169,23.05,0,1,0,0,2,0,2,2.0,8.59,9.82,0.88,0.56,2,0,0
2023,665,Adam Kolarek,P,NYM,0,0,0.0,5,0,0,0,0,0,6.0,2,0,0,0,1,1,7,0.5,0.105,NYM,22,83,13.83,0,0,0,0,0,0,0,2.67,10.5,1.5,7.0,0.167,1,0,0
2023,665,Easton Lucas,P,OAK,0,0,8.1,6,0,0,0,0,0,6.2,10,6,6,1,0,4,7,2.1,0.323,OAK,35,148,22.2,0,1,0,1,2,0,0,0.56,9.45,5.4,1.75,0.391,1,0,0
2023,665,José Marte,P,LAA,0,0,8.68,10,0,0,0,0,1,9.1,14,10,9,3,0,7,7,2.25,0.359,LAA,48,173,18.54,0,0,1,0,1,0,2,0.54,6.75,6.75,1.0,0.355,3,0,0
2023,665,James Naile,P,STL,0,0,8.8,10,0,0,0,0,0,15.1,27,19,15,1,0,9,7,2.35,0.38,STL,80,308,20.09,0,6,1,0,0,0,2,1.85,4.11,5.28,0.78,0.413,0,0,0
2023,665,Kyle Nicolas,P,PIT,0,0,11.81,4,0,0,0,0,0,5.1,7,7,7,1,1,4,7,2.06,0.333,PIT,26,111,20.81,0,0,1,0,1,0,1,1.33,11.81,6.75,1.75,0.462,0,0,0
2023,665,Spencer Patton,P,OAK,0,0,5.11,12,0,0,0,0,0,12.1,13,7,7,3,0,6,7,1.54,0.277,OAK,55,205,16.62,0,5,3,1,0,0,0,0.32,5.11,4.38,1.17,0.256,1,1,0
2023,665,Carlos Vargas,P,AZ,0,0,5.79,5,0,0,0,0,0,4.2,5,3,3,2,1,4,7,1.93,0.294,AZ,22,81,17.36,0,3,0,0,0,0,2,4.0,13.5,7.71,1.75,0.375,0,0,0
2023,665,Ryan Weber,P,NYY,1,0,3.14,8,0,0,0,1,1,14.1,17,5,5,2,1,1,7,1.26,0.298,NYY,60,182,12.7,0,4,1,0,0,0,2,1.13,4.4,0.63,7.0,0.306,3,0,0
2023,684,Anthony Banda,P,WSH,0,0,6.43,10,0,0,0,0,0,7.0,9,5,5,1,1,5,6,2.0,0.321,WSH,35,160,22.86,0,5,0,0,1,0,0,1.0,7.71,6.43,1.2,0.364,0,0,0
2023,684,Joe Barlow,P,TEX,1,1,4.66,13,0,0,0,0,0,9.2,13,5,5,2,0,2,6,1.55,0.31,TEX,44,147,15.21,0,4,0,0,0,0,0,0.44,5.59,1.86,3.0,0.324,1,0,0
2023,684,Silvino Bracho,P,CIN,0,0,3.68,5,0,0,0,0,0,7.1,5,3,3,0,0,6,6,1.5,0.2,CIN,31,126,17.18,0,2,0,0,0,0,1,0.27,7.36,7.36,1.0,0.263,1,0,0
2023,684,Sam Coonrod,P,NYM,0,0,9.45,10,0,0,0,0,0,6.2,5,7,7,0,2,8,6,1.95,0.208,NYM,34,147,22.05,0,2,1,0,1,0,0,1.6,8.1,10.8,0.75,0.278,1,0,0
2023,684,Carson Fulmer,P,LAA,1,1,2.7,3,1,0,0,0,0,10.0,6,3,3,1,1,4,6,1.0,0.176,LAA,39,157,15.7,0,1,0,0,1,1,1,1.44,5.4,3.6,1.5,0.185,1,0,1
2023,684,Emerson Hancock,P,SEA,0,0,4.5,3,3,0,0,0,0,12.0,13,6,6,1,0,3,6,1.33,0.283,SEA,49,194,16.17,0,0,0,0,0,0,2,0.8,4.5,2.25,2.0,0.308,4,1,0
2023,684,Daysbel Hernández,P,ATL,1,0,7.36,4,0,0,0,0,0,3.2,6,3,3,1,0,3,6,2.45,0.353,ATL,20,83,22.64,0,2,0,0,0,0,0,0.25,14.73,7.36,2.0,0.5,1,0,0
2023,684,Zack Kelly,P,BOS,0,0,3.86,8,0,0,0,0,0,9.1,7,4,4,0,2,8,6,1.61,0.219,BOS,43,181,19.39,0,2,0,0,1,0,0,2.17,5.79,7.71,0.75,0.269,2,0,0
2023,684,Orion Kerkering,P,PHI,1,0,3.0,3,0,0,0,0,0,3.0,3,1,1,0,0,2,6,1.67,0.25,PHI,14,60,20.0,0,0,1,0,0,0,0,3.0,18.0,6.0,3.0,0.5,0,0,0
2023,684,Brooks Kriske,P,KC,0,0,4.05,4,0,0,0,0,0,6.2,3,3,3,2,0,4,6,1.05,0.15,KC,25,92,13.8,0,2,0,0,0,0,0,0.33,8.1,5.4,1.5,0.077,1,2,0
2023,684,Jonathan Loáisiga,P,NYY,0,2,3.06,17,0,0,0,0,0,17.2,14,7,6,2,2,1,6,0.85,0.219,NYY,69,236,13.36,0,4,5,1,0,0,1,1.56,3.06,0.51,6.0,0.207,1,0,0
2023,684,Nicholas Padilla,P,CWS,0,1,5.79,3,0,0,0,0,0,4.2,9,3,3,1,0,1,6,2.14,0.409,CWS,23,100,21.43,0,0,0,0,0,0,0,0.4,11.57,1.93,6.0,0.533,0,0,0
2023,684,Drew Rucinski,P,OAK,0,4,9.0,4,4,0,0,0,0,18.0,27,22,18,5,1,14,6,2.28,0.346,OAK,95,350,19.44,0,0,0,0,0,0,2,1.24,3.0,7.0,0.43,0.319,0,1,0
2023,684,Andrew Saalfrank,P,AZ,0,0,0.0,10,0,0,0,0,0,10.1,7,2,0,0,0,4,6,1.06,0.189,AZ,41,156,15.1,0,0,3,1,0,0,2,3.8,5.23,3.48,1.5,0.226,2,0,0
2023,684,Ethan Small,P,MIL,0,0,11.25,2,0,0,0,1,1,4.0,9,5,5,1,0,2,6,2.75,0.429,MIL,23,93,23.25,0,1,0,0,1,0,0,0.5,13.5,4.5,3.0,0.571,0,0,0
2023,684,Peter Solomon,P,AZ,0,0,12.15,5,0,0,0,0,0,13.1,17,18,18,2,1,11,6,2.1,0.309,AZ,67,236,17.7,0,2,0,0,1,0,1,0.78,4.05,7.43,0.55,0.319,1,0,0
2023,684,Devin Sweet,P,OAK,1,0,10.38,7,0,0,0,0,0,8.2,10,10,10,4,2,6,6,1.85,0.286,OAK,43,166,19.15,0,3,0,0,0,0,1,0.9,6.23,6.23,1.0,0.24,0,0,0
2023,701,Garrett Acton,P,OAK,0,0,12.71,6,0,0,0,0,0,5.2,9,8,8,3,1,5,5,2.47,0.346,OAK,32,124,21.88,0,3,0,2,0,0,0,0.71,7.94,7.94,1.00,0.333,0,0,0
2023,701,Caleb Boushley,P,MIL,1,0,3.86,1,0,0,0,0,1,2.1,1,1,1,1,0,2,5,1.29,0.125,MIL,10,38,16.29,0,1,0,1,1,0,0,1.0,19.29,7.71,2.50,0.0,1,0,0
2023,701,Braden Bristo,P,DET,0,0,2.57,3,0,0,0,1,1,7.0,5,3,2,0,0,4,5,1.29,0.192,DET,30,114,16.29,0,3,0,1,1,0,0,0.45,6.43,5.14,1.25,0.238,1,0,0
2023,701,Zack Burdi,P,TB,0,0,11.25,3,0,0,0,0,0,4.0,6,6,5,0,0,2,5,2.0,0.353,TB,20,75,18.75,0,1,0,0,2,0,0,1.33,11.25,4.5,2.50,0.462,2,0,0
2023,701,Alan Busenitz,P,CIN,0,0,2.57,6,0,0,0,0,0,7.0,8,2,2,0,0,1,5,1.29,0.286,CIN,29,107,15.29,0,5,0,1,0,0,1,0.88,6.43,1.29,5.00,0.348,1,0,0
2023,701,Enmanuel De Jesus,P,MIA,0,0,11.37,2,0,0,0,0,0,6.1,9,8,8,0,3,4,5,2.05,0.333,MIA,34,136,21.47,0,2,0,0,0,0,1,0.86,7.11,5.68,1.25,0.409,1,0,0
2023,701,Nick Hernandez,P,SD,0,0,12.0,2,0,0,0,0,0,3.0,3,4,4,1,2,4,5,2.33,0.25,SD,18,81,27.0,0,0,0,0,0,0,0,1.0,15.0,12.0,1.25,0.333,0,0,0
2023,701,Daniel Hudson,P,LAD,0,0,0.0,3,0,0,0,1,1,3.0,2,0,0,0,0,3,5,1.67,0.182,LAD,14,64,21.33,0,1,1,0,0,0,0,1.0,15.0,9.0,1.67,0.333,0,0,0
2023,701,Alek Jacob,P,SD,0,0,0.0,3,0,0,0,0,0,3.0,0,0,0,0,0,1,5,0.33,0.0,SD,10,47,15.67,0,2,0,0,0,0,0,3.0,15.0,3.0,5.00,0.0,1,0,0
2023,701,Janson Junk,P,MIL,0,1,4.91,2,1,0,0,0,0,7.1,8,5,4,1,0,2,5,1.36,0.267,MIL,33,110,15.0,0,1,0,0,0,0,0,3.25,6.14,2.45,2.50,0.292,0,0,0
2023,701,Caleb Kilian,P,CHC,0,1,16.88,3,1,0,0,0,0,5.1,13,10,10,0,4,2,5,2.81,0.481,CHC,33,130,24.38,0,1,0,0,2,0,2,3.5,8.44,3.38,2.50,0.591,0,0,0
2023,701,Joey Krehbiel,P,BAL,1,0,1.8,6,0,0,0,0,0,5.0,2,1,1,1,0,2,5,0.8,0.118,BAL,19,80,16.0,0,4,0,0,0,0,0,0.43,9.0,3.6,2.50,0.091,1,0,0
2023,701,Jacob Latz,P,TEX,0,0,0.0,3,0,0,0,0,0,6.1,1,0,0,0,0,3,5,0.63,0.053,TEX,22,96,15.16,0,2,0,0,0,0,1,0.63,7.11,4.26,1.67,0.071,0,0,0
2023,701,Zach McAllister,P,NYY,0,0,10.13,7,0,0,0,0,0,5.1,9,7,6,2,1,2,5,2.06,0.346,NYY,29,123,23.06,0,2,2,0,0,0,1,1.4,8.44,3.38,2.50,0.368,1,0,0
2023,701,Packy Naughton,P,STL,0,0,0.0,4,0,0,0,0,0,5.0,2,0,0,0,0,1,5,0.6,0.125,STL,17,68,13.6,0,2,0,0,0,0,1,2.0,9.0,1.8,5.00,0.182,0,0,0
2023,701,Elvin Rodríguez,P,TB,0,0,0.0,1,0,0,0,0,0,3.1,0,0,0,0,0,0,5,0.0,0.0,TB,10,47,14.1,0,1,0,0,0,0,0,0.25,13.5,0.0,-.--,0.0,0,0,0
2023,701,Eduardo Salazar,P,CIN,1,0,8.03,8,0,0,0,0,0,12.1,16,11,11,0,4,5,5,1.7,0.327,CIN,61,239,19.38,0,3,0,0,1,0,0,1.21,3.65,3.65,1.00,0.34,0,0,1
2023,701,Ryan Sherriff,P,BOS,0,0,2.7,5,0,0,0,0,0,6.2,6,2,2,0,1,2,5,1.2,0.24,BOS,29,104,15.6,0,1,1,0,0,0,0,0.5,6.75,2.7,2.50,0.286,2,0,0
2023,701,Juan Then,P,SEA,0,0,4.91,9,0,0,0,0,0,11.0,14,6,6,3,0,2,5,1.45,0.304,SEA,48,167,15.18,0,4,0,0,1,0,1,4.4,4.09,1.64,2.50,0.289,3,0,0
2023,701,Simeon Woods Richardson,P,MIN,0,0,9.64,1,0,0,0,0,0,4.2,7,5,5,1,0,3,5,2.14,0.35,MIN,24,97,20.79,0,0,0,0,0,0,0,1.25,9.64,5.79,1.67,0.429,0,0,0
2023,721,Clayton Andrews,P,MIL,0,1,27.0,4,0,0,0,0,0,3.1,10,11,10,3,0,2,4,3.6,0.5,MIL,22,87,26.1,0,1,1,0,1,0,0,5.0,10.8,5.4,2.00,0.538,0,0,0
2023,721,Kyle Barraclough,P,BOS,1,1,12.91,3,0,0,0,0,0,7.2,14,11,11,3,4,6,4,2.61,0.4,BOS,46,156,20.35,0,2,0,0,0,0,0,1.0,4.7,7.04,0.67,0.379,1,0,0
2023,721,Colten Brewer,P,NYY,0,0,4.32,3,0,0,0,0,0,8.1,6,4,4,3,1,3,4,1.08,0.2,NYY,34,104,12.48,0,1,0,0,1,0,1,2.33,4.32,3.24,1.33,0.13,0,0,0
2023,721,Nick Burdi,P,CHC,0,0,9.0,3,0,0,0,0,0,3.0,3,3,3,0,0,3,4,2.0,0.273,CHC,15,58,19.33,0,2,0,0,1,0,0,0.67,12.0,9.0,1.33,0.375,0,0,0
2023,721,Daniel Castano,P,MIA,0,0,21.0,2,0,0,0,0,0,3.0,7,8,7,2,0,3,4,3.33,0.412,MIA,20,69,23.0,0,1,0,0,0,0,0,1.0,12.0,9.0,1.33,0.455,0,0,0
2023,721,Jhonathan Díaz,P,LAA,0,0,10.29,4,1,0,0,0,0,7.0,13,11,8,0,2,7,4,2.86,0.419,LAA,42,160,22.86,0,2,0,0,0,0,0,1.0,5.14,9.0,0.57,0.448,1,1,1
2023,721,Yoendrys Gómez,P,NYY,0,0,0.0,1,0,0,0,0,0,2.0,1,0,0,0,1,0,4,0.5,0.143,NYY,8,30,15.0,0,1,0,0,0,0,0,1.0,18.0,0.0,-.--,0.333,0,0,0
2023,721,Reiss Knehr,P,SD,0,1,15.88,4,1,0,0,0,0,5.2,10,10,10,3,0,5,4,2.65,0.385,SD,32,123,21.71,0,3,0,0,0,0,0,0.86,6.35,7.94,0.80,0.35,0,0,0
2023,721,Thomas Pannone,P,MIL,0,0,6.75,1,0,0,0,0,0,2.2,5,2,2,0,0,1,4,2.25,0.385,MIL,14,59,22.13,0,0,1,0,2,0,0,0.33,13.5,3.38,4.00,0.556,0,0,0
2023,721,Michael Plassmeyer,P,PHI,0,1,22.09,1,1,0,0,0,0,3.2,8,10,9,3,3,0,4,2.18,0.4,PHI,23,85,23.18,0,0,0,0,0,0,0,0.6,9.82,0.0,-.--,0.385,0,0,0
2023,721,Antonio Senzatela,P,COL,0,1,4.7,2,2,0,0,0,0,7.2,7,4,4,3,0,2,4,1.17,0.25,COL,30,120,15.65,0,0,0,0,0,0,0,1.83,4.7,2.35,2.00,0.19,0,1,0
2023,721,Alex Speas,P,TEX,0,2,13.5,3,0,0,0,0,1,2.0,2,3,3,0,0,5,4,3.5,0.286,TEX,12,65,32.5,0,1,1,1,1,0,0,0.0,18.0,22.5,0.80,0.667,0,1,0
2023,721,Cole Sulser,P,AZ,0,0,6.75,4,0,0,0,0,0,5.1,5,4,4,2,0,3,4,1.5,0.25,AZ,23,84,15.75,0,1,0,0,0,0,0,0.57,6.75,5.06,1.33,0.214,0,0,0
2023,721,Spenser Watkins,P,OAK,0,1,10.38,1,1,0,0,0,0,4.1,7,5,5,2,0,2,4,2.08,0.368,OAK,21,90,20.77,0,0,0,0,0,0,0,0.6,8.31,4.15,2.00,0.385,0,0,0
2023,721,Owen White,P,TEX,0,1,11.25,2,0,0,0,0,0,4.0,5,5,5,2,0,2,4,1.75,0.313,TEX,19,68,17.0,0,1,0,0,0,0,0,1.67,9.0,4.5,2.00,0.3,0,0,0
2023,721,Guillo Zuñiga,P,STL,0,0,4.5,2,0,0,0,0,0,2.0,2,1,1,0,0,0,4,1.0,0.25,STL,8,43,21.5,0,2,0,0,0,0,0,0.0,18.0,0.0,-.--,0.5,0,0,0
2023,737,Prelander Berroa,P,SEA,0,0,0.0,2,0,0,0,0,0,1.2,0,0,0,0,0,3,3,1.8,0.0,SEA,8,41,24.6,0,0,1,0,1,0,0,1.0,16.2,16.2,1.00,0.0,0,0,0
2023,737,Jonathan Bowlan,P,KC,0,1,3.0,2,1,0,0,0,0,3.0,5,1,1,1,0,0,3,1.67,0.357,KC,14,56,18.67,0,1,0,0,0,0,0,0.5,9.0,0.0,-.--,0.4,0,0,0
2023,737,Matt Bowman,P,NYY,0,0,9.0,3,0,0,0,0,0,4.0,6,4,4,1,0,2,3,2.0,0.353,NYY,20,83,20.75,0,1,1,1,1,0,0,1.25,6.75,4.5,1.50,0.357,0,0,0
2023,737,Tyler Duffey,P,CHC,0,0,4.5,1,0,0,0,0,0,2.0,1,1,1,1,0,0,3,0.5,0.143,CHC,7,31,15.5,0,0,0,0,0,0,0,0.0,13.5,0.0,-.--,0.0,0,0,0
2023,737,Paolo Espino,P,WSH,0,0,24.75,3,0,0,0,0,0,4.0,14,11,11,1,0,3,3,4.25,0.583,WSH,28,101,25.25,0,1,0,0,0,0,1,0.6,6.75,6.75,1.00,0.619,0,0,0
2023,737,Jake Faria,P,BOS,0,0,22.5,1,0,0,0,0,0,2.0,4,5,5,0,0,4,3,4.0,0.444,BOS,14,65,32.5,0,1,0,0,0,0,0,0.0,13.5,18.0,0.75,0.571,0,0,0
2023,737,Chi ChiC GonzalezGonzález,P,MIA,0,0,7.36,3,0,0,0,0,0,3.2,7,3,3,1,0,1,3,2.18,0.389,MIA,19,75,20.45,0,2,0,0,0,0,0,3.0,7.36,2.45,3.00,0.429,1,0,0
2023,737,Shane Greene,P,CHC,0,0,0.0,2,0,0,0,0,0,3.0,2,0,0,0,0,2,3,1.33,0.2,CHC,12,42,14.0,0,2,0,0,0,0,1,1.5,9.0,6.0,1.50,0.286,0,0,0
2023,737,Brenan Hanifee,P,DET,0,0,5.4,3,0,0,0,0,0,5.0,8,3,3,1,0,0,3,1.6,0.348,DET,23,89,17.8,0,2,0,0,1,0,0,1.0,5.4,0.0,-.--,0.368,0,0,0
2023,737,Geoff Hartlieb,P,MIA,0,0,2.25,2,0,0,0,0,0,4.0,2,1,1,1,0,3,3,1.25,0.154,MIA,16,66,16.5,0,1,1,0,0,0,1,0.33,6.75,6.75,1.00,0.111,0,0,0
2023,737,Liam Hendriks,P,CWS,2,0,5.4,5,0,0,0,1,1,5.0,4,3,3,1,0,1,3,1.0,0.222,CWS,20,87,17.4,0,3,0,0,0,0,0,2.0,5.4,1.8,3.00,0.2,1,0,0
2023,737,Kyle Hurt,P,LAD,0,0,0.0,1,0,0,0,0,0,2.0,0,0,0,0,0,0,3,0.0,0.0,LAD,6,24,12.0,0,1,0,0,0,0,0,2.0,13.5,0.0,-.--,0.0,0,0,0
2023,737,Matt Krook,P,NYY,0,0,24.75,4,0,0,0,0,0,4.0,8,11,11,1,0,6,3,3.5,0.4,NYY,27,107,26.75,0,1,0,0,1,0,0,1.5,6.75,13.5,0.50,0.412,2,0,0
2023,737,Joel Kuhnel,P,HOU,0,0,5.54,9,0,0,0,0,0,13.0,16,8,8,2,1,5,3,1.62,0.308,HOU,58,195,15.0,0,6,0,1,0,0,3,1.75,2.08,3.46,0.60,0.298,2,0,0
2023,737,Victor Mederos,P,LAA,0,0,9.0,3,0,0,0,0,0,3.0,5,3,3,0,1,3,3,2.67,0.417,LAA,17,66,22.0,0,2,0,0,0,0,1,0.67,9.0,9.0,1.00,0.5,0,0,0
2023,737,Tommy Milone,P,SEA,0,1,2.0,2,2,0,0,0,0,9.0,7,3,2,1,0,6,3,1.44,0.212,SEA,40,163,18.11,0,0,0,0,0,0,1,0.5,3.0,6.0,0.50,0.2,0,0,0
2023,737,Zach Muckenhirn,P,NYM,0,0,6.0,3,0,0,0,0,0,6.0,11,4,4,0,1,2,3,2.17,0.407,NYM,31,95,15.83,0,1,0,0,0,0,1,0.75,4.5,3.0,1.50,0.44,0,0,0
2023,737,Nick Nelson,P,PHI,1,0,1.69,1,0,0,0,0,0,5.1,2,1,1,1,0,2,3,0.75,0.111,PHI,20,69,12.94,0,0,0,0,0,0,0,1.6,5.06,3.38,1.50,0.071,1,0,0
2023,737,Vinny Nittoli,P,NYM,0,0,2.45,3,0,0,0,0,0,3.2,4,1,1,0,1,0,3,1.09,0.286,NYM,15,54,14.73,0,3,0,0,0,1,0,0.17,7.36,0.0,-.--,0.364,0,1,0
2023,737,Wes Parsons,P,TOR,0,1,20.25,1,1,0,0,0,0,4.0,10,9,9,2,1,3,3,3.25,0.455,TOR,26,89,22.25,0,0,0,0,2,0,0,0.5,6.75,6.75,1.00,0.471,1,0,0
2023,737,Robbie Ray,P,SEA,0,1,8.1,1,1,0,0,0,0,3.1,4,5,3,0,0,5,3,2.7,0.308,SEA,19,91,27.3,0,0,0,0,1,0,0,0.75,8.1,13.5,0.60,0.364,2,0,0
2023,737,Edwin Uceta,P,NYM,0,0,0.0,1,0,0,0,0,0,3.0,0,0,0,0,1,2,3,0.67,0.0,NYM,11,51,17.0,0,1,0,0,0,0,0,0.67,9.0,6.0,1.50,0.0,0,1,0
2023,759,Fernando Abad,P,COL,1,0,4.26,6,0,0,0,0,0,6.1,11,3,3,2,0,3,2,2.21,0.379,COL,32,141,22.26,0,2,0,0,0,0,2,0.6,2.84,4.26,0.67,0.36,1,0,0
2023,759,Alex Colomé,P,CWS,0,1,6.0,4,0,0,0,0,1,3.0,2,4,2,1,0,3,2,1.67,0.167,CWS,15,62,20.67,0,2,0,0,0,1,1,8.0,6.0,9.0,0.67,0.111,0,0,0
2023,759,Tyler Cyr,P,LAD,0,0,0.0,2,0,0,0,0,0,1.2,1,0,0,0,0,0,2,0.6,0.167,LAD,6,26,15.6,0,2,0,0,0,0,0,2.0,10.8,0.0,-.--,0.25,0,0,0
2023,759,Jose Espada,P,SD,0,0,0.0,1,0,0,0,0,0,1.0,0,0,0,0,0,2,2,2.0,0.0,SD,5,25,25.0,0,1,0,0,0,0,0,1.0,18.0,18.0,1.00,0.0,0,0,0
2023,759,Mychal Givens,P,BAL,0,1,11.25,6,0,0,0,0,1,4.0,4,6,5,0,1,6,2,2.5,0.286,BAL,22,89,22.25,0,0,1,1,1,0,1,1.25,4.5,13.5,0.33,0.308,1,0,0
2023,759,Heath Hembree,P,TB,0,0,0.0,1,0,0,0,0,0,1.1,0,0,0,0,0,1,2,0.75,0.0,TB,4,18,13.5,0,0,0,0,0,0,1,1.0,13.5,6.75,2.00,0.0,0,0,0
2023,759,Spencer Howard,P,TEX,0,0,10.8,3,0,0,0,0,0,3.1,4,4,4,1,1,3,2,2.1,0.286,TEX,18,80,24.0,0,2,0,0,0,0,0,0.6,5.4,8.1,0.67,0.273,2,0,0
2023,759,Kyle Leahy,P,STL,0,1,21.6,3,0,0,0,0,1,1.2,4,4,4,1,1,5,2,5.4,0.444,STL,15,58,34.8,0,0,0,0,0,0,0,0.5,10.8,27.0,0.40,0.5,0,0,0
2023,759,José Lopez,P,TB,0,0,4.5,1,0,0,0,0,0,2.0,3,1,1,0,0,1,2,2.0,0.333,TB,10,51,25.5,0,0,0,0,0,0,0,0.33,9.0,4.5,2.00,0.429,0,0,0
2023,759,Michael Mariot,P,CIN,0,0,3.38,1,0,0,0,0,0,2.2,4,1,1,1,0,1,2,1.88,0.333,CIN,13,41,15.38,0,0,0,0,0,0,0,1.0,6.75,3.38,2.00,0.333,0,0,0
2023,759,T.J. McFarland,P,NYM,0,1,5.4,3,0,0,0,0,0,1.2,4,2,1,0,1,1,2,3.0,0.444,NYM,11,51,30.6,0,1,0,0,0,0,0,3.0,10.8,5.4,2.00,0.571,0,0,0
2023,759,Easton McGee,P,SEA,0,0,0.0,1,1,0,0,0,0,6.2,1,0,0,0,0,1,2,0.3,0.048,SEA,22,64,9.6,1,0,0,0,0,0,0,1.0,2.7,1.35,2.00,0.053,0,0,0
2023,759,McKinley Moore,P,PHI,0,0,18.9,3,0,0,0,0,0,3.1,5,7,7,1,2,5,2,3.0,0.357,PHI,21,86,25.8,0,0,0,0,0,0,1,1.33,5.4,13.5,0.40,0.364,0,0,0
2023,759,Reyes Moronta,P,LAA,0,0,6.75,2,0,0,0,0,0,1.1,4,1,1,1,0,3,2,5.25,0.5,LAA,11,48,36.0,0,0,0,0,1,0,0,1.0,13.5,20.25,0.67,0.6,0,0,0
2023,759,Sean Nolin,P,MIA,0,0,18.0,1,0,0,0,0,0,3.0,7,6,6,2,0,2,2,3.0,0.438,MIA,18,62,20.67,0,1,0,0,0,0,0,0.75,6.0,6.0,1.00,0.417,0,0,0
2023,759,Konnor Pilkington,P,CLE,0,0,0.0,1,0,0,0,0,0,2.0,1,0,0,0,0,1,2,1.0,0.143,CLE,8,40,20.0,0,1,0,0,0,0,0,0.33,9.0,4.5,2.00,0.2,1,0,0
2023,759,Ryder Ryan,P,SEA,0,0,0.0,1,0,0,0,0,0,1.0,0,0,0,0,0,1,2,1.0,0.0,SEA,4,13,13.0,0,0,0,0,0,0,0,0.0,18.0,9.0,2.00,0.0,0,0,0
2023,759,Yacksel Ríos,P,OAK,0,0,37.8,3,0,0,0,0,0,1.2,3,7,7,1,0,6,2,5.4,0.375,OAK,14,62,37.2,0,2,0,0,2,0,0,0.50,10.8,32.4,0.33,0.4,0,0,0
2023,759,Thyago Vieira,P,MIL,0,1,0.0,2,0,0,0,0,0,3.0,0,1,0,0,0,1,2,0.33,0.0,MIL,10,36,12.0,0,2,0,0,0,0,0,0.17,6.0,3.0,2.00,0.0,1,0,0
2023,759,Cole Waites,P,SF,0,0,15.43,3,0,0,0,0,0,2.1,6,5,4,0,0,2,2,3.43,0.462,SF,15,65,27.86,0,2,0,0,0,0,0,1.50,7.71,7.71,1.00,0.545,2,0,0
2023,759,Austin Warren,P,LAA,1,0,5.4,2,0,0,0,0,0,1.2,2,1,1,1,0,0,2,1.2,0.333,LAA,6,23,13.8,0,1,0,0,0,0,0,0.00,10.8,0.0,-.--,0.333,0,0,0
2023,780,Hanser Alberto,3B,CWS,0,0,21.6,2,0,0,0,0,0,1.2,6,4,4,1,0,1,1,4.2,0.545,CWS,12,33,19.8,0,2,0,0,0,0,0,0.33,5.4,5.4,1.00,0.556,0,0,0
2023,780,Matt Beaty,1B,SF,0,0,27.0,1,0,0,0,0,0,1.0,3,3,3,0,0,1,1,4.0,0.5,SF,7,22,22.0,0,1,0,0,0,0,0,1.00,9.0,9.0,1.00,0.6,0,0,0
2023,780,Alec Burleson,1B,STL,0,0,21.6,2,0,0,0,0,0,1.2,8,4,4,1,0,0,1,4.8,0.615,STL,13,45,27.0,0,2,0,0,0,0,0,0.33,5.4,0.0,-.--,0.636,0,0,0
2023,780,Kody Clemens,2B,PHI,0,0,3.38,4,0,0,0,0,0,2.2,4,1,1,0,0,3,1,2.63,0.333,PHI,15,41,15.38,0,4,0,0,0,0,0,0.75,3.38,10.13,0.33,0.364,0,0,0
2023,780,Kelvin Cáceres,P,LAA,0,0,6.75,2,0,0,0,0,0,1.1,2,1,1,0,0,2,1,3.0,0.4,LAA,8,36,27.0,0,2,0,0,1,0,0,2.00,6.75,13.5,0.50,0.5,0,0,0
2023,780,Matt Dermody,P,BOS,0,1,6.75,1,1,0,0,0,0,4.0,4,3,3,2,1,1,1,1.25,0.267,BOS,17,76,19.0,0,0,0,0,0,0,1,1.00,2.25,2.25,1.00,0.167,0,0,0
2023,780,Nate Eaton,3B,KC,0,0,0.0,1,0,0,0,0,0,1.0,2,0,0,0,0,0,1,2.0,0.4,KC,5,22,22.0,0,1,0,0,0,0,0,1.00,9.0,0.0,-.--,0.5,0,0,0
2023,780,Austin Hedges,C,TEX,0,0,4.91,4,0,0,0,0,0,3.2,5,2,2,1,1,0,1,1.36,0.333,TEX,16,51,13.91,0,4,0,0,0,0,1,0.13,2.45,0.0,-.--,0.308,0,0,0
2023,780,Carson Kelly,C,DET,0,0,10.13,3,0,0,0,0,0,2.2,9,3,3,1,0,1,1,3.75,0.529,DET,18,52,19.5,0,2,0,0,0,0,0,0.75,3.38,3.38,1.00,0.533,0,0,0
2023,780,Isiah Kiner-Falefa,SS,NYY,0,0,2.25,4,0,0,0,0,0,4.0,4,1,1,0,0,0,1,1.0,0.25,NYY,16,51,12.75,0,4,0,0,0,0,0,0.22,2.25,0.0,-.--,0.267,0,0,0
2023,780,Josh Lester,1B,BAL,0,0,0.0,1,0,0,0,0,0,1.0,1,0,0,0,0,1,1,2.0,0.25,BAL,5,18,18.0,0,1,0,0,0,0,0,0.00,9.0,9.0,1.00,0.333,0,0,0
2023,780,Jeff Lindgren,P,MIA,0,0,5.14,3,0,0,0,0,0,7.0,4,4,4,0,0,4,1,1.14,0.167,MIA,28,97,13.86,0,1,0,0,0,0,1,0.36,1.29,5.14,0.25,0.174,0,0,0
2023,780,Frankie Montas,P,NYY,1,0,0.0,1,0,0,0,0,0,1.1,2,0,0,0,0,1,1,2.25,0.333,NYY,7,26,19.5,0,0,0,0,0,0,0,3.00,6.75,6.75,1.00,0.4,0,1,0
2023,780,Jace Peterson,2B,OAK,0,0,9.0,2,0,0,0,0,0,2.0,3,2,2,1,0,3,1,3.0,0.333,OAK,12,43,21.5,0,2,0,0,0,0,0,0.00,4.5,13.5,0.33,0.286,0,0,0
2023,780,Tanner Rainey,P,WSH,0,0,0.0,1,0,0,0,0,0,1.0,1,0,0,0,0,1,1,2.0,0.25,WSH,5,18,18.0,0,1,0,0,1,0,0,0.00,9.0,9.0,1.00,0.333,0,0,0
2023,780,Luke Raley,RF,TB,0,0,30.38,2,0,0,0,0,0,2.2,11,9,9,2,0,0,1,4.13,0.579,TB,19,41,15.38,0,1,0,0,0,0,0,0.75,3.38,0.0,-.--,0.563,0,0,0
2023,780,Jake Reed,P,LAD,0,0,81.0,1,0,0,0,0,0,0.2,5,6,6,1,0,1,1,9.0,0.833,LAD,7,29,43.5,0,0,0,0,0,0,0,-.--,13.5,13.5,1.00,1.0,0,1,0
2023,780,Dereck Rodríguez,P,ATL,0,0,15.19,4,0,0,0,0,0,5.1,9,9,9,2,0,5,1,2.63,0.375,ATL,30,97,18.19,0,3,0,0,1,0,0,0.67,1.69,8.44,0.20,0.318,0,0,0
2023,780,José Rodríguez,P,SEA,0,0,9.0,1,0,0,0,0,0,3.0,3,3,3,0,0,1,1,1.33,0.273,SEA,12,48,16.0,0,1,0,0,0,0,0,1.33,3.0,3.0,1.00,0.3,0,1,0
2023,780,Josh Rojas,3B,AZ,0,0,18.0,2,0,0,0,0,0,2.0,6,4,4,0,0,1,1,3.5,0.5,AZ,13,36,18.0,0,2,0,0,0,0,0,0.25,4.5,4.5,1.00,0.545,0,0,0
2023,780,Tony Santillan,P,CIN,1,0,2.7,3,0,0,0,0,0,3.1,4,1,1,0,0,5,1,2.7,0.308,CIN,18,59,17.7,0,1,0,1,0,0,1,0.60,2.7,13.5,0.20,0.333,0,0,0
2023,780,Jonathan Schoop,2B,DET,0,0,0.0,1,0,0,0,0,0,1.1,1,0,0,0,0,0,1,0.75,0.2,DET,5,17,12.75,0,1,0,0,0,0,0,0.50,6.75,0.0,-.--,0.25,0,0,0
2023,780,Zack Short,SS,DET,0,0,6.0,6,0,0,0,0,0,6.0,12,4,4,0,1,1,1,2.17,0.4,DET,32,100,16.67,0,6,0,0,0,0,0,0.21,1.5,1.5,1.00,0.414,0,0,0
2023,780,Jacob Stallings,C,MIA,0,0,4.5,7,0,0,0,0,0,8.0,12,4,4,1,2,0,1,1.5,0.364,MIA,36,92,11.5,0,7,0,0,0,0,2,0.75,1.13,0.0,-.--,0.344,0,0,0
2023,780,Rowdy Tellez,1B,MIL,0,0,0.0,1,0,0,0,0,0,1.0,1,0,0,0,0,0,1,1.0,0.25,MIL,4,13,13.0,0,1,0,0,0,0,0,0.00,9.0,0.0,-.--,0.333,0,0,0
2023,780,Lane Thomas,CF,WSH,0,0,27.0,1,0,0,0,0,0,1.0,3,3,3,1,0,0,1,3.0,0.5,WSH,6,21,21.0,0,1,0,0,0,0,0,1.00,9.0,0.0,-.--,0.5,0,0,0
2023,780,Alan Trejo,SS,COL,0,0,13.5,2,0,0,0,0,0,2.0,4,3,3,2,0,0,1,2.0,0.444,COL,10,25,12.5,0,2,0,0,0,0,0,0.25,4.5,0.0,-.--,0.286,0,0,0
2023,780,Erich Uelmen,P,PHI,0,0,36.0,1,0,0,0,0,0,1.0,3,4,4,0,0,2,1,5.0,0.6,PHI,8,33,33.0,0,0,0,0,0,0,0,1.00,9.0,18.0,0.50,0.6,2,0,0
2023,780,Chris Vallimont,P,BAL,0,0,0.0,1,0,0,0,0,0,0.2,1,0,0,0,0,0,1,1.5,0.5,BAL,2,11,16.5,0,1,0,0,0,0,0,-.--,13.5,0.0,-.--,1.0,0,0,0
2023,780,Anthony Veneziano,P,KC,0,0,0.0,2,0,0,0,0,1,2.1,2,2,0,0,0,2,1,1.71,0.2,KC,12,55,23.57,0,1,0,0,0,0,0,0.40,3.86,7.71,0.50,0.222,0,0,0
2023,780,Jackson Wolf,P,SD,1,0,5.4,1,1,0,0,0,0,5.0,6,3,3,0,0,1,1,1.4,0.286,SD,22,75,15.0,0,0,0,0,0,0,0,1.80,1.8,1.8,1.00,0.3,0,0,0
2023,811,Tucker Barnhart,C,CHC,0,0,2.25,4,0,0,0,0,0,4.0,7,1,1,0,0,0,0,1.75,0.368,CHC,19,42,10.5,0,4,0,0,0,0,0,1.40,0.0,0.0,-.--,0.368,0,0,0
2023,811,Christian Bethancourt,1B,TB,0,0,81.0,1,0,0,0,0,0,0.1,3,3,3,1,0,0,0,9.0,0.75,TB,4,10,30.0,0,1,0,0,0,0,0,0.00,0.0,0.0,-.--,0.667,0,0,0
2023,811,Mike Brosseau,3B,MIL,0,0,3.86,3,0,0,0,0,0,2.1,1,1,1,1,0,1,0,0.86,0.125,MIL,9,30,12.86,0,3,0,0,0,0,0,1.33,0.0,3.86,0.00,0.0,0,0,0
2023,811,Blair Calvo,P,COL,0,0,0.0,1,0,0,0,0,0,1.0,0,0,0,0,0,0,0,0.0,0.0,COL,3,11,11.0,0,1,0,0,0,0,0,2.00,0.0,0.0,-.--,0.0,0,0,0
2023,811,José Castillo,P,SD,0,0,108.0,1,0,0,0,0,0,0.1,2,4,4,0,1,2,0,12.0,1.0,SD,6,23,69.0,0,0,0,0,0,0,0,0.00,0.0,54.0,0.00,0.667,0,0,0
2023,811,Harold Castro,2B,COL,0,0,9.0,2,0,0,0,0,0,2.0,4,2,2,0,1,1,0,2.5,0.444,COL,11,29,14.5,0,2,0,0,0,0,1,0.67,0.0,4.5,0.00,0.444,0,0,0
2023,811,Willi Castro,LF,MIN,0,0,11.57,3,0,0,0,0,0,2.1,3,3,3,0,0,2,0,2.14,0.375,MIN,11,36,15.43,0,3,0,0,0,0,1,1.00,0.0,7.71,0.00,0.333,0,0,0
2023,811,Alex Claudio,P,MIL,0,0,0.0,1,0,0,0,0,0,0.1,2,0,0,0,0,0,0,6.0,0.667,MIL,3,4,12.0,0,0,0,0,0,0,0,0.00,0.0,0.0,-.--,0.667,0,0,0
2023,811,Ernie Clement,3B,TOR,0,0,9.0,1,0,0,0,0,0,1.0,3,1,1,0,1,0,0,3.0,0.5,TOR,7,20,20.0,0,1,0,0,0,0,0,2.00,0.0,0.0,-.--,0.5,0,0,0
2023,811,Brandon Crawford,SS,SF,0,0,0.0,1,0,0,0,0,0,1.0,1,0,0,0,0,1,0,2.0,0.25,SF,5,20,20.0,0,1,0,0,0,0,0,0.50,0.0,9.0,0.00,0.25,0,0,0
2023,811,Hagen Danner,P,TOR,0,0,0.0,1,0,0,0,0,0,0.1,0,0,0,0,0,0,0,0.0,0.0,TOR,1,7,21.0,0,0,0,0,0,0,0,0.00,0.0,0.0,-.--,0.0,0,0,0
2023,811,Brandon Dixon,3B,SD,0,0,0.0,1,0,0,0,0,0,1.0,0,0,0,0,0,0,0,0.0,0.0,SD,3,7,7.0,0,1,0,0,0,0,0,0.50,0.0,0.0,-.--,0.0,0,0,0
2023,811,Josh Donaldson,3B,NYY,0,0,0.0,1,0,0,0,0,0,1.0,0,0,0,0,0,0,0,0.0,0.0,NYY,3,11,11.0,0,1,0,0,0,0,0,0.50,0.0,0.0,-.--,0.0,0,0,0
2023,811,Matt Duffy,3B,KC,0,0,4.5,2,0,0,0,0,0,2.0,3,1,1,1,1,0,0,1.5,0.333,KC,10,29,14.5,0,2,0,0,0,0,0,0.00,0.0,0.0,-.--,0.25,0,0,0
2023,811,Eduardo Escobar,3B,LAA,0,0,2.45,3,0,0,0,0,0,3.2,2,2,1,0,1,1,0,0.82,0.154,LAA,16,44,12.0,0,3,0,0,0,0,0,2.00,0.0,2.45,0.00,0.143,0,0,0
2023,811,Mike Ford,1B,SEA,0,0,18.0,2,0,0,0,0,0,2.0,5,4,4,2,0,1,0,3.0,0.455,SEA,12,42,21.0,0,2,0,0,0,0,0,1.0,0.0,4.5,0.00,0.333,0,0,0
2023,811,David Fry,1B,CLE,0,0,12.6,2,0,0,0,0,0,5.0,10,7,7,3,0,1,0,2.2,0.4,CLE,26,72,14.4,0,2,0,0,0,0,0,0.36,0.0,1.8,0.00,0.318,0,0,0
2023,811,Luis Guillorme,3B,NYM,0,0,0.0,1,0,0,0,0,0,1.0,1,0,0,0,0,0,0,1.0,0.25,NYM,4,12,12.0,0,1,0,0,0,0,0,0.0,0.0,0.0,-.--,0.25,0,0,0
2023,811,Josh Harrison,2B,PHI,0,0,27.0,2,0,0,0,0,0,1.2,8,5,5,0,0,2,0,6.0,0.727,PHI,15,44,26.4,0,2,0,0,0,0,0,0.25,0.0,10.8,0.00,0.615,0,0,0
2023,811,Yonny Hernández,SS,LAD,0,0,0.0,1,0,0,0,0,0,1.0,1,0,0,0,0,0,0,1.0,0.25,LAD,4,10,10.0,0,1,0,0,0,0,0,0.5,0.0,0.0,-.--,0.25,0,0,0
2023,811,Jose Herrera,C,AZ,0,0,9.0,2,0,0,0,0,0,2.0,4,2,2,0,0,0,0,2.0,0.4,AZ,10,38,19.0,0,2,0,0,0,0,0,0.5,0.0,0.0,-.--,0.4,0,0,0
2023,811,Ricky Karcher,P,CIN,0,0,0.0,1,0,0,0,1,1,1.0,0,0,0,0,0,1,0,1.0,0.0,CIN,4,21,21.0,0,1,0,0,0,0,0,0.0,0.0,9.0,0.00,0.0,2,0,0
2023,811,Jake Lamb,1B,LAA,0,0,0.0,1,0,0,0,0,0,1.0,1,0,0,0,0,0,0,1.0,0.25,LAA,4,8,8.0,0,1,0,0,0,0,0,0.0,0.0,0.0,-.--,0.25,0,0,0
2023,811,Sandy León,C,TEX,0,0,18.0,1,0,0,0,0,0,1.0,1,2,2,1,1,0,0,1.0,0.25,TEX,5,18,18.0,0,1,0,0,0,0,0,0.0,0.0,0.0,-.--,0.0,0,0,0
2023,811,Nicky Lopez,3B,ATL,0,0,7.71,2,0,0,0,0,0,2.1,4,2,2,1,0,2,0,2.57,0.364,ATL,13,42,18.0,0,2,0,0,0,0,0,0.4,0.0,7.71,0.00,0.3,0,0,0
2023,811,Jordan Luplow,LF,MIN,0,1,13.5,2,0,0,0,0,0,1.1,1,3,2,1,1,0,0,0.75,0.2,MIN,6,14,10.5,0,2,0,0,1,0,0,0.33,0.0,0.0,-.--,0.0,1,0,0
2023,811,Bligh Madris,OF,HOU,0,0,9.0,1,0,0,0,0,0,1.0,1,1,1,1,0,1,0,2.0,0.333,HOU,4,11,11.0,0,1,0,0,0,0,1,1.0,0.0,9.0,0.00,0.0,0,0,0
2023,811,Luke Maile,C,CIN,0,0,16.62,4,0,0,0,0,0,4.1,12,8,8,4,0,0,0,2.77,0.5,CIN,25,80,18.46,0,4,0,0,0,0,0,0.08,0.0,0.0,-.--,0.381,0,0,0
2023,811,Martín Maldonado,C,HOU,0,0,36.0,1,0,0,0,0,0,1.0,5,4,4,1,1,1,0,6.0,0.714,HOU,10,30,30.0,0,1,0,0,0,0,0,0.5,0.0,9.0,0.00,0.571,0,0,0
2023,811,Miles Mastrobuoni,3B,CHC,0,0,108.0,1,0,0,0,0,0,0.1,4,4,4,1,0,0,0,12.0,0.8,CHC,5,17,51.0,0,1,0,0,0,0,0,0.0,0.0,0.0,-.--,0.75,0,0,0
2023,811,James McCann,C,BAL,0,0,0.0,1,0,0,0,0,0,1.0,2,0,0,0,0,0,0,2.0,0.4,BAL,5,14,14.0,0,1,0,0,0,0,0,3.0,0.0,0.0,-.--,0.4,0,0,0
2023,811,Ryan McKenna,CF,BAL,0,0,18.0,1,0,0,0,0,0,1.0,4,2,2,0,0,0,0,4.0,0.667,BAL,6,18,18.0,0,1,0,0,0,0,1,2.0,0.0,0.0,-.--,0.667,0,0,0
2023,811,Zach McKinstry,3B,DET,0,0,18.0,1,0,0,0,0,0,1.0,3,2,2,1,0,0,0,3.0,0.5,DET,6,22,22.0,0,1,0,0,0,0,0,2.0,0.0,0.0,-.--,0.4,0,0,0
2023,811,Danny Mendick,SS,NYM,0,0,36.0,2,0,0,0,0,0,2.0,9,8,8,2,0,0,0,4.5,0.6,NYM,15,38,19.0,0,2,0,0,0,0,0,0.0,0.0,0.0,-.--,0.538,0,0,0
2023,811,Brad Miller,SS,TEX,0,0,13.5,1,0,0,0,0,0,2.0,2,3,3,1,0,2,0,2.0,0.333,TEX,9,39,19.5,0,1,0,0,0,0,1,0.67,0.0,9.0,0.00,0.167,0,0,0
2023,811,Alec Mills,P,CIN,0,0,18.0,1,0,0,0,0,0,1.0,4,5,2,1,1,1,0,5.0,0.5,CIN,10,40,40.0,0,0,0,0,1,0,0,3.0,0.0,9.0,0.00,0.429,0,0,0
2023,811,Chris Owings,SS,PIT,0,0,0.0,1,0,0,0,0,0,1.0,2,0,0,0,0,0,0,2.0,0.333,PIT,6,9,9.0,0,1,0,0,0,0,0,0.33,0.0,0.0,-.--,0.333,0,0,0
2023,811,Hector Perez,P,TB,0,0,27.0,1,0,0,0,0,0,0.1,3,1,1,0,0,1,0,12.0,0.75,TB,5,17,51.0,0,0,0,0,0,0,0,1.0,0.0,27.0,0.00,0.75,0,0,0
2023,811,Brett Phillips,P,LAA,0,0,0.0,1,0,0,0,0,0,0.1,1,0,0,0,0,1,0,6.0,0.5,LAA,3,7,21.0,0,1,0,0,0,0,0,0.0,0.0,27.0,0.00,0.5,0,0,0
2023,811,Riley Pint,P,COL,0,0,27.0,1,0,0,0,0,0,0.1,1,1,1,0,0,3,0,12.0,0.5,COL,5,20,60.0,0,0,0,0,0,0,0,1.0,0.0,81.0,0.00,0.5,0,0,0
2023,811,René Pinto,C,TB,0,0,45.0,1,0,0,0,0,0,1.0,5,5,5,3,0,0,0,5.0,0.625,TB,8,26,26.0,0,0,0,0,0,0,0,0.0,0.0,0.0,-.--,0.4,0,0,0
2023,811,Carlos Pérez,C,OAK,0,0,10.8,2,0,0,0,0,0,1.2,4,2,2,1,0,2,0,3.6,0.5,OAK,10,42,25.2,0,2,0,0,0,0,1,0.33,0.0,10.8,0.00,0.429,0,0,0
2023,811,Johan Quezada,P,MIA,0,0,40.5,1,0,0,0,0,0,0.2,1,3,3,0,0,5,0,9.0,0.5,MIA,8,32,48.0,0,0,0,0,0,0,0,0.0,0.0,67.5,0.00,0.333,0,0,0
2023,811,Pablo Reyes,OF,BOS,0,0,4.5,2,0,0,0,0,0,2.0,3,1,1,0,0,4,0,3.5,0.333,BOS,13,44,22.0,0,2,0,0,1,0,0,2.0,0.0,18.0,0.00,0.333,0,0,0
2023,811,Miguel Rojas,2B,LAD,0,0,6.0,3,0,0,0,0,0,3.0,3,2,2,0,1,1,0,1.33,0.25,LAD,14,37,12.33,0,3,0,0,0,0,1,1.25,0.0,3.0,0.00,0.25,0,0,0
2023,811,Ildemaro Vargas,2B,WSH,0,0,4.5,2,0,0,0,0,0,2.0,2,1,1,1,1,1,0,1.5,0.25,WSH,10,28,14.0,0,2,0,0,0,0,0,1.0,0.0,4.5,0.00,0.143,0,0,0
2023,811,David Villar,1B,SF,0,0,0.0,1,0,0,0,0,0,1.0,0,0,0,0,0,1,0,1.0,0.0,SF,3,8,8.0,0,1,0,0,0,0,1,1.0,0.0,9.0,0.00,0.0,0,0,0
2023,811,Jason Vosler,3B,CIN,0,0,4.5,2,0,0,0,0,0,2.0,5,1,1,0,0,0,0,2.5,0.455,CIN,11,25,12.5,0,2,0,0,0,0,0,0.0,0.0,0.0,-.--,0.455,0,0,0
2023,811,Luke Williams,SS,LAD,0,0,0.0,1,0,0,0,0,0,1.0,0,0,0,0,0,0,0,0.0,0.0,LAD,3,6,6.0,0,1,0,0,0,0,0,0.5,0.0,0.0,-.--,0.0,0,0,0
2023,811,Brett Wisely,2B,SF,0,0,9.0,1,0,0,0,0,0,1.0,1,1,1,1,0,0,0,1.0,0.25,SF,4,11,11.0,0,1,0,0,0,0,0,0.5,0.0,0.0,-.--,0.0,0,0,0
2023,811,Jake Wong,P,CIN,0,0,9.0,1,0,0,0,0,0,3.0,6,3,3,0,0,3,0,3.0,0.5,CIN,15,57,19.0,0,1,0,0,0,0,2,5.0,0.0,9.0,0.00,0.5,0,1,0
2023,811,Randy Wynne,P,CIN,0,1,3.86,1,0,0,0,0,0,2.1,3,1,1,0,0,1,0,1.71,0.3,CIN,11,34,14.57,0,0,0,0,1,0,0,0.75,0.0,3.86,0.00,0.3,0,0,0
2023,811,Seby Zavala,C,AZ,0,0,0.0,1,0,0,0,0,0,0.2,0,0,0,0,0,0,0,0.0,0.0,AZ,2,6,9.0,0,1,0,0,0,0,0,0.0,0.0,0.0,-.--,0.0,0,0,0
