YEAR,RANK,PLAYER,POSITION,TEAM,G,AB,R,H,2B,3B,HR,RBI,BB,SO,SB,CS,AVG,OBP,SLG,OPS,TEAM_expanded,PA,HBP,SAC,SF,GIDP,GO/AO,XBH,TB,IBB,BABIP,ISO,AB/HR,BB/K,BB%,K%
2022,1,Aaron Judge,CF,NYY,157,570,133,177,28,0,62,131,111,175,16,3,0.311,0.425,0.686,1.111,NYY,696,6,0,5,14,0.99,90,391,19,0.34,0.375,9.19,0.634,0.159,0.251
2022,2,Kyle Schwarber,LF,PHI,155,577,100,126,21,3,46,94,86,200,10,1,0.218,0.323,0.504,0.827,PHI,669,4,0,2,10,0.76,70,291,3,0.24,0.286,12.54,0.43,0.129,0.299
2022,3,Pete Alonso,1B,NYM,160,597,95,162,27,0,40,131,67,128,5,1,0.271,0.352,0.518,0.87,NYM,685,12,0,9,17,0.73,67,309,16,0.279,0.246,14.92,0.523,0.098,0.187
2022,3,Mike Trout,CF,LAA,119,438,85,124,28,2,40,80,54,139,1,0,0.283,0.369,0.63,0.999,LAA,499,6,0,1,6,0.43,70,276,8,0.323,0.347,10.95,0.388,0.108,0.279
2022,5,Austin Riley,3B,ATL,159,615,90,168,39,2,38,93,57,168,2,0,0.273,0.349,0.528,0.877,ATL,693,17,0,4,13,0.93,79,325,1,0.315,0.255,16.18,0.339,0.082,0.242
2022,6,Yordan Alvarez,DH,HOU,135,470,95,144,29,2,37,97,78,106,1,1,0.306,0.406,0.613,1.019,HOU,561,6,0,7,12,1.12,68,288,9,0.32,0.306,12.7,0.736,0.139,0.189
2022,7,Christian Walker,1B,AZ,160,583,84,141,25,2,36,94,69,131,2,2,0.242,0.327,0.477,0.804,AZ,667,8,0,7,15,0.77,63,278,2,0.248,0.235,16.19,0.527,0.103,0.196
2022,8,Mookie Betts,RF,LAD,142,572,117,154,40,3,35,82,55,104,12,2,0.269,0.34,0.533,0.873,LAD,639,8,0,4,8,0.66,78,305,0,0.272,0.264,16.34,0.529,0.086,0.163
2022,8,Paul Goldschmidt,1B,STL,151,561,106,178,41,0,35,115,79,141,7,0,0.317,0.404,0.578,0.982,STL,651,5,0,4,7,0.94,76,324,1,0.368,0.26,16.03,0.56,0.121,0.217
2022,8,Rowdy Tellez,1B,MIL,153,529,67,116,23,0,35,89,62,121,2,1,0.219,0.306,0.461,0.767,MIL,599,5,0,3,20,0.92,58,244,9,0.215,0.242,15.11,0.512,0.104,0.202
2022,11,Shohei Ohtani,DH,LAA,157,586,90,160,30,6,34,95,72,161,11,9,0.273,0.356,0.519,0.875,LAA,666,5,0,3,6,1.03,70,304,14,0.32,0.246,17.24,0.447,0.108,0.242
2022,11,Matt Olson,1B,ATL,162,616,86,148,44,0,34,103,75,170,0,0,0.24,0.325,0.477,0.802,ATL,699,4,0,4,13,0.86,78,294,6,0.274,0.237,18.12,0.441,0.107,0.243
2022,13,Anthony Santander,RF,BAL,152,574,78,138,24,0,33,89,55,122,0,2,0.24,0.318,0.455,0.773,BAL,647,13,0,5,14,0.59,57,261,1,0.248,0.214,17.39,0.451,0.085,0.189
2022,13,Corey Seager,SS,TEX,151,593,91,145,24,1,33,83,58,103,3,0,0.245,0.317,0.455,0.772,TEX,663,7,0,5,14,0.94,58,270,7,0.242,0.211,17.97,0.563,0.087,0.155
2022,15,VladimirV Guerrero Jr.Guerrero,1B,TOR,160,638,90,175,35,0,32,97,58,116,8,3,0.274,0.339,0.48,0.819,TOR,706,6,0,4,26,1.45,67,306,6,0.289,0.205,19.94,0.5,0.082,0.164
2022,15,Manny Machado,3B,SD,150,578,100,172,37,1,32,102,63,133,9,1,0.298,0.366,0.531,0.897,SD,644,1,0,2,12,0.79,70,307,10,0.337,0.234,18.06,0.474,0.098,0.207
2022,15,Anthony Rizzo,1B,NYY,130,465,77,104,21,1,32,75,58,101,6,5,0.224,0.338,0.48,0.818,NYY,548,23,0,2,13,0.62,54,223,6,0.216,0.256,14.53,0.574,0.106,0.184
2022,18,Willy Adames,SS,MIL,139,563,83,134,31,0,31,98,49,166,8,3,0.238,0.298,0.458,0.756,MIL,617,1,0,4,11,0.65,62,258,3,0.278,0.22,18.16,0.295,0.079,0.269
2022,18,Giancarlo Stanton,DH,NYY,110,398,53,84,7,0,31,78,50,137,0,0,0.211,0.297,0.462,0.759,NYY,452,0,0,3,8,1.17,38,184,2,0.227,0.251,12.84,0.365,0.111,0.303
2022,18,Eugenio Suárez,3B,SEA,150,543,76,128,24,2,31,87,73,196,0,0,0.236,0.332,0.459,0.791,SEA,629,8,0,5,12,0.66,57,249,0,0.302,0.223,17.52,0.372,0.116,0.312
2022,21,Nolan Arenado,3B,STL,148,557,73,163,42,1,30,103,52,72,5,3,0.293,0.358,0.533,0.891,STL,620,7,0,4,15,0.49,73,297,3,0.29,0.241,18.57,0.722,0.084,0.116
2022,21,Rhys Hoskins,1B,PHI,156,589,81,145,33,2,30,79,72,169,2,1,0.246,0.332,0.462,0.794,PHI,672,6,0,4,12,0.75,65,272,0,0.292,0.216,19.63,0.426,0.107,0.251
2022,21,Kyle Tucker,RF,HOU,150,544,71,140,28,1,30,107,59,95,25,4,0.257,0.33,0.478,0.808,HOU,609,1,0,2,11,0.7,59,260,4,0.261,0.221,18.13,0.621,0.097,0.156
2022,24,C.J. Cron,1B,COL,150,575,79,148,28,3,29,102,43,164,0,0,0.257,0.315,0.468,0.783,COL,632,8,0,5,16,0.86,60,269,6,0.307,0.21,19.83,0.262,0.068,0.259
2022,24,José Ramírez,3B,CLE,157,601,90,168,44,5,29,126,69,82,20,7,0.28,0.355,0.514,0.869,CLE,685,6,0,9,5,0.49,78,309,20,0.279,0.235,20.72,0.841,0.101,0.12
2022,24,Hunter Renfroe,RF,MIL,125,474,62,121,23,1,29,72,39,121,1,1,0.255,0.315,0.492,0.807,MIL,522,4,2,3,11,0.69,53,233,1,0.281,0.236,16.34,0.322,0.075,0.232
2022,27,Jose Altuve,2B,HOU,141,527,103,158,39,0,28,57,66,87,18,1,0.3,0.387,0.533,0.92,HOU,604,10,0,1,13,0.89,67,281,2,0.315,0.233,18.82,0.759,0.109,0.144
2022,27,Byron Buxton,CF,MIN,92,340,61,76,13,3,28,51,34,116,6,0,0.224,0.306,0.526,0.832,MIN,382,7,0,1,0,0.6,44,179,0,0.244,0.303,12.14,0.293,0.089,0.304
2022,27,Brandon Drury,1B,SD,138,518,87,136,31,2,28,87,38,126,2,3,0.263,0.32,0.492,0.812,SD,568,8,0,4,8,0.91,61,255,0,0.293,0.23,18.5,0.302,0.067,0.222
2022,27,Julio Rodríguez,CF,SEA,132,511,84,145,25,3,28,75,40,145,25,7,0.284,0.345,0.509,0.854,SEA,560,8,0,1,7,1.02,56,260,4,0.345,0.225,18.25,0.276,0.071,0.259
2022,31,Matt Chapman,3B,TOR,155,538,83,123,27,1,27,76,68,170,2,2,0.229,0.324,0.433,0.757,TOR,621,10,0,5,7,0.58,55,233,1,0.277,0.204,19.93,0.4,0.11,0.274
2022,31,Rafael Devers,3B,BOS,141,555,84,164,42,1,27,88,50,114,3,1,0.295,0.358,0.521,0.879,BOS,614,6,0,3,14,1.0,70,289,11,0.329,0.225,20.56,0.439,0.081,0.186
2022,31,Adolis García,RF,TEX,156,605,88,151,34,5,27,101,40,183,25,6,0.25,0.3,0.456,0.756,TEX,657,6,0,6,9,0.75,66,276,2,0.309,0.207,22.41,0.219,0.061,0.279
2022,31,Nathaniel Lowe,1B,TEX,157,593,74,179,26,3,27,76,48,147,2,2,0.302,0.358,0.492,0.85,TEX,645,4,0,0,10,1.3,56,292,2,0.363,0.191,21.96,0.327,0.074,0.228
2022,31,Cal Raleigh,C,SEA,119,370,46,78,20,1,27,63,38,122,1,0,0.211,0.284,0.489,0.773,SEA,415,2,0,5,5,0.52,48,181,0,0.226,0.278,13.7,0.311,0.092,0.294
2022,31,Bryan Reynolds,CF,PIT,145,542,74,142,19,4,27,62,56,141,7,3,0.262,0.345,0.461,0.806,PIT,614,14,0,2,13,1.12,50,250,6,0.306,0.199,20.07,0.397,0.091,0.23
2022,31,Juan Soto,RF,SD,153,524,93,127,25,2,27,62,135,96,6,2,0.242,0.401,0.452,0.853,SD,664,4,0,0,12,1.17,54,237,6,0.249,0.21,19.41,1.406,0.203,0.145
2022,31,Daulton Varsho,RF,AZ,151,531,79,125,23,3,27,74,46,145,16,6,0.235,0.302,0.443,0.745,AZ,592,7,2,5,8,0.93,53,235,0,0.269,0.207,19.67,0.317,0.078,0.245
2022,39,Francisco Lindor,SS,NYM,161,630,98,170,25,5,26,107,59,133,16,6,0.27,0.339,0.449,0.788,NYM,706,10,0,7,11,0.89,56,283,2,0.301,0.179,24.23,0.444,0.084,0.188
2022,39,Marcus Semien,2B,TEX,161,657,101,163,31,5,26,83,53,120,25,8,0.248,0.304,0.429,0.733,TEX,724,4,0,10,7,0.55,62,282,0,0.263,0.181,25.27,0.442,0.073,0.166
2022,41,Seth Brown,1B,OAK,150,500,55,115,26,3,25,73,51,146,11,2,0.23,0.305,0.444,0.749,OAK,555,3,0,1,7,0.76,54,222,3,0.273,0.214,20.0,0.349,0.092,0.263
2022,41,Teoscar Hernández,RF,TOR,131,499,71,133,35,1,25,77,34,152,6,3,0.267,0.316,0.491,0.807,TOR,535,2,0,0,18,1.16,61,245,0,0.335,0.224,19.96,0.224,0.064,0.284
2022,41,George Springer,CF,TOR,133,513,89,137,22,4,25,76,54,100,14,2,0.267,0.342,0.472,0.814,TOR,583,7,0,5,7,1.05,51,242,1,0.285,0.205,20.52,0.54,0.093,0.172
2022,41,Dansby Swanson,SS,ATL,162,640,99,177,32,1,25,96,49,182,18,7,0.277,0.329,0.447,0.776,ATL,696,3,0,4,12,0.76,58,286,0,0.348,0.17,25.6,0.269,0.07,0.261
2022,41,Patrick Wisdom,3B,CHC,134,469,67,97,28,0,25,66,53,183,8,4,0.207,0.298,0.426,0.724,CHC,534,9,1,2,8,0.66,53,200,1,0.274,0.22,18.76,0.29,0.099,0.343
2022,46,Bo Bichette,SS,TOR,159,652,91,189,43,1,24,93,41,155,13,8,0.29,0.333,0.469,0.802,TOR,697,2,0,2,21,1.3,68,306,0,0.347,0.179,27.17,0.265,0.059,0.222
2022,46,Albert Pujols,DH,STL,109,307,42,83,14,0,24,68,28,55,1,2,0.27,0.345,0.55,0.895,STL,351,10,0,6,13,0.77,38,169,1,0.252,0.28,12.79,0.509,0.08,0.157
2022,46,Will Smith,C,LAD,137,508,68,132,26,3,24,87,56,96,1,0,0.26,0.343,0.465,0.808,LAD,578,10,0,4,11,0.6,53,236,4,0.276,0.205,21.17,0.583,0.097,0.166
2022,46,Gleyber Torres,2B,NYY,140,526,73,135,28,1,24,76,39,129,10,5,0.257,0.31,0.451,0.761,NYY,572,3,1,3,12,0.66,53,237,2,0.295,0.194,21.92,0.302,0.068,0.226
2022,50,Alex Bregman,3B,HOU,155,548,93,142,38,0,23,93,87,77,1,2,0.259,0.366,0.454,0.82,HOU,656,11,0,10,18,0.62,61,249,1,0.26,0.195,23.83,1.13,0.133,0.117
2022,50,Marcell Ozuna,DH,ATL,124,470,56,106,19,0,23,56,31,122,2,1,0.226,0.274,0.413,0.687,ATL,507,2,0,4,12,0.76,42,194,0,0.252,0.187,20.44,0.254,0.061,0.241
2022,50,Joc Pederson,LF,SF,134,380,57,104,19,3,23,70,42,100,3,2,0.274,0.353,0.521,0.874,SF,433,7,0,4,5,0.68,45,198,3,0.31,0.247,16.52,0.42,0.097,0.231
2022,50,Salvador Perez,C,KC,114,445,48,113,23,1,23,76,18,109,0,0,0.254,0.292,0.465,0.757,KC,473,7,0,3,9,0.73,47,207,2,0.285,0.211,19.35,0.165,0.038,0.23
2022,50,Taylor Ward,RF,LAA,135,495,73,139,22,2,23,65,60,120,5,3,0.281,0.36,0.473,0.833,LAA,564,4,0,5,5,0.64,47,234,0,0.325,0.192,21.52,0.5,0.106,0.213
2022,55,Willson Contreras,C,CHC,113,416,65,101,23,2,22,55,45,103,4,2,0.243,0.349,0.466,0.815,CHC,487,24,0,2,14,1.58,47,194,0,0.27,0.224,18.91,0.437,0.092,0.211
2022,55,Carlos Correa,SS,MIN,136,522,70,152,24,1,22,64,61,121,0,1,0.291,0.366,0.467,0.833,MIN,590,3,0,4,18,0.98,47,244,2,0.339,0.176,23.73,0.504,0.103,0.205
2022,55,Ryan Mountcastle,1B,BAL,145,555,62,139,28,1,22,85,43,154,4,1,0.25,0.305,0.423,0.728,BAL,609,4,0,7,12,0.74,51,235,1,0.303,0.173,25.23,0.279,0.071,0.253
2022,55,Jeremy Peña,SS,HOU,136,521,72,132,20,2,22,63,22,135,11,2,0.253,0.289,0.426,0.715,HOU,558,6,1,5,5,1.18,44,222,0,0.298,0.173,23.68,0.163,0.039,0.242
2022,55,J.T. Realmuto,C,PHI,139,504,75,139,26,5,22,84,41,119,21,1,0.276,0.342,0.478,0.82,PHI,562,12,0,5,7,1.04,53,241,1,0.318,0.202,22.91,0.345,0.073,0.212
2022,55,Luke Voit,DH,WSH,135,500,55,113,22,0,22,69,55,179,1,1,0.226,0.308,0.402,0.71,WSH,568,7,0,6,9,0.75,44,201,1,0.298,0.176,22.73,0.307,0.097,0.315
2022,61,Freddie Freeman,1B,LAD,159,612,117,199,47,2,21,100,84,102,13,3,0.325,0.407,0.511,0.918,LAD,708,5,0,7,6,0.81,70,313,12,0.359,0.186,29.14,0.824,0.119,0.144
2022,61,Max Muncy,3B,LAD,136,464,69,91,22,1,21,69,90,141,2,0,0.196,0.329,0.384,0.713,LAD,565,5,0,6,2,0.57,44,178,1,0.227,0.188,22.1,0.638,0.159,0.25
2022,61,Trea Turner,SS,LAD,160,652,101,194,39,4,21,100,45,131,27,3,0.298,0.343,0.466,0.809,LAD,708,3,0,6,9,0.88,64,304,1,0.342,0.169,31.05,0.344,0.064,0.185
2022,64,Randy Arozarena,LF,TB,153,586,72,154,41,3,20,89,46,156,32,12,0.263,0.327,0.445,0.772,TB,645,11,0,2,17,1.4,64,261,2,0.325,0.183,29.3,0.295,0.071,0.242
2022,64,William Contreras,C,ATL,97,334,51,93,14,1,20,45,39,104,2,0,0.278,0.354,0.506,0.86,ATL,376,1,0,2,5,1.57,35,169,1,0.344,0.228,16.7,0.375,0.104,0.277
2022,64,Eduardo Escobar,3B,NYM,136,495,58,119,26,4,20,69,40,129,0,2,0.24,0.295,0.43,0.725,NYM,542,1,0,6,4,0.55,50,213,3,0.281,0.19,24.75,0.31,0.074,0.238
2022,64,Ty France,1B,SEA,140,551,65,151,27,1,20,83,35,94,0,0,0.274,0.338,0.436,0.774,SEA,613,21,0,5,18,1.1,48,240,3,0.296,0.162,27.55,0.372,0.057,0.153
2022,64,Ryan McMahon,3B,COL,153,529,67,130,23,3,20,67,60,158,7,3,0.246,0.327,0.414,0.741,COL,597,5,0,3,7,1.1,46,219,0,0.311,0.168,26.45,0.38,0.101,0.265
2022,64,Josh Naylor,1B,CLE,122,449,47,115,28,0,20,79,38,80,6,1,0.256,0.319,0.452,0.771,CLE,498,6,0,5,13,1.35,48,203,4,0.268,0.196,22.45,0.475,0.076,0.161
2022,64,Isaac Paredes,3B,TB,111,331,48,68,16,0,20,45,44,67,0,1,0.205,0.304,0.435,0.739,TB,381,4,0,2,12,0.9,36,144,0,0.195,0.23,16.55,0.657,0.115,0.176
2022,64,BobbyB Witt Jr.W t,SS,KC,150,591,82,150,31,6,20,80,30,135,30,7,0.254,0.294,0.428,0.722,KC,632,6,0,5,12,0.58,57,253,2,0.295,0.174,29.55,0.222,0.047,0.214
2022,72,Cody Bellinger,CF,LAD,144,504,70,106,27,3,19,68,38,150,14,3,0.21,0.265,0.389,0.654,LAD,550,2,0,6,7,0.65,49,196,0,0.255,0.179,26.53,0.253,0.069,0.273
2022,72,Wilmer Flores,2B,SF,151,525,72,120,28,1,19,71,59,103,0,0,0.229,0.316,0.394,0.71,SF,602,11,0,7,7,0.58,48,207,1,0.246,0.166,27.63,0.573,0.098,0.171
2022,72,Joey Gallo,LF,LAD,126,350,48,56,8,2,19,47,56,163,3,0,0.16,0.28,0.357,0.637,LAD,410,3,0,1,0,0.52,29,125,0,0.219,0.197,18.42,0.344,0.137,0.398
2022,72,Randal Grichuk,RF,COL,141,506,60,131,21,3,19,73,24,127,4,0,0.259,0.299,0.425,0.724,COL,538,6,0,2,12,1.14,43,215,0,0.309,0.166,26.63,0.189,0.045,0.236
2022,72,MichaelM Harris IIHarris,CF,ATL,114,414,75,123,27,3,19,64,21,107,20,2,0.297,0.339,0.514,0.853,ATL,441,5,1,0,7,1.94,49,213,0,0.361,0.217,21.79,0.196,0.048,0.243
2022,72,Carlos Santana,DH,SEA,131,431,52,87,18,0,19,60,71,88,0,0,0.202,0.316,0.376,0.692,SEA,506,2,0,2,9,0.79,37,162,2,0.209,0.174,22.68,0.807,0.14,0.174
2022,72,Jack Suwinski,LF,PIT,106,326,45,66,11,0,19,38,41,114,4,2,0.202,0.298,0.411,0.709,PIT,372,4,0,1,5,0.96,30,134,1,0.242,0.209,17.16,0.36,0.11,0.306
2022,79,Bryce Harper,DH,PHI,99,370,63,106,28,1,18,65,46,87,11,4,0.286,0.364,0.514,0.878,PHI,426,3,0,7,13,1.14,47,190,9,0.324,0.227,20.56,0.529,0.108,0.204
2022,79,Trey Mancini,DH,HOU,143,519,56,124,23,1,18,63,53,135,0,0,0.239,0.319,0.391,0.71,HOU,587,10,0,5,12,0.8,42,203,2,0.286,0.152,28.83,0.393,0.09,0.23
2022,79,MJ Melendez,C,KC,129,460,57,100,21,3,18,62,66,131,2,3,0.217,0.313,0.393,0.706,KC,534,1,0,7,2,0.82,42,181,1,0.258,0.176,25.56,0.504,0.124,0.245
2022,79,Sean Murphy,C,OAK,148,537,67,134,37,2,18,66,56,124,1,0,0.25,0.332,0.426,0.758,OAK,612,13,0,5,14,1.0,57,229,2,0.29,0.177,29.83,0.452,0.092,0.203
2022,79,Daniel Vogelbach,DH,NYM,130,386,47,92,19,1,18,59,73,114,0,0,0.238,0.36,0.433,0.793,NYM,461,1,0,1,11,0.99,38,167,2,0.29,0.194,21.44,0.64,0.158,0.247
2022,79,Travis d'Arnaud,C,ATL,107,396,61,106,25,1,18,60,19,90,0,0,0.268,0.319,0.472,0.791,ATL,426,11,0,0,12,1.11,44,187,0,0.306,0.205,22.0,0.211,0.045,0.211
2022,85,Elvis Andrus,SS,CWS,149,535,66,133,32,0,17,58,39,92,18,4,0.249,0.303,0.404,0.707,CWS,577,3,0,0,11,1.11,49,216,0,0.272,0.155,31.47,0.424,0.068,0.159
2022,85,Josh Bell,DH,SD,156,552,78,147,29,3,17,71,81,102,0,1,0.266,0.362,0.422,0.784,SD,647,5,0,6,22,1.36,49,233,4,0.296,0.156,32.47,0.794,0.125,0.158
2022,85,Javier Báez,SS,DET,144,555,64,132,27,4,17,67,26,147,9,2,0.238,0.278,0.393,0.671,DET,590,6,0,3,13,1.23,48,218,1,0.292,0.155,32.65,0.177,0.044,0.249
2022,85,Jake Cronenworth,2B,SD,158,587,88,140,30,4,17,88,70,131,3,0,0.239,0.332,0.39,0.722,SD,684,16,0,8,2,0.6,51,229,3,0.275,0.152,34.53,0.534,0.102,0.192
2022,85,Oneil Cruz,SS,PIT,87,331,45,77,13,4,17,54,28,126,10,4,0.233,0.294,0.45,0.744,PIT,361,1,0,1,3,1.39,34,149,1,0.317,0.218,19.47,0.222,0.078,0.349
2022,85,Andrés Giménez,2B,CLE,146,491,66,146,26,3,17,69,34,112,20,3,0.297,0.371,0.466,0.837,CLE,557,25,4,3,9,1.03,46,229,4,0.353,0.169,28.88,0.304,0.061,0.201
2022,85,Trent Grisham,CF,SD,152,451,58,83,16,2,17,53,57,150,7,1,0.184,0.284,0.341,0.625,SD,524,7,7,2,3,0.97,35,154,1,0.231,0.157,26.53,0.38,0.109,0.286
2022,85,Ian Happ,LF,CHC,158,573,72,155,42,2,17,72,58,149,9,4,0.271,0.342,0.44,0.782,CHC,641,6,0,4,11,1.18,61,252,4,0.336,0.169,33.71,0.389,0.09,0.232
2022,85,Andrew McCutchen,DH,MIL,134,515,66,122,25,0,17,69,57,124,8,6,0.237,0.316,0.384,0.7,MIL,580,4,0,4,10,0.9,42,198,1,0.278,0.148,30.29,0.46,0.098,0.214
2022,85,Tommy Pham,LF,BOS,144,554,89,131,23,1,17,63,56,167,8,3,0.236,0.312,0.374,0.686,BOS,622,7,0,5,20,1.16,41,207,0,0.304,0.137,32.59,0.335,0.09,0.268
2022,85,Luis Rengifo,2B,LAA,127,489,45,129,22,4,17,52,17,79,6,2,0.264,0.294,0.429,0.723,LAA,511,4,1,0,11,1.1,43,210,0,0.285,0.166,28.76,0.215,0.033,0.155
2022,85,Tyrone Taylor,CF,MIL,120,373,49,87,21,3,17,51,22,102,3,2,0.233,0.286,0.442,0.728,MIL,405,7,0,3,11,0.91,41,165,0,0.272,0.209,21.94,0.216,0.054,0.252
2022,85,Lane Thomas,LF,WSH,146,498,62,120,26,2,17,52,41,132,8,4,0.241,0.301,0.404,0.705,WSH,548,4,0,5,8,0.95,45,201,0,0.291,0.163,29.29,0.311,0.075,0.241
2022,85,Andrew Vaughn,RF,CWS,134,510,60,138,28,1,17,76,31,96,0,0,0.271,0.321,0.429,0.75,CWS,555,9,0,5,13,1.18,46,219,0,0.301,0.159,30.0,0.323,0.056,0.173
2022,85,Mike Yastrzemski,RF,SF,148,485,73,104,31,2,17,57,61,141,5,1,0.214,0.305,0.392,0.697,SF,558,5,1,6,3,0.68,50,190,0,0.261,0.177,28.53,0.433,0.109,0.253
2022,100,Jesús Aguilar,DH,BAL,129,464,39,109,19,0,16,51,28,119,1,0,0.235,0.281,0.379,0.66,BAL,507,4,0,5,8,0.54,35,176,1,0.278,0.144,29.0,0.235,0.055,0.235
2022,100,Charlie Blackmon,DH,COL,135,530,60,140,22,6,16,78,32,109,4,1,0.264,0.314,0.419,0.733,COL,577,8,4,3,10,1.13,44,222,4,0.304,0.155,33.12,0.294,0.055,0.189
2022,100,Austin Hays,LF,BAL,145,535,66,134,35,2,16,60,34,114,2,4,0.25,0.306,0.413,0.719,BAL,582,10,0,3,11,0.84,53,221,0,0.289,0.163,33.44,0.298,0.058,0.196
2022,100,Jonah Heim,C,TEX,127,406,51,92,20,1,16,48,41,87,2,0,0.227,0.298,0.399,0.697,TEX,450,1,0,2,10,0.8,37,162,0,0.249,0.172,25.38,0.471,0.091,0.193
2022,100,Eloy Jiménez,DH,CWS,84,292,40,86,12,0,16,54,28,72,0,0,0.295,0.358,0.5,0.858,CWS,327,3,0,4,8,1.3,28,146,0,0.337,0.205,18.25,0.389,0.086,0.22
2022,100,Starling Marte,RF,NYM,118,466,76,136,24,5,16,63,26,97,18,9,0.292,0.347,0.468,0.815,NYM,505,13,0,0,18,1.51,45,218,0,0.34,0.176,29.12,0.268,0.051,0.192
2022,100,J.D. Martinez,DH,BOS,139,533,76,146,43,1,16,62,52,145,0,0,0.274,0.341,0.448,0.789,BOS,596,5,0,5,20,0.86,60,239,1,0.345,0.174,33.31,0.359,0.087,0.243
2022,100,Christopher Morel,CF,CHC,113,379,55,89,19,4,16,47,38,137,10,7,0.235,0.308,0.433,0.741,CHC,425,3,3,2,6,1.39,39,164,0,0.32,0.198,23.69,0.277,0.089,0.322
2022,100,Cedric Mullins,CF,BAL,156,608,89,157,32,4,16,64,47,126,34,10,0.258,0.318,0.403,0.721,BAL,672,9,1,5,4,0.72,52,245,2,0.299,0.145,38.0,0.373,0.07,0.188
2022,100,Brandon Nimmo,CF,NYM,151,580,102,159,30,7,16,64,71,116,3,2,0.274,0.367,0.433,0.8,NYM,673,16,3,3,9,1.16,53,251,0,0.317,0.159,36.25,0.612,0.105,0.172
2022,100,Jorge Polanco,2B,MIN,104,375,54,88,16,0,16,56,64,95,3,3,0.235,0.346,0.405,0.751,MIN,445,2,0,4,4,0.56,32,152,1,0.269,0.171,23.44,0.674,0.144,0.213
2022,100,Trevor Story,2B,BOS,94,357,53,85,22,0,16,66,32,122,13,0,0.238,0.303,0.434,0.737,BOS,396,3,0,4,9,0.64,38,155,4,0.309,0.196,22.31,0.262,0.081,0.308
2022,100,Gary Sánchez,C,MIN,128,419,42,86,24,0,16,61,40,136,2,0,0.205,0.282,0.377,0.659,MIN,471,7,0,5,12,1.0,40,158,0,0.257,0.172,26.19,0.294,0.085,0.289
2022,100,Luis Urías,3B,MIL,119,406,54,97,17,1,16,47,50,99,1,2,0.239,0.335,0.404,0.739,MIL,472,11,0,5,9,0.73,34,164,0,0.274,0.165,25.38,0.505,0.106,0.21
2022,100,Ramón Urías,3B,BAL,118,403,50,100,17,1,16,51,30,98,1,0,0.248,0.305,0.414,0.719,BAL,445,5,3,4,7,1.04,34,167,1,0.287,0.166,25.19,0.306,0.067,0.22
2022,115,José Abreu,1B,CWS,157,601,85,183,40,0,15,75,62,110,0,0,0.304,0.378,0.446,0.824,CWS,679,12,0,4,19,1.21,55,268,2,0.35,0.141,40.07,0.564,0.091,0.162
2022,115,RonaldR Acuña Jr.Acuña,RF,ATL,119,467,71,124,24,0,15,50,53,126,29,11,0.266,0.351,0.413,0.764,ATL,533,10,0,3,8,1.2,39,193,4,0.331,0.148,31.13,0.421,0.099,0.236
2022,115,Xander Bogaerts,SS,BOS,150,557,84,171,38,0,15,73,57,118,8,2,0.307,0.377,0.456,0.833,BOS,631,10,0,7,14,0.98,53,254,2,0.362,0.149,37.13,0.483,0.09,0.187
2022,115,Matt Carpenter,DH,NYY,47,128,28,39,9,0,15,37,19,35,0,0,0.305,0.412,0.727,1.139,NYY,154,5,1,1,2,0.51,24,93,1,0.304,0.422,8.53,0.543,0.123,0.227
2022,115,Josh Donaldson,3B,NYY,132,478,59,106,28,0,15,62,54,148,2,2,0.222,0.308,0.374,0.682,NYY,546,8,0,6,13,0.93,43,179,1,0.283,0.153,31.87,0.365,0.099,0.271
2022,115,Danny Jansen,C,TOR,72,215,34,56,10,0,15,44,25,44,1,0,0.26,0.339,0.516,0.855,TOR,248,3,0,5,1,0.58,25,111,1,0.255,0.256,14.33,0.568,0.101,0.177
2022,115,Martín Maldonado,C,HOU,113,344,40,64,12,0,15,45,22,116,0,0,0.186,0.248,0.352,0.6,HOU,379,7,4,2,6,1.02,27,121,0,0.228,0.166,22.93,0.19,0.058,0.306
2022,115,Jose Miranda,1B,MIN,125,444,45,119,25,0,15,66,28,91,1,1,0.268,0.325,0.426,0.751,MIN,483,10,0,1,19,0.88,40,189,0,0.307,0.158,29.6,0.308,0.058,0.188
2022,115,Jurickson Profar,LF,SD,152,575,82,140,36,2,15,58,73,103,5,1,0.243,0.331,0.391,0.722,SD,658,4,3,3,12,0.91,53,225,0,0.272,0.148,38.33,0.709,0.111,0.157
2022,115,Gavin Sheets,RF,CWS,124,377,34,91,19,0,15,53,27,86,0,0,0.241,0.295,0.411,0.706,CWS,410,3,0,3,9,0.74,34,155,0,0.272,0.17,25.13,0.314,0.066,0.21
2022,115,Jared Walsh,1B,LAA,118,423,41,91,18,2,15,44,27,138,2,1,0.215,0.269,0.374,0.643,LAA,454,4,0,0,6,1.11,35,158,4,0.281,0.158,28.2,0.196,0.059,0.304
2022,115,Kolten Wong,2B,MIL,134,430,65,108,24,4,15,47,46,88,17,6,0.251,0.339,0.43,0.769,MIL,497,14,2,5,5,1.03,43,185,2,0.28,0.179,28.67,0.523,0.093,0.177
2022,127,Michael Chavis,1B,PIT,129,401,39,92,16,3,14,49,19,126,1,1,0.229,0.265,0.389,0.654,PIT,426,2,0,4,4,0.89,33,156,1,0.294,0.16,28.64,0.151,0.045,0.296
2022,127,JazzJ Chisholm Jr.Chisholm,2B,MIA,60,213,39,54,10,4,14,45,21,66,12,5,0.254,0.325,0.535,0.86,MIA,241,3,0,3,0,0.71,28,114,0,0.294,0.282,15.21,0.318,0.087,0.274
2022,127,Thairo Estrada,2B,SF,140,488,71,127,22,2,14,62,33,89,21,6,0.26,0.322,0.4,0.722,SF,541,14,1,5,10,1.4,38,195,0,0.29,0.139,34.86,0.371,0.061,0.165
2022,127,Kyle Farmer,SS,CIN,145,526,58,134,25,1,14,78,33,99,4,3,0.255,0.315,0.386,0.701,CIN,583,16,2,6,20,1.03,40,203,0,0.286,0.131,37.57,0.333,0.057,0.17
2022,127,Nolan Gorman,2B,STL,89,283,44,64,13,0,14,35,28,103,1,0,0.226,0.3,0.42,0.72,STL,313,2,0,0,2,0.53,27,119,0,0.301,0.194,20.21,0.272,0.089,0.329
2022,127,Eric Haase,C,DET,110,323,41,82,17,1,14,44,24,97,0,0,0.254,0.305,0.443,0.748,DET,351,1,0,3,9,0.88,32,143,1,0.316,0.189,23.07,0.247,0.068,0.276
2022,127,Keston Hiura,1B,MIL,80,234,34,53,8,1,14,32,23,111,5,2,0.226,0.316,0.449,0.765,MIL,266,8,0,1,3,0.87,23,105,0,0.355,0.222,16.71,0.207,0.086,0.417
2022,127,Alejandro Kirk,C,TOR,139,470,59,134,19,0,14,63,63,58,0,0,0.285,0.372,0.415,0.787,TOR,541,4,0,4,11,1.12,33,195,2,0.299,0.13,33.57,1.086,0.116,0.107
2022,127,Evan Longoria,3B,SF,89,266,31,65,13,0,14,42,27,83,0,0,0.244,0.315,0.451,0.766,SF,298,2,0,3,6,0.7,27,120,2,0.297,0.207,19.0,0.325,0.091,0.279
2022,127,Chas McCormick,LF,HOU,119,359,47,88,12,2,14,44,46,106,4,3,0.245,0.332,0.407,0.739,HOU,407,1,0,1,5,1.0,28,146,0,0.308,0.162,25.64,0.434,0.113,0.26
2022,127,Lars Nootbaar,RF,STL,108,290,53,66,16,3,14,40,51,71,4,1,0.228,0.34,0.448,0.788,STL,347,1,0,5,3,1.03,33,130,1,0.248,0.221,20.71,0.718,0.147,0.205
2022,127,Tyler O'Neill,LF,STL,96,334,56,76,11,1,14,58,38,103,14,4,0.228,0.308,0.392,0.7,STL,383,4,0,7,9,0.88,26,131,0,0.277,0.165,23.86,0.369,0.099,0.269
2022,127,AJ Pollock,LF,CWS,138,489,61,120,26,1,14,56,32,98,3,1,0.245,0.292,0.389,0.681,CWS,527,2,0,4,13,1.04,41,190,0,0.278,0.143,34.93,0.327,0.061,0.186
2022,127,Franmil Reyes,DH,CHC,118,438,43,97,17,2,14,47,30,157,2,1,0.221,0.273,0.365,0.638,CHC,473,2,0,3,12,1.15,33,160,0,0.307,0.144,31.29,0.191,0.063,0.332
2022,127,Seiya Suzuki,RF,CHC,111,397,54,104,22,2,14,46,42,110,9,5,0.262,0.336,0.433,0.769,CHC,446,4,0,3,8,0.77,38,172,3,0.326,0.171,28.36,0.382,0.094,0.247
2022,127,Jesse Winker,LF,SEA,136,456,51,100,15,0,14,53,84,103,0,0,0.219,0.344,0.344,0.688,SEA,547,4,0,3,8,0.74,29,157,1,0.251,0.125,32.57,0.816,0.154,0.188
2022,127,Christian Yelich,LF,MIL,154,575,99,145,25,4,14,57,88,162,19,3,0.252,0.355,0.383,0.738,MIL,671,5,1,2,9,1.98,43,220,5,0.327,0.13,41.07,0.543,0.131,0.241
2022,144,Alec Bohm,3B,PHI,152,586,79,164,24,3,13,72,31,110,2,3,0.28,0.315,0.398,0.713,PHI,631,4,0,10,18,1.13,40,233,1,0.319,0.118,45.08,0.282,0.049,0.174
2022,144,Jeimer Candelario,3B,DET,124,429,49,93,19,2,13,50,28,109,0,1,0.217,0.272,0.361,0.633,DET,467,6,0,4,9,0.88,34,155,1,0.257,0.145,33.0,0.257,0.06,0.233
2022,144,Mark Canha,LF,NYM,140,462,71,123,24,0,13,61,48,97,3,1,0.266,0.367,0.403,0.77,NYM,542,28,0,4,3,1.0,37,186,1,0.309,0.136,35.54,0.495,0.089,0.179
2022,144,Nick Castellanos,RF,PHI,136,524,56,138,27,0,13,62,29,130,7,1,0.263,0.305,0.389,0.694,PHI,558,3,0,2,15,0.93,40,204,0,0.326,0.126,40.31,0.223,0.052,0.233
2022,144,Bryan De La Cruz,RF,MIA,115,329,38,83,20,0,13,43,19,90,4,0,0.252,0.294,0.432,0.726,MIA,355,2,0,4,8,1.11,33,142,0,0.304,0.179,25.31,0.211,0.054,0.254
2022,144,Tommy Edman,2B,STL,153,577,95,153,31,4,13,57,46,111,32,3,0.265,0.324,0.4,0.724,STL,630,5,1,1,10,1.16,48,231,2,0.308,0.135,44.38,0.414,0.073,0.176
2022,144,Ramón Laureano,RF,OAK,94,346,49,73,18,0,13,34,25,104,11,6,0.211,0.287,0.376,0.663,OAK,383,12,0,0,6,0.92,31,130,0,0.262,0.165,26.62,0.24,0.065,0.272
2022,144,Jorge Mateo,SS,BAL,150,494,63,109,25,7,13,50,27,147,35,9,0.221,0.267,0.379,0.646,BAL,533,5,3,2,8,0.75,45,187,0,0.286,0.158,38.0,0.184,0.051,0.276
2022,144,Joey Meneses,1B,WSH,56,222,33,72,14,0,13,34,15,52,1,0,0.324,0.367,0.563,0.93,WSH,240,1,0,2,13,1.56,27,125,2,0.371,0.239,17.08,0.288,0.063,0.217
2022,144,Rougned Odor,2B,BAL,135,426,49,88,19,3,13,53,32,109,6,1,0.207,0.275,0.357,0.632,BAL,472,10,0,4,9,0.54,35,152,1,0.244,0.15,32.77,0.294,0.068,0.231
2022,144,Brendan Rodgers,2B,COL,137,527,72,140,30,3,13,63,46,101,0,0,0.266,0.325,0.408,0.733,COL,581,3,0,5,25,1.35,46,215,0,0.304,0.142,40.54,0.455,0.079,0.174
2022,144,Adley Rutschman,C,BAL,113,398,70,101,35,1,13,42,65,86,4,0,0.254,0.362,0.445,0.807,BAL,470,4,0,3,4,0.86,49,177,0,0.291,0.191,30.62,0.756,0.138,0.183
2022,144,Jorge Soler,LF,MIA,72,270,32,56,13,0,13,34,31,90,0,2,0.207,0.295,0.4,0.695,MIA,306,3,0,1,9,1.08,26,108,1,0.256,0.193,20.77,0.344,0.101,0.294
2022,144,Jesús Sánchez,CF,MIA,98,313,38,67,14,3,13,36,26,92,1,0,0.214,0.28,0.403,0.683,MIA,343,3,0,1,7,1.18,30,126,0,0.258,0.188,24.08,0.283,0.076,0.268
2022,144,Trayce Thompson,LF,LAD,80,219,36,56,14,1,13,41,32,93,4,1,0.256,0.353,0.507,0.86,LAD,255,2,0,2,2,0.76,28,111,0,0.374,0.251,16.85,0.344,0.125,0.365
2022,144,Justin Turner,3B,LAD,128,468,61,130,36,0,13,81,50,89,3,0,0.278,0.35,0.438,0.788,LAD,532,6,0,8,13,0.61,49,205,1,0.313,0.16,36.0,0.562,0.094,0.167
2022,144,Gio Urshela,3B,MIN,144,501,61,143,27,3,13,64,41,96,1,0,0.285,0.338,0.429,0.767,MIN,551,2,0,7,21,0.82,43,215,2,0.326,0.144,38.54,0.427,0.074,0.174
2022,161,Kole Calhoun,RF,TEX,125,388,36,76,14,1,12,49,27,136,3,2,0.196,0.257,0.33,0.587,TEX,424,6,0,3,6,0.85,27,128,0,0.263,0.134,32.33,0.199,0.064,0.321
2022,161,Bobby Dalbec,1B,BOS,117,317,40,68,9,2,12,39,29,118,3,0,0.215,0.283,0.369,0.652,BOS,353,3,0,4,5,0.82,23,117,0,0.293,0.155,26.42,0.246,0.082,0.334
2022,161,J.D. Davis,3B,SF,115,318,46,79,16,1,12,35,39,122,1,1,0.248,0.34,0.418,0.758,SF,365,6,0,2,13,0.95,29,133,1,0.36,0.17,26.5,0.32,0.107,0.334
2022,161,Hunter Dozier,1B,KC,129,462,51,109,26,4,12,41,34,125,4,3,0.236,0.292,0.387,0.679,KC,500,3,0,1,14,0.92,42,179,0,0.298,0.152,38.5,0.272,0.068,0.25
2022,161,Adam Duvall,CF,ATL,86,287,39,61,16,1,12,36,21,101,0,2,0.213,0.276,0.401,0.677,ATL,315,5,0,2,2,0.53,29,115,0,0.278,0.188,23.92,0.208,0.067,0.321
2022,161,Aledmys Díaz,LF,HOU,92,305,35,74,13,0,12,38,18,53,1,1,0.243,0.287,0.403,0.69,HOU,327,2,0,2,7,0.75,25,123,0,0.256,0.161,25.42,0.34,0.055,0.162
2022,161,Jake Fraley,LF,CIN,68,216,33,56,9,0,12,28,26,54,4,1,0.259,0.344,0.468,0.812,CIN,247,3,0,2,1,1.04,21,101,1,0.289,0.208,18.0,0.481,0.105,0.219
2022,161,DJ LeMahieu,3B,NYY,125,467,74,122,18,0,12,46,67,71,4,3,0.261,0.357,0.377,0.734,NYY,541,4,1,2,12,1.66,30,176,0,0.285,0.116,38.92,0.944,0.124,0.131
2022,161,Ketel Marte,2B,AZ,137,492,68,118,42,2,12,52,55,101,5,1,0.24,0.321,0.407,0.728,AZ,558,6,0,5,12,0.88,56,200,3,0.276,0.167,41.0,0.545,0.099,0.181
2022,161,Yoán Moncada,3B,CWS,104,397,41,84,18,1,12,51,32,114,2,0,0.212,0.273,0.353,0.626,CWS,433,2,1,1,5,0.86,31,140,2,0.265,0.141,33.08,0.281,0.074,0.263
2022,161,David Peralta,LF,TB,134,439,39,110,30,3,12,59,41,114,1,3,0.251,0.316,0.415,0.731,TB,490,4,0,6,8,0.66,45,182,5,0.307,0.164,36.58,0.36,0.084,0.233
2022,161,Chad Pinder,LF,OAK,111,361,38,85,18,0,12,42,14,118,2,0,0.235,0.263,0.385,0.648,OAK,379,0,1,2,10,1.48,30,139,0,0.313,0.15,30.08,0.119,0.037,0.311
2022,161,Emmanuel Rivera,3B,AZ,102,330,46,77,16,3,12,40,23,83,1,2,0.233,0.292,0.409,0.701,AZ,359,5,0,1,8,1.31,31,135,0,0.275,0.176,27.5,0.277,0.064,0.231
2022,161,LuisL Robert Jr.Robert,CF,CWS,98,380,54,108,18,0,12,56,17,77,11,3,0.284,0.319,0.426,0.745,CWS,401,3,0,1,6,0.98,30,162,1,0.329,0.142,31.67,0.221,0.042,0.192
2022,161,Juan Yepez,LF,STL,76,253,27,64,13,0,12,30,16,61,0,0,0.253,0.296,0.447,0.743,STL,274,1,0,4,6,0.76,25,113,0,0.283,0.194,21.08,0.262,0.058,0.223
2022,176,Joey Bart,C,SF,97,261,34,56,6,0,11,25,26,112,2,1,0.215,0.296,0.364,0.66,SF,291,4,0,0,5,1.07,17,95,0,0.326,0.149,23.73,0.232,0.089,0.385
2022,176,Christian Bethancourt,C,TB,101,318,39,80,17,0,11,34,12,80,5,1,0.252,0.283,0.409,0.692,TB,333,2,1,0,6,1.04,28,130,0,0.304,0.157,28.91,0.15,0.036,0.24
2022,176,Diego Castillo,SS,PIT,96,262,28,54,13,0,11,29,14,75,1,1,0.206,0.251,0.382,0.633,PIT,283,3,0,4,7,0.83,24,100,1,0.239,0.176,23.82,0.187,0.049,0.265
2022,176,Diego Castillo,SS,PIT,96,262,28,54,13,0,11,29,14,75,1,1,0.206,0.251,0.382,0.633,SEA,0,0,0,0,0,-.--,0,0,0,.---,--,-.--,.---,.---,.---
2022,176,Rodolfo Castro,2B,PIT,71,253,25,59,8,4,11,27,22,74,5,3,0.233,0.299,0.427,0.726,PIT,278,2,0,1,6,1.28,23,108,0,0.284,0.194,23.0,0.297,0.079,0.266
2022,176,Ji Man Choi,1B,TB,113,356,36,83,22,0,11,52,58,123,0,0,0.233,0.341,0.388,0.729,TB,419,2,0,3,3,1.15,33,138,3,0.32,0.154,32.36,0.472,0.138,0.294
2022,176,Oscar Gonzalez,RF,CLE,91,362,39,107,27,0,11,43,15,75,1,2,0.296,0.327,0.461,0.788,CLE,382,3,0,2,6,1.39,38,167,2,0.345,0.166,32.91,0.2,0.039,0.196
2022,176,Mitch Haniger,RF,SEA,57,224,31,55,8,0,11,34,20,65,0,0,0.246,0.308,0.429,0.737,SEA,247,1,0,2,7,0.71,19,96,1,0.293,0.183,20.36,0.308,0.081,0.263
2022,176,Ha-Seong Kim,SS,SD,150,517,58,130,29,3,11,59,51,100,12,2,0.251,0.325,0.383,0.708,SD,582,7,3,4,9,0.8,43,198,0,0.29,0.132,47.0,0.51,0.088,0.172
2022,176,Jordan Luplow,RF,AZ,83,205,26,36,5,0,11,28,25,60,5,1,0.176,0.274,0.361,0.635,AZ,234,3,0,1,5,0.77,16,74,1,0.185,0.185,18.64,0.417,0.107,0.256
2022,176,Brandon Marsh,CF,PHI,134,424,49,104,18,4,11,52,28,158,10,4,0.245,0.295,0.384,0.679,PHI,461,3,3,3,4,1.02,33,163,1,0.36,0.139,38.54,0.177,0.061,0.343
2022,176,Whit Merrifield,2B,TOR,139,504,70,126,28,1,11,58,38,85,16,5,0.25,0.298,0.375,0.673,TOR,550,0,0,8,11,0.75,40,189,0,0.276,0.125,45.82,0.447,0.069,0.155
2022,176,Tyler Naquin,RF,NYM,105,310,47,71,19,4,11,46,19,93,4,2,0.229,0.282,0.423,0.705,NYM,334,4,1,0,3,0.86,34,131,2,0.291,0.194,28.18,0.204,0.057,0.278
2022,176,Amed Rosario,SS,CLE,153,637,86,180,26,9,11,71,25,111,18,4,0.283,0.312,0.403,0.715,CLE,670,4,0,4,19,1.3,46,257,0,0.326,0.121,57.91,0.225,0.037,0.166
2022,176,Darin Ruf,DH,NYM,119,334,52,68,12,0,11,45,45,105,2,0,0.204,0.307,0.338,0.645,NYM,388,6,0,3,11,1.0,23,113,0,0.258,0.135,30.36,0.429,0.116,0.271
2022,176,Jonathan Schoop,2B,DET,131,481,48,97,23,1,11,38,19,107,5,0,0.202,0.239,0.322,0.561,DET,510,6,0,4,15,0.99,35,155,1,0.234,0.121,43.73,0.178,0.037,0.21
2022,176,Jose Trevino,C,NYY,115,335,39,83,12,1,11,43,15,62,2,1,0.248,0.283,0.388,0.671,NYY,353,2,0,1,5,0.85,24,130,0,0.274,0.14,30.46,0.242,0.042,0.176
2022,176,Alex Verdugo,LF,BOS,152,593,75,166,39,1,11,74,42,86,1,3,0.28,0.328,0.405,0.733,BOS,644,3,0,6,14,1.12,51,240,2,0.309,0.125,53.91,0.488,0.065,0.134
2022,176,Joey Votto,1B,CIN,91,322,31,66,18,1,11,41,44,97,0,0,0.205,0.319,0.37,0.689,CIN,376,10,0,0,8,1.09,30,119,0,0.257,0.165,29.27,0.454,0.117,0.258
2022,194,Aristides Aquino,RF,CIN,80,259,24,51,13,0,10,30,17,101,2,3,0.197,0.246,0.363,0.609,CIN,276,0,0,0,1,0.73,23,94,0,0.277,0.166,25.9,0.168,0.062,0.366
2022,194,Nelson Cruz,DH,WSH,124,448,50,105,16,0,10,64,49,119,4,0,0.234,0.313,0.337,0.65,WSH,507,4,0,3,16,1.49,26,151,1,0.295,0.103,44.8,0.412,0.097,0.235
2022,194,Mitch Garver,DH,TEX,54,188,23,39,7,0,10,24,23,53,1,1,0.207,0.298,0.404,0.702,TEX,215,2,0,2,3,0.58,17,76,0,0.228,0.197,18.8,0.434,0.107,0.247
2022,194,Kyle Higashioka,C,NYY,83,229,27,52,7,0,10,31,12,52,0,1,0.227,0.264,0.389,0.653,NYY,248,1,2,4,5,0.6,17,89,0,0.246,0.162,22.9,0.231,0.048,0.21
2022,194,Nico Hoerner,SS,CHC,135,481,60,135,22,5,10,55,28,57,20,2,0.281,0.327,0.41,0.737,CHC,517,6,0,2,11,1.01,37,197,4,0.3,0.129,48.1,0.491,0.054,0.11
2022,194,Jonathan India,2B,CIN,103,386,48,96,16,2,10,41,31,94,3,4,0.249,0.327,0.378,0.705,CIN,431,14,0,0,5,0.83,28,146,1,0.305,0.13,38.6,0.33,0.072,0.218
2022,194,Vinnie Pasquantino,1B,KC,72,258,25,76,10,0,10,26,35,34,1,0,0.295,0.383,0.45,0.833,KC,298,3,0,2,5,0.88,20,116,1,0.306,0.155,25.8,1.029,0.117,0.114
2022,194,Jean Segura,2B,PHI,98,354,45,98,9,0,10,33,25,58,13,6,0.277,0.336,0.387,0.723,PHI,387,7,0,1,16,1.46,19,137,1,0.307,0.11,35.4,0.431,0.065,0.15
2022,194,Bryson Stott,SS,PHI,127,427,58,100,19,2,10,49,36,89,12,4,0.234,0.295,0.358,0.653,PHI,466,1,1,1,3,0.92,31,153,0,0.274,0.124,42.7,0.404,0.077,0.191
2022,194,Chris Taylor,LF,LAD,118,402,45,89,25,3,10,43,44,160,10,1,0.221,0.304,0.373,0.677,LAD,454,5,0,3,4,0.56,38,150,2,0.336,0.152,40.2,0.275,0.097,0.352
2022,194,Abraham Toro,2B,SEA,109,324,36,60,13,1,10,35,22,65,2,0,0.185,0.239,0.324,0.563,SEA,352,2,0,4,4,0.78,24,105,1,0.198,0.139,32.4,0.338,0.063,0.185
2022,205,Orlando Arcia,2B,ATL,68,209,25,51,9,0,9,30,21,51,0,0,0.244,0.316,0.416,0.732,ATL,234,2,0,2,7,0.95,18,87,0,0.278,0.172,23.22,0.412,0.09,0.218
2022,205,Victor Caratini,C,MIL,96,272,26,54,12,0,9,34,31,67,0,0,0.199,0.3,0.342,0.642,MIL,314,9,1,1,11,1.32,21,93,1,0.228,0.143,30.22,0.463,0.099,0.213
2022,205,Garrett Cooper,1B,MIA,119,414,37,108,33,2,9,50,40,119,0,0,0.261,0.337,0.415,0.752,MIA,469,10,0,5,6,1.23,44,172,0,0.34,0.155,46.0,0.336,0.085,0.254
2022,205,Brandon Crawford,SS,SF,118,407,50,94,15,2,9,52,39,98,1,1,0.231,0.308,0.344,0.652,SF,458,8,0,4,12,1.11,26,140,3,0.28,0.113,45.22,0.398,0.085,0.214
2022,205,Elias Díaz,C,COL,105,351,29,80,18,2,9,51,25,82,0,1,0.228,0.281,0.368,0.649,COL,381,2,0,3,8,1.11,29,129,0,0.27,0.14,39.0,0.305,0.066,0.215
2022,205,Yandy Díaz,3B,TB,137,473,71,140,33,0,9,57,78,60,3,3,0.296,0.401,0.423,0.824,TB,558,6,0,1,10,1.08,42,200,2,0.323,0.127,52.56,1.3,0.14,0.108
2022,205,Nick Fortes,C,MIA,72,217,41,50,6,1,9,24,18,45,5,3,0.23,0.304,0.392,0.696,MIA,240,5,0,0,5,0.72,16,85,0,0.252,0.161,24.11,0.4,0.075,0.188
2022,205,Maikel Franco,3B,WSH,103,371,31,85,15,0,9,39,12,75,1,0,0.229,0.255,0.342,0.597,WSH,388,2,0,3,18,1.06,24,127,0,0.262,0.113,41.22,0.16,0.031,0.193
2022,205,Ben Gamel,LF,PIT,115,371,42,86,20,2,9,46,48,98,5,1,0.232,0.324,0.369,0.693,PIT,423,3,0,1,5,1.0,31,137,2,0.291,0.137,41.22,0.49,0.113,0.232
2022,205,Kyle Garlick,LF,MIN,66,150,23,35,3,0,9,18,8,48,0,0,0.233,0.284,0.433,0.717,MIN,162,3,0,1,2,1.0,12,65,0,0.277,0.2,16.67,0.167,0.049,0.296
2022,205,Nick Gordon,LF,MIN,138,405,45,110,28,4,9,50,19,105,6,4,0.272,0.316,0.427,0.743,MIN,443,10,3,6,8,0.99,41,173,1,0.34,0.156,45.0,0.181,0.043,0.237
2022,205,Darick Hall,DH,PHI,42,136,19,34,8,1,9,16,5,44,0,0,0.25,0.282,0.522,0.804,PHI,142,1,0,0,3,0.81,18,71,0,0.301,0.272,15.11,0.114,0.035,0.31
2022,205,Yadiel Hernandez,LF,WSH,94,305,30,82,16,0,9,41,19,74,2,1,0.269,0.312,0.41,0.722,WSH,327,1,0,2,9,1.7,25,125,0,0.326,0.141,33.89,0.257,0.058,0.226
2022,205,Max Kepler,RF,MIN,115,388,54,88,18,1,9,43,49,66,3,2,0.227,0.318,0.348,0.666,MIN,446,5,0,4,7,1.03,28,135,1,0.249,0.121,43.11,0.742,0.11,0.148
2022,205,Jeff McNeil,2B,NYM,148,533,73,174,39,1,9,62,40,61,4,0,0.326,0.382,0.454,0.836,NYM,589,11,0,5,6,0.76,49,242,1,0.353,0.128,59.22,0.656,0.068,0.104
2022,205,Josh Rojas,3B,AZ,125,443,66,119,25,1,9,56,55,98,23,3,0.269,0.349,0.391,0.74,AZ,510,2,5,5,7,0.95,35,173,2,0.323,0.122,49.22,0.561,0.108,0.192
2022,205,Pavin Smith,RF,AZ,75,245,24,54,9,0,9,33,28,67,1,0,0.22,0.3,0.367,0.667,AZ,277,1,0,3,2,0.87,18,90,1,0.262,0.147,27.22,0.418,0.101,0.242
2022,205,Max Stassi,C,LAA,102,333,32,60,12,1,9,30,38,112,0,0,0.18,0.267,0.303,0.57,LAA,375,2,1,1,12,1.23,22,101,0,0.239,0.123,37.0,0.339,0.101,0.299
2022,205,Michael A. Taylor,CF,KC,124,414,49,105,10,3,9,43,35,109,4,2,0.254,0.313,0.357,0.67,KC,456,2,2,3,6,0.74,22,148,0,0.321,0.104,46.0,0.321,0.077,0.239
2022,205,Andrew Velazquez,SS,LAA,125,322,37,63,8,0,9,28,15,119,17,1,0.196,0.236,0.304,0.54,LAA,349,3,6,3,3,1.26,17,98,0,0.274,0.109,35.78,0.126,0.043,0.341
2022,205,David Villar,3B,SF,52,156,21,36,6,1,9,24,18,58,0,1,0.231,0.331,0.455,0.786,SF,181,6,0,1,4,0.85,16,71,0,0.3,0.224,17.33,0.31,0.099,0.32
2022,205,Christian Vázquez,C,HOU,119,398,41,109,23,0,9,52,22,69,1,4,0.274,0.315,0.399,0.714,HOU,426,3,0,3,10,1.23,32,159,0,0.31,0.126,44.22,0.319,0.052,0.162
2022,227,Jo Adell,LF,LAA,88,268,22,60,12,2,8,27,11,107,4,2,0.224,0.264,0.373,0.637,LAA,285,4,0,1,6,0.85,22,100,0,0.338,0.149,33.5,0.103,0.039,0.375
2022,227,Ozzie Albies,2B,ATL,64,247,36,61,16,0,8,35,16,47,3,5,0.247,0.294,0.409,0.703,ATL,269,2,0,4,0,0.7,24,101,0,0.27,0.162,30.88,0.34,0.059,0.175
2022,227,Brian Anderson,3B,MIA,98,338,43,75,16,1,8,28,37,101,1,0,0.222,0.311,0.346,0.657,MIA,383,7,0,1,7,1.47,25,117,2,0.291,0.124,42.25,0.366,0.097,0.264
2022,227,Luis Arraez,1B,MIN,144,547,88,173,31,1,8,49,50,43,4,4,0.316,0.375,0.42,0.795,MIN,603,3,0,3,6,0.92,40,230,2,0.331,0.104,68.38,1.163,0.083,0.071
2022,227,Austin Barnes,C,LAD,62,179,31,38,6,0,8,26,27,37,2,1,0.212,0.324,0.38,0.704,LAD,212,3,2,1,5,1.02,14,68,0,0.222,0.168,22.38,0.73,0.127,0.175
2022,227,Brandon Belt,1B,SF,78,254,25,54,9,1,8,23,37,81,1,0,0.213,0.326,0.35,0.676,SF,298,6,0,1,9,0.48,18,89,2,0.277,0.138,31.75,0.457,0.124,0.272
2022,227,Jake Burger,3B,CWS,51,168,20,42,9,1,8,26,10,56,0,0,0.25,0.302,0.458,0.76,CWS,183,3,1,1,7,0.89,18,77,1,0.324,0.208,21.0,0.179,0.055,0.306
2022,227,Dylan Carlson,CF,STL,128,432,56,102,30,4,8,42,45,94,5,2,0.236,0.316,0.38,0.696,STL,488,7,0,4,6,1.0,42,164,1,0.281,0.144,54.0,0.479,0.092,0.193
2022,227,Willi Castro,RF,DET,112,365,47,88,18,2,8,31,15,82,9,4,0.241,0.284,0.367,0.651,DET,392,8,1,3,4,0.88,28,134,0,0.288,0.126,45.62,0.183,0.038,0.209
2022,227,Franchy Cordero,1B,BOS,84,242,36,53,17,1,8,29,28,92,4,1,0.219,0.3,0.397,0.697,BOS,275,1,2,2,1,0.87,26,96,1,0.313,0.178,30.25,0.304,0.102,0.335
2022,227,TJ Friedl,LF,CIN,72,225,33,54,10,5,8,25,20,40,7,2,0.24,0.314,0.436,0.75,CIN,258,7,0,6,3,0.54,23,98,0,0.251,0.196,28.12,0.5,0.078,0.155
2022,227,Avisaíl García,RF,MIA,98,357,31,80,9,0,8,35,17,109,4,0,0.224,0.266,0.317,0.583,MIA,380,4,0,2,12,1.62,17,113,0,0.298,0.092,44.62,0.156,0.045,0.287
2022,227,Yan Gomes,C,CHC,86,277,23,65,12,0,8,31,8,47,2,0,0.235,0.26,0.365,0.625,CHC,293,3,1,4,15,1.24,20,101,0,0.252,0.13,34.62,0.17,0.027,0.16
2022,227,Yuli Gurriel,1B,HOU,146,545,53,132,40,0,8,53,30,73,8,0,0.242,0.288,0.36,0.648,HOU,584,6,0,3,13,0.73,48,196,0,0.266,0.117,68.12,0.411,0.051,0.125
2022,227,Aaron Hicks,CF,NYY,130,384,54,83,9,2,8,40,62,109,10,3,0.216,0.33,0.313,0.643,NYY,453,4,1,2,10,0.84,19,120,3,0.279,0.096,48.0,0.569,0.137,0.241
2022,227,Eric Hosmer,1B,BOS,104,380,38,102,19,0,8,44,37,64,0,0,0.268,0.334,0.382,0.716,BOS,419,1,0,1,12,1.83,27,145,5,0.304,0.113,47.5,0.578,0.088,0.153
2022,227,Brandon Lowe,2B,TB,65,235,31,52,10,2,8,25,27,61,1,0,0.221,0.308,0.383,0.691,TB,266,3,0,1,1,0.81,20,90,0,0.263,0.162,29.38,0.443,0.102,0.229
2022,227,Jake McCarthy,RF,AZ,99,321,53,91,16,3,8,43,23,76,23,3,0.283,0.342,0.427,0.769,AZ,354,6,3,1,3,1.36,27,137,0,0.349,0.143,40.12,0.303,0.065,0.215
2022,227,Jace Peterson,3B,MIL,113,288,44,68,14,2,8,34,33,85,12,1,0.236,0.316,0.382,0.698,MIL,328,2,2,3,8,1.22,24,110,2,0.303,0.146,36.0,0.388,0.101,0.259
2022,227,Frank Schwindel,1B,CHC,75,271,23,62,11,0,8,36,19,58,0,0,0.229,0.277,0.358,0.635,CHC,292,0,0,2,12,1.07,19,97,1,0.261,0.129,33.88,0.328,0.065,0.199
2022,227,Alek Thomas,CF,AZ,113,381,45,88,17,1,8,39,22,74,4,3,0.231,0.275,0.344,0.619,AZ,411,3,0,5,6,1.67,26,131,0,0.263,0.113,47.62,0.297,0.054,0.18
2022,227,Spencer Torkelson,1B,DET,110,360,38,73,16,1,8,28,37,99,0,1,0.203,0.285,0.319,0.604,DET,404,5,0,2,12,0.81,25,115,0,0.255,0.117,45.0,0.374,0.092,0.245
2022,227,LaMonteL Wade Jr.Wade,RF,SF,77,217,29,45,7,1,8,26,26,51,1,0,0.207,0.305,0.359,0.664,SF,251,5,2,1,0,0.68,16,78,0,0.233,0.152,27.12,0.51,0.104,0.203
2022,227,Taylor Walls,SS,TB,142,407,53,70,18,2,8,33,52,120,10,3,0.172,0.268,0.285,0.553,TB,466,2,2,2,6,0.69,28,116,0,0.221,0.113,50.88,0.433,0.112,0.258
2022,251,Jorge Alfaro,C,SD,82,256,25,63,14,0,7,40,11,98,1,0,0.246,0.285,0.383,0.668,SD,274,4,0,3,5,1.23,21,98,0,0.364,0.137,36.57,0.112,0.04,0.358
2022,251,Harold Castro,1B,DET,120,420,37,114,21,2,7,47,17,79,0,1,0.271,0.3,0.381,0.681,DET,443,1,3,2,5,1.11,30,160,1,0.318,0.11,60.0,0.215,0.038,0.178
2022,251,Santiago Espinal,2B,TOR,135,449,51,120,25,0,7,51,36,68,6,6,0.267,0.322,0.37,0.692,TOR,491,2,1,3,12,0.93,32,166,1,0.3,0.102,64.14,0.529,0.073,0.138
2022,251,LuisL García Jr.García,SS,WSH,93,360,29,99,23,2,7,45,11,84,3,4,0.275,0.295,0.408,0.703,WSH,377,1,1,4,6,1.68,32,147,1,0.337,0.133,51.43,0.131,0.029,0.223
2022,251,Robbie Grossman,RF,ATL,129,411,40,86,19,1,7,45,56,129,6,2,0.209,0.31,0.311,0.621,ATL,477,6,0,4,3,0.56,27,128,0,0.283,0.102,58.71,0.434,0.117,0.27
2022,251,Josh Harrison,2B,CWS,119,386,50,99,19,2,7,27,21,71,2,1,0.256,0.317,0.37,0.687,CWS,425,14,2,2,9,0.96,28,143,0,0.297,0.114,55.14,0.296,0.049,0.167
2022,251,Ke'Bryan Hayes,3B,PIT,136,505,55,123,24,3,7,41,48,122,20,5,0.244,0.314,0.345,0.659,PIT,560,5,0,2,12,1.17,34,174,0,0.307,0.101,72.14,0.393,0.086,0.218
2022,251,Austin Hedges,C,CLE,105,294,26,48,4,0,7,30,25,78,2,0,0.163,0.241,0.248,0.489,CLE,338,6,10,3,12,0.83,11,73,0,0.193,0.085,42.0,0.321,0.074,0.231
2022,251,Ryan Jeffers,C,MIN,67,212,25,44,10,1,7,27,23,62,0,0,0.208,0.285,0.363,0.648,MIN,236,0,1,0,6,0.67,18,77,0,0.259,0.156,30.29,0.371,0.097,0.263
2022,251,Connor Joe,LF,COL,111,404,56,96,20,4,7,28,55,97,6,2,0.238,0.338,0.359,0.697,COL,467,7,0,1,8,1.12,31,145,0,0.296,0.121,57.71,0.567,0.118,0.208
2022,251,Jarred Kelenic,CF,SEA,54,163,20,23,5,1,7,17,16,61,5,2,0.141,0.221,0.313,0.534,SEA,181,1,0,1,3,0.7,13,51,0,0.167,0.172,23.29,0.262,0.088,0.337
2022,251,Carson Kelly,C,AZ,104,317,40,67,18,0,7,35,29,71,2,0,0.211,0.282,0.334,0.616,AZ,354,4,0,4,10,0.83,25,106,0,0.247,0.123,45.29,0.408,0.082,0.201
2022,251,Tony Kemp,2B,OAK,147,497,61,117,24,2,7,46,45,69,11,1,0.235,0.307,0.334,0.641,OAK,558,8,5,3,5,0.88,33,166,0,0.259,0.099,71.0,0.652,0.081,0.124
2022,251,Kevin Kiermaier,CF,TB,63,206,28,47,8,0,7,22,14,61,6,1,0.228,0.281,0.369,0.65,TB,221,1,0,0,2,1.58,15,76,0,0.29,0.141,29.43,0.23,0.063,0.276
2022,251,Brad Miller,LF,TEX,81,222,20,47,3,0,7,32,18,70,4,2,0.212,0.27,0.32,0.59,TEX,241,0,0,1,3,0.71,10,71,0,0.274,0.108,31.71,0.257,0.075,0.29
2022,251,Mike Moustakas,DH,CIN,78,252,30,54,12,0,7,25,24,75,2,0,0.214,0.295,0.345,0.64,CIN,285,6,0,3,8,0.64,19,87,0,0.272,0.131,36.0,0.32,0.084,0.263
2022,251,Wil Myers,RF,SD,77,261,29,68,15,0,7,41,21,86,2,1,0.261,0.315,0.398,0.713,SD,286,1,0,3,7,0.8,22,104,1,0.357,0.138,37.29,0.244,0.073,0.301
2022,251,Rafael Ortega,CF,CHC,118,316,35,76,14,1,7,35,44,74,12,7,0.241,0.331,0.358,0.689,CHC,371,2,1,7,10,0.69,22,113,2,0.285,0.117,45.14,0.595,0.119,0.199
2022,251,Nick Pratto,1B,KC,49,158,18,29,9,1,7,20,19,66,0,0,0.184,0.271,0.386,0.657,KC,182,1,1,3,6,0.81,17,61,0,0.25,0.203,22.57,0.288,0.104,0.363
2022,251,Edwin Rios,DH,LAD,27,86,12,21,1,0,7,17,5,36,0,1,0.244,0.293,0.5,0.793,LAD,92,1,0,0,2,1.64,8,43,1,0.326,0.256,12.29,0.139,0.054,0.391
2022,251,Keibert Ruiz,C,WSH,112,394,33,99,22,0,7,36,30,50,6,1,0.251,0.313,0.36,0.673,WSH,433,6,1,2,9,0.91,29,142,0,0.271,0.109,56.29,0.6,0.069,0.115
2022,251,Jose Siri,CF,TB,104,301,53,64,13,2,7,24,20,108,14,2,0.213,0.268,0.339,0.607,TB,325,3,0,1,3,0.97,22,102,0,0.305,0.126,43.0,0.185,0.062,0.332
2022,251,Austin Slater,CF,SF,125,277,49,73,15,2,7,34,40,89,12,1,0.264,0.366,0.408,0.774,SF,325,6,0,2,9,1.72,24,113,0,0.361,0.144,39.57,0.449,0.123,0.274
2022,251,Raimel Tapia,LF,TOR,128,411,47,109,20,3,7,52,16,81,8,2,0.265,0.292,0.38,0.672,TOR,433,0,3,1,12,1.62,30,156,0,0.315,0.114,58.71,0.198,0.037,0.187
2022,251,Stephen Vogt,DH,OAK,70,168,18,27,4,1,7,23,17,46,1,0,0.161,0.241,0.321,0.562,OAK,191,2,0,4,4,0.5,12,54,0,0.168,0.161,24.0,0.37,0.089,0.241
2022,276,Sergio Alcántara,3B,AZ,93,205,26,45,8,1,6,29,12,57,1,2,0.22,0.261,0.356,0.617,AZ,224,1,2,4,6,0.98,15,73,0,0.267,0.137,34.17,0.211,0.054,0.254
2022,276,Tim Anderson,SS,CWS,79,332,50,100,13,0,6,25,14,55,13,0,0.301,0.339,0.395,0.734,CWS,351,5,0,0,10,1.81,19,131,1,0.347,0.093,55.33,0.255,0.04,0.157
2022,276,Christian Arroyo,2B,BOS,87,280,32,80,16,1,6,36,13,49,5,1,0.286,0.322,0.414,0.736,BOS,300,3,2,2,7,1.15,23,116,2,0.326,0.129,46.67,0.265,0.043,0.163
2022,276,Cavan Biggio,2B,TOR,97,257,43,52,18,1,6,24,38,85,2,0,0.202,0.318,0.35,0.668,TOR,303,6,1,1,2,0.72,25,90,0,0.275,0.148,42.83,0.447,0.125,0.281
2022,276,Mike Brosseau,3B,MIL,70,141,15,36,5,0,6,23,14,48,2,0,0.255,0.344,0.418,0.762,MIL,160,5,0,0,0,0.68,11,59,0,0.345,0.163,23.5,0.292,0.088,0.3
2022,276,Oswaldo Cabrera,RF,NYY,44,154,21,38,8,1,6,19,15,44,3,2,0.247,0.312,0.429,0.741,NYY,171,0,1,1,1,0.54,15,66,0,0.305,0.182,25.67,0.341,0.088,0.257
2022,276,Kerry Carpenter,DH,DET,31,103,16,26,4,1,6,10,6,32,0,0,0.252,0.31,0.485,0.795,DET,113,3,0,1,0,1.0,11,50,0,0.303,0.233,17.17,0.188,0.053,0.283
2022,276,J.P. Crawford,SS,SEA,145,518,57,126,24,3,6,42,68,80,3,2,0.243,0.339,0.336,0.675,SEA,603,10,2,5,11,1.02,33,174,0,0.275,0.093,86.33,0.85,0.113,0.133
2022,276,Paul DeJong,SS,STL,77,210,19,33,9,0,6,25,21,79,3,2,0.157,0.245,0.286,0.531,STL,237,4,0,2,2,0.59,15,60,0,0.213,0.129,35.0,0.266,0.089,0.333
2022,276,Corey Dickerson,LF,STL,97,281,28,75,17,1,6,36,12,48,0,0,0.267,0.3,0.399,0.699,STL,297,2,0,2,4,1.08,24,112,1,0.301,0.132,46.83,0.25,0.04,0.162
2022,276,Wander Franco,SS,TB,83,314,46,87,20,3,6,33,26,33,8,0,0.277,0.328,0.417,0.745,TB,344,0,0,4,5,1.06,29,131,1,0.29,0.14,52.33,0.788,0.076,0.096
2022,276,Marwin Gonzalez,SS,NYY,86,184,20,34,7,0,6,18,14,54,3,0,0.185,0.255,0.321,0.576,NYY,207,4,3,2,8,0.8,13,59,0,0.222,0.136,30.67,0.259,0.068,0.261
2022,276,Enrique Hernández,CF,BOS,93,361,48,80,24,0,6,45,34,71,0,2,0.222,0.291,0.338,0.629,BOS,402,3,0,4,11,0.67,30,122,0,0.257,0.116,60.17,0.479,0.085,0.177
2022,276,P.J. Higgins,1B,CHC,74,201,23,46,11,1,6,30,22,58,0,0,0.229,0.31,0.383,0.693,CHC,229,2,3,1,2,0.98,18,77,0,0.29,0.154,33.5,0.379,0.096,0.253
2022,276,Steven Kwan,LF,CLE,147,563,89,168,25,7,6,52,62,60,19,5,0.298,0.373,0.4,0.773,CLE,638,7,2,4,9,0.78,38,225,2,0.323,0.101,93.83,1.033,0.097,0.094
2022,276,Shea Langeliers,DH,OAK,40,142,14,31,10,1,6,22,9,53,0,0,0.218,0.261,0.43,0.691,OAK,153,0,0,2,4,0.88,17,61,0,0.294,0.211,23.67,0.17,0.059,0.346
2022,276,Gavin Lux,2B,LAD,129,421,66,116,20,7,6,42,47,95,7,2,0.276,0.346,0.399,0.745,LAD,471,0,0,3,3,1.34,33,168,0,0.341,0.124,70.17,0.495,0.1,0.202
2022,276,Mark Mathias,DH,TEX,30,81,13,20,3,0,6,20,9,30,3,0,0.247,0.319,0.506,0.825,TEX,91,0,0,1,0,1.13,9,41,0,0.304,0.259,13.5,0.3,0.099,0.33
2022,276,Francisco Mejía,C,TB,93,289,32,70,22,0,6,31,7,65,0,0,0.242,0.264,0.381,0.645,TB,299,2,0,1,6,0.68,28,110,0,0.292,0.138,48.17,0.108,0.023,0.217
2022,276,Owen Miller,1B,CLE,130,424,53,103,26,1,6,51,32,93,2,0,0.243,0.301,0.351,0.652,CLE,472,7,0,9,8,0.94,33,149,1,0.29,0.108,70.67,0.344,0.068,0.197
2022,276,Elehuris Montero,3B,COL,53,176,21,41,15,1,6,20,8,60,0,0,0.233,0.27,0.432,0.702,COL,185,1,0,0,4,0.79,22,76,0,0.318,0.199,29.33,0.133,0.043,0.324
2022,276,Dylan Moore,RF,SEA,104,205,41,46,11,2,6,24,34,75,21,8,0.224,0.368,0.385,0.753,SEA,255,13,1,1,5,0.59,19,79,2,0.32,0.161,34.17,0.453,0.133,0.294
2022,276,Michael Pérez,C,NYM,45,121,10,18,0,0,6,14,10,32,1,0,0.149,0.214,0.298,0.512,NYM,132,0,1,0,2,0.71,6,36,0,0.145,0.149,20.17,0.313,0.076,0.242
2022,276,Harold Ramírez,DH,TB,120,403,46,121,24,0,6,58,19,72,3,5,0.3,0.343,0.404,0.747,TB,435,9,0,4,5,1.16,30,163,1,0.35,0.104,67.17,0.264,0.044,0.166
2022,276,Rob Refsnyder,RF,BOS,57,153,25,47,11,0,6,21,15,46,1,1,0.307,0.384,0.497,0.881,BOS,177,6,0,3,1,0.91,17,76,0,0.394,0.19,25.5,0.326,0.085,0.26
2022,276,Victor Robles,CF,WSH,132,366,42,82,10,2,6,33,17,104,15,4,0.224,0.273,0.311,0.584,WSH,407,9,11,4,3,0.89,18,114,0,0.292,0.087,61.0,0.163,0.042,0.256
2022,276,Miguel Rojas,SS,MIA,140,471,34,111,19,2,6,36,26,61,9,3,0.236,0.283,0.323,0.606,MIA,507,6,1,3,12,1.09,27,152,1,0.258,0.087,78.5,0.426,0.051,0.12
2022,276,Brian Serven,C,COL,62,187,19,38,4,1,6,16,13,44,0,0,0.203,0.261,0.332,0.593,COL,205,2,2,1,7,1.2,11,62,0,0.232,0.128,31.17,0.295,0.063,0.215
2022,276,Tyler Stephenson,C,CIN,50,166,24,53,9,0,6,35,12,47,1,0,0.319,0.372,0.482,0.854,CIN,183,3,0,2,4,0.89,15,80,0,0.409,0.163,27.67,0.255,0.066,0.257
2022,276,Nelson Velázquez,CF,CHC,77,185,20,38,7,3,6,26,19,65,5,2,0.205,0.286,0.373,0.659,CHC,206,2,0,0,5,0.91,16,69,0,0.281,0.168,30.83,0.292,0.092,0.316
2022,276,Matt Vierling,CF,PHI,117,325,41,80,12,2,6,32,23,70,7,4,0.246,0.297,0.351,0.648,PHI,357,3,0,6,7,0.85,20,114,0,0.29,0.105,54.17,0.329,0.064,0.196
2022,307,Riley Adams,C,WSH,48,142,14,25,4,0,5,10,12,46,0,1,0.176,0.245,0.31,0.555,WSH,155,1,0,0,2,0.97,9,44,0,0.22,0.134,28.4,0.261,0.077,0.297
2022,307,Albert Almora,RF,CIN,64,215,26,48,10,1,5,29,17,46,3,2,0.223,0.282,0.349,0.631,CIN,235,1,1,1,9,1.41,16,75,0,0.261,0.126,43.0,0.37,0.072,0.196
2022,307,Harrison Bader,CF,NYY,86,292,38,73,10,3,5,30,15,62,17,3,0.25,0.294,0.356,0.65,NYY,313,4,0,2,4,0.67,18,104,0,0.3,0.106,58.4,0.242,0.048,0.198
2022,307,Andrew Benintendi,LF,NYY,126,461,54,140,23,3,5,51,52,77,8,3,0.304,0.373,0.399,0.772,NYY,521,2,1,5,7,0.84,31,184,0,0.352,0.095,92.2,0.675,0.1,0.148
2022,307,JJ Bleday,CF,MIA,65,204,21,34,10,2,5,16,30,67,4,1,0.167,0.277,0.309,0.586,MIA,238,2,0,2,5,0.4,17,63,0,0.216,0.142,40.8,0.448,0.126,0.282
2022,307,Michael Brantley,DH,HOU,64,243,28,70,14,1,5,26,31,30,1,1,0.288,0.37,0.416,0.786,HOU,277,1,1,1,1,1.1,20,101,2,0.311,0.128,48.6,1.033,0.112,0.108
2022,307,Kris Bryant,LF,COL,42,160,28,49,12,0,5,14,17,27,0,0,0.306,0.376,0.475,0.851,COL,181,2,0,2,7,0.91,17,76,0,0.338,0.169,32.0,0.63,0.094,0.149
2022,307,Miguel Cabrera,DH,DET,112,397,25,101,10,0,5,43,28,101,1,0,0.254,0.305,0.317,0.622,DET,433,3,0,5,11,1.53,15,126,3,0.324,0.063,79.4,0.277,0.065,0.233
2022,307,Alex Call,LF,WSH,47,114,18,27,3,1,5,13,15,30,3,3,0.237,0.336,0.412,0.748,WSH,131,2,0,0,2,0.9,9,47,0,0.278,0.175,22.8,0.5,0.115,0.229
2022,307,Curt Casali,C,SEA,57,148,20,30,4,0,5,17,24,50,0,0,0.203,0.318,0.331,0.649,SEA,176,2,0,2,1,0.59,9,49,0,0.263,0.128,29.6,0.48,0.136,0.284
2022,307,Triston Casas,1B,BOS,27,76,11,15,1,0,5,12,19,23,1,0,0.197,0.358,0.408,0.766,BOS,95,0,0,0,4,1.92,6,31,0,0.208,0.211,15.2,0.826,0.2,0.242
2022,307,Jake Cave,LF,MIN,54,164,17,35,7,3,5,20,11,49,2,0,0.213,0.26,0.384,0.644,MIN,177,0,0,2,2,0.64,15,63,0,0.268,0.171,32.8,0.224,0.062,0.277
2022,307,KodyK ClemensClemensX,,DET,57,117,13,17,4,0,5,17,8,33,1,0,0.145,0.197,0.308,0.505,DET,127,0,0,2,1,0.77,9,36,0,0.148,0.162,23.4,0.242,0.063,0.26
2022,307,Brendan Donovan,2B,STL,126,391,64,110,21,1,5,45,60,70,2,3,0.281,0.394,0.379,0.773,STL,468,14,1,2,8,1.61,27,148,1,0.33,0.097,78.2,0.857,0.128,0.15
2022,307,Mauricio Dubón,CF,HOU,104,243,31,52,9,0,5,24,13,30,2,3,0.214,0.252,0.313,0.565,HOU,265,1,3,5,7,0.66,14,76,0,0.221,0.099,48.6,0.433,0.049,0.113
2022,307,Ezequiel Duran,3B,TEX,58,208,25,49,10,1,5,25,12,54,4,1,0.236,0.277,0.365,0.642,TEX,220,0,0,0,3,1.14,16,76,0,0.295,0.13,41.6,0.222,0.055,0.245
2022,307,Lewin Díaz,1B,MIA,58,160,12,27,4,0,5,11,11,54,1,0,0.169,0.224,0.288,0.512,MIA,174,1,0,2,3,0.76,9,46,0,0.214,0.119,32.0,0.204,0.063,0.31
2022,307,Stuart Fairchild,LF,CIN,46,97,14,24,4,1,5,6,8,34,0,2,0.247,0.336,0.464,0.8,CIN,110,5,0,0,1,1.05,10,45,0,0.328,0.216,19.4,0.235,0.073,0.309
2022,307,Dérmis Garcia,1B,OAK,39,116,13,24,6,0,5,20,8,55,0,0,0.207,0.264,0.388,0.652,OAK,125,1,0,0,1,1.06,11,45,0,0.339,0.181,23.2,0.145,0.064,0.44
2022,307,Yasmani Grandal,C,CWS,99,327,15,66,7,0,5,27,45,79,1,0,0.202,0.301,0.269,0.57,CWS,376,2,0,2,8,0.8,12,88,1,0.249,0.067,65.4,0.57,0.12,0.21
2022,307,Riley Greene,CF,DET,93,376,46,95,18,4,5,42,36,120,1,4,0.253,0.321,0.362,0.683,DET,418,3,0,3,8,1.88,27,136,0,0.354,0.109,75.2,0.3,0.086,0.287
2022,307,Vaughn Grissom,2B,ATL,41,141,24,41,6,0,5,18,11,34,5,2,0.291,0.353,0.44,0.793,ATL,156,3,0,1,0,0.97,11,62,1,0.35,0.149,28.2,0.324,0.071,0.218
2022,307,LourdesL Gurriel Jr.Gurriel,LF,TOR,121,453,52,132,32,1,5,52,31,83,3,4,0.291,0.343,0.4,0.743,TOR,493,6,0,2,11,1.0,38,181,1,0.346,0.108,90.6,0.373,0.063,0.168
2022,307,Sam Haggerty,RF,SEA,83,176,29,45,9,1,5,23,18,53,13,1,0.256,0.335,0.403,0.738,SEA,201,4,1,2,4,1.19,15,71,3,0.333,0.148,35.2,0.34,0.09,0.264
2022,307,Odúbel Herrera,CF,PHI,62,185,23,44,9,1,5,21,11,42,6,0,0.238,0.279,0.378,0.657,PHI,197,0,0,1,3,1.7,15,70,0,0.281,0.141,37.0,0.262,0.056,0.213
2022,307,Kyle Isbel,RF,KC,106,256,32,54,10,4,5,28,16,75,9,6,0.211,0.264,0.34,0.604,KC,278,3,1,2,5,0.83,19,87,0,0.275,0.129,51.2,0.213,0.058,0.27
2022,307,Josh Jung,3B,TEX,26,98,9,20,4,1,5,14,4,39,2,0,0.204,0.235,0.418,0.653,TEX,102,0,0,0,2,1.44,10,41,0,0.278,0.214,19.6,0.103,0.039,0.382
2022,307,Trevor Larnach,LF,MIN,51,160,22,37,13,0,5,18,18,57,0,0,0.231,0.306,0.406,0.712,MIN,180,0,0,2,1,1.13,18,65,1,0.32,0.175,32.0,0.316,0.1,0.317
2022,307,Nick Maton,2B,PHI,35,72,13,18,2,1,5,17,10,29,0,0,0.25,0.341,0.514,0.855,PHI,85,1,0,2,0,0.8,8,37,0,0.325,0.264,14.4,0.345,0.118,0.341
2022,307,Zach McKinstry,3B,CHC,57,166,21,33,6,3,5,14,16,52,7,0,0.199,0.273,0.361,0.634,CHC,185,1,2,0,0,1.02,14,60,0,0.257,0.163,33.2,0.308,0.086,0.281
2022,307,Cal Mitchell,RF,PIT,69,212,21,48,11,0,5,17,18,52,3,1,0.226,0.286,0.349,0.635,PIT,232,0,1,1,3,1.15,16,74,0,0.276,0.123,42.4,0.346,0.078,0.224
2022,307,Yadier Molina,C,STL,80,262,19,56,8,0,5,24,5,40,2,0,0.214,0.233,0.302,0.535,STL,270,2,0,1,10,0.8,13,79,0,0.234,0.088,52.4,0.125,0.019,0.148
2022,307,Colin Moran,1B,CIN,42,109,11,23,3,0,5,23,16,30,0,0,0.211,0.305,0.376,0.681,CIN,128,0,0,3,4,1.36,8,41,0,0.234,0.165,21.8,0.533,0.125,0.234
2022,307,Geraldo Perdomo,SS,AZ,148,431,58,84,10,2,5,40,50,103,9,2,0.195,0.285,0.262,0.547,AZ,500,5,12,2,3,1.24,17,113,0,0.243,0.067,86.2,0.485,0.1,0.206
2022,307,BrettB PhillipsPhillipsX,,BAL,83,201,22,29,6,0,5,15,16,94,7,0,0.144,0.217,0.249,0.466,BAL,225,3,4,1,0,0.69,11,50,0,0.233,0.104,40.2,0.17,0.071,0.418
2022,307,Stephen Piscotty,RF,OAK,42,126,12,24,4,0,5,14,9,48,2,0,0.19,0.252,0.341,0.593,OAK,139,2,0,2,2,1.07,9,43,1,0.253,0.151,25.2,0.188,0.065,0.345
2022,307,Anthony Rendon,3B,LAA,47,166,15,38,10,0,5,24,23,35,2,0,0.229,0.326,0.38,0.706,LAA,193,2,0,2,7,0.67,15,63,0,0.258,0.151,33.2,0.657,0.119,0.181
2022,307,Eddie Rosario,LF,ATL,80,250,27,53,12,1,5,24,17,68,3,0,0.212,0.259,0.328,0.587,ATL,270,0,0,3,3,0.86,18,82,0,0.267,0.116,50.0,0.25,0.063,0.252
2022,307,Nick Senzel,CF,CIN,110,373,45,86,13,0,5,25,30,76,8,5,0.231,0.296,0.306,0.602,CIN,420,5,2,1,7,0.95,18,114,0,0.276,0.075,74.6,0.395,0.071,0.181
2022,307,Garrett Stubbs,C,PHI,50,106,19,28,4,1,5,16,14,30,2,0,0.264,0.35,0.462,0.812,PHI,121,0,1,0,2,1.13,10,49,0,0.324,0.198,21.2,0.467,0.116,0.248
2022,307,Leody Taveras,CF,TEX,99,314,39,82,14,2,5,34,21,88,11,5,0.261,0.309,0.366,0.675,TEX,341,2,1,3,2,0.83,21,115,0,0.344,0.105,62.8,0.239,0.062,0.258
2022,307,Drew Waters,RF,KC,32,96,14,23,6,1,5,18,12,40,0,0,0.24,0.324,0.479,0.803,KC,109,0,0,0,1,1.54,12,46,0,0.353,0.24,19.2,0.3,0.11,0.367
2022,307,Mike Zunino,C,TB,36,115,7,17,3,0,5,16,6,46,0,0,0.148,0.195,0.304,0.499,TB,123,1,0,1,2,0.43,8,35,0,0.185,0.157,23.0,0.13,0.049,0.374
2022,350,Nick Allen,SS,OAK,100,299,31,62,13,0,4,19,19,64,3,2,0.207,0.256,0.291,0.547,OAK,326,1,6,1,5,1.28,17,87,0,0.25,0.084,74.75,0.297,0.058,0.196
2022,350,Jon Berti,2B,MIA,102,358,47,86,17,3,4,28,42,89,41,5,0.24,0.324,0.338,0.662,MIA,404,3,0,1,6,1.42,24,121,0,0.308,0.098,89.5,0.472,0.104,0.22
2022,350,Skye Bolt,CF,OAK,42,106,10,21,2,0,4,13,7,30,5,0,0.198,0.259,0.33,0.589,OAK,116,2,0,1,1,1.15,6,35,0,0.233,0.132,26.5,0.233,0.06,0.259
2022,350,David Bote,2B,CHC,41,116,15,30,8,0,4,12,6,45,1,0,0.259,0.315,0.431,0.746,CHC,127,4,0,1,3,1.56,12,50,0,0.382,0.172,29.0,0.133,0.047,0.354
2022,350,Jackie Bradley,CF,TOR,132,344,30,70,23,1,4,38,24,77,2,3,0.203,0.255,0.311,0.566,TOR,370,0,2,0,5,1.34,28,107,0,0.251,0.108,86.0,0.312,0.065,0.208
2022,350,Peyton Burdick,LF,MIA,32,92,8,19,4,0,4,11,8,35,1,0,0.207,0.284,0.38,0.664,MIA,102,2,0,0,1,0.46,8,35,0,0.283,0.174,23.0,0.229,0.078,0.343
2022,350,Corbin Carroll,LF,AZ,32,104,13,27,9,2,4,14,8,31,2,1,0.26,0.33,0.5,0.83,AZ,115,3,0,0,1,1.3,15,52,0,0.333,0.24,26.0,0.258,0.07,0.27
2022,350,Yu Chang,SS,BOS,69,168,19,35,6,0,4,15,16,59,0,1,0.208,0.289,0.315,0.604,BOS,190,4,0,2,5,0.77,10,53,0,0.29,0.107,42.0,0.271,0.084,0.311
2022,350,Robinson Chirinos,C,BAL,67,195,10,35,9,0,4,22,19,67,1,0,0.179,0.265,0.287,0.552,BAL,220,4,1,1,4,0.86,13,56,0,0.248,0.108,48.75,0.284,0.086,0.305
2022,350,Zack Collins,1B,PIT,36,97,9,15,4,0,4,11,9,41,0,0,0.155,0.231,0.32,0.551,PIT,108,1,0,1,0,0.56,8,31,0,0.208,0.165,24.25,0.22,0.083,0.38
2022,350,Stone Garrett,LF,AZ,27,76,13,21,8,0,4,10,3,27,3,1,0.276,0.309,0.539,0.848,AZ,84,1,0,1,1,0.45,12,41,0,0.37,0.263,19.0,0.111,0.036,0.321
2022,350,LuisL GonzalezGonzález,RF,SF,98,311,31,78,17,2,4,36,30,75,10,2,0.251,0.32,0.357,0.677,SF,350,4,0,5,5,0.92,23,111,1,0.312,0.106,77.75,0.4,0.086,0.214
2022,350,Gunnar Henderson,3B,BAL,34,116,12,30,7,1,4,18,16,34,1,1,0.259,0.348,0.44,0.788,BAL,132,0,0,0,1,2.06,12,51,1,0.333,0.181,29.0,0.471,0.121,0.258
2022,350,Sam Huff,C,TEX,44,121,9,29,4,0,4,10,11,42,1,0,0.24,0.303,0.372,0.675,TEX,132,0,0,0,1,1.08,8,45,1,0.333,0.132,30.25,0.262,0.083,0.318
2022,350,Isiah Kiner-Falefa,SS,NYY,142,483,66,126,20,0,4,48,35,72,22,4,0.261,0.314,0.327,0.641,NYY,531,5,3,5,13,1.48,24,158,2,0.296,0.066,120.75,0.486,0.066,0.136
2022,350,Andrew Knizner,C,STL,97,260,28,56,10,0,4,25,26,62,0,1,0.215,0.301,0.3,0.601,STL,293,6,1,0,9,0.96,14,78,0,0.268,0.085,65.0,0.419,0.089,0.212
2022,350,Charles Leblanc,2B,MIA,48,156,18,41,10,0,4,11,12,53,4,2,0.263,0.32,0.404,0.724,MIA,169,1,0,0,0,0.72,14,63,0,0.374,0.141,39.0,0.226,0.071,0.314
2022,350,Manuel Margot,RF,TB,89,336,36,92,18,2,4,47,24,68,7,3,0.274,0.325,0.375,0.7,TB,363,2,0,1,7,0.95,24,126,1,0.332,0.101,84.0,0.353,0.066,0.187
2022,350,Michael Massey,2B,KC,52,173,16,42,9,1,4,17,9,46,3,0,0.243,0.307,0.376,0.683,KC,194,8,2,2,1,0.89,14,65,0,0.304,0.133,43.25,0.196,0.046,0.237
2022,350,Óscar Mercado,RF,CLE,55,121,17,25,6,1,4,16,5,29,2,2,0.207,0.242,0.372,0.614,CLE,128,1,0,1,4,0.58,11,45,0,0.236,0.165,30.25,0.172,0.039,0.227
2022,350,Omar Narváez,C,MIL,84,262,21,54,12,1,4,23,29,57,0,0,0.206,0.292,0.305,0.597,MIL,296,3,1,1,4,0.76,17,80,1,0.248,0.099,65.5,0.509,0.098,0.193
2022,350,Sheldon Neuse,3B,OAK,89,271,25,58,4,2,4,26,20,80,6,1,0.214,0.273,0.288,0.561,OAK,293,2,0,0,5,2.24,10,78,0,0.289,0.074,67.75,0.25,0.068,0.273
2022,350,Austin Nola,C,SD,110,347,40,87,15,0,4,40,34,60,2,1,0.251,0.321,0.329,0.65,SD,397,6,1,9,5,0.76,19,114,1,0.284,0.078,86.75,0.567,0.086,0.151
2022,350,Edward Olivares,RF,KC,53,161,24,46,8,0,4,15,10,36,2,3,0.286,0.333,0.41,0.743,KC,174,2,0,1,1,1.16,12,66,0,0.344,0.124,40.25,0.278,0.057,0.207
2022,350,Donovan Solano,DH,CIN,80,278,22,79,16,0,4,24,19,61,0,0,0.284,0.339,0.385,0.724,CIN,304,5,0,2,5,1.26,20,107,1,0.349,0.101,69.5,0.311,0.063,0.201
2022,350,Jacob Stallings,C,MIA,114,346,25,77,12,0,4,34,29,83,0,1,0.223,0.292,0.292,0.584,MIA,384,6,1,2,15,0.91,16,101,0,0.28,0.069,86.5,0.349,0.076,0.216
2022,350,Kurt Suzuki,C,LAA,51,139,10,25,4,0,4,15,15,29,0,0,0.18,0.266,0.295,0.561,LAA,159,2,1,2,3,0.54,8,41,0,0.194,0.115,34.75,0.517,0.094,0.182
2022,350,Taylor Trammell,RF,SEA,43,102,15,20,9,0,4,10,13,33,2,1,0.196,0.284,0.402,0.686,SEA,117,0,1,1,2,0.82,13,41,0,0.242,0.206,25.5,0.394,0.111,0.282
2022,350,Alan Trejo,SS,COL,35,118,15,32,6,0,4,17,5,31,1,2,0.271,0.312,0.424,0.736,COL,125,2,0,0,3,1.2,10,50,0,0.337,0.153,29.5,0.161,0.04,0.248
2022,350,Ildemaro Vargas,3B,WSH,63,209,19,55,13,1,4,23,8,23,3,1,0.263,0.299,0.392,0.691,WSH,222,3,1,1,6,1.05,18,82,0,0.279,0.129,52.25,0.348,0.036,0.104
2022,350,Jason Vosler,3B,SF,36,98,14,26,6,1,4,12,10,29,1,1,0.265,0.342,0.469,0.811,SF,111,2,0,1,3,1.1,11,46,1,0.333,0.204,24.5,0.345,0.09,0.261
2022,381,Nick Ahmed,SS,AZ,17,52,7,12,2,0,3,7,2,15,0,1,0.231,0.259,0.442,0.701,AZ,54,0,0,0,2,1.78,5,23,0,0.265,0.212,17.33,0.133,0.037,0.278
2022,381,Sean Bouchard,LF,COL,27,74,9,22,6,0,3,11,21,25,0,0,0.297,0.454,0.5,0.954,COL,97,1,0,1,1,0.75,9,37,0,0.404,0.203,24.67,0.84,0.216,0.258
2022,381,Lewis Brinson,CF,SF,16,36,5,6,2,0,3,4,2,14,1,0,0.167,0.211,0.472,0.683,SF,39,0,1,0,0,1.83,5,17,0,0.158,0.306,12.0,0.143,0.051,0.359
2022,381,Vidal Bruján,2B,TB,52,147,13,24,5,0,3,16,12,37,5,5,0.163,0.228,0.259,0.487,TB,162,1,0,2,2,0.91,8,38,0,0.193,0.095,49.0,0.324,0.074,0.228
2022,381,Johan Camargo,SS,PHI,52,152,8,36,3,0,3,15,13,37,0,0,0.237,0.297,0.316,0.613,PHI,166,0,1,0,1,0.82,6,48,0,0.295,0.079,50.67,0.351,0.078,0.223
2022,381,Conner Capel,RF,OAK,22,52,7,16,0,1,3,11,5,10,1,1,0.308,0.356,0.519,0.875,OAK,59,0,0,2,2,1.0,4,27,0,0.317,0.212,17.33,0.5,0.085,0.169
2022,381,Mark Contreras,CF,MIN,28,58,9,7,1,0,3,6,1,21,1,0,0.121,0.148,0.293,0.441,MIN,61,1,0,1,2,1.07,4,17,0,0.114,0.172,19.33,0.048,0.016,0.344
2022,381,Travis Demeritte,RF,ATL,26,89,9,19,2,0,3,6,6,32,0,0,0.213,0.26,0.337,0.597,ATL,96,0,0,1,2,1.44,5,30,0,0.291,0.124,29.67,0.188,0.063,0.333
2022,381,Jarren Duran,CF,BOS,58,204,23,45,14,3,3,17,14,63,7,1,0.221,0.283,0.363,0.646,BOS,223,4,0,1,1,1.49,20,74,0,0.302,0.142,68.0,0.222,0.063,0.283
2022,381,Jerar Encarnacion,LF,MIA,23,77,7,14,3,0,3,14,3,32,2,0,0.182,0.21,0.338,0.548,MIA,81,0,0,1,3,1.46,6,26,0,0.256,0.156,25.67,0.094,0.037,0.395
2022,381,Mike Ford,1B,LAA,50,131,9,27,5,0,3,10,17,40,0,0,0.206,0.302,0.313,0.615,LAA,149,1,0,0,1,0.6,8,41,0,0.273,0.107,43.67,0.425,0.114,0.268
2022,381,Adam Frazier,2B,SEA,156,541,61,129,22,4,3,42,46,73,11,6,0.238,0.301,0.311,0.612,SEA,602,5,4,6,15,0.88,29,168,1,0.268,0.072,180.33,0.63,0.076,0.121
2022,381,LeuryL GarcíaGarcia,2B,CWS,97,300,38,63,8,0,3,20,7,65,2,0,0.21,0.233,0.267,0.5,CWS,315,3,2,3,6,1.3,11,80,0,0.255,0.057,100.0,0.108,0.022,0.206
2022,381,Guillermo Heredia,LF,ATL,74,76,12,12,3,1,3,8,6,32,0,0,0.158,0.22,0.342,0.562,ATL,82,0,0,0,1,0.68,7,26,0,0.22,0.184,25.33,0.188,0.073,0.39
2022,381,CooperC HummelHummelX,,AZ,66,176,20,31,8,3,3,17,23,64,4,1,0.176,0.274,0.307,0.581,AZ,201,1,0,1,4,1.22,14,54,0,0.255,0.131,58.67,0.359,0.114,0.318
2022,381,Jose Iglesias,SS,COL,118,439,48,128,30,0,3,47,17,56,2,3,0.292,0.328,0.38,0.708,COL,467,8,0,3,11,1.3,33,167,0,0.326,0.089,146.33,0.304,0.036,0.12
2022,381,Alex Kirilloff,LF,MIN,45,144,14,36,7,0,3,21,5,36,0,0,0.25,0.29,0.361,0.651,MIN,156,4,0,2,5,1.55,10,52,0,0.308,0.111,48.0,0.139,0.032,0.231
2022,381,Jake Lamb,RF,SEA,41,97,13,21,6,1,3,6,11,38,0,1,0.216,0.315,0.392,0.707,SEA,111,3,0,0,4,1.0,10,38,0,0.321,0.175,32.33,0.289,0.099,0.342
2022,381,Kyle Lewis,DH,SEA,18,56,6,8,0,0,3,5,5,19,0,0,0.143,0.226,0.304,0.53,SEA,62,1,0,0,2,0.93,3,17,0,0.147,0.161,18.67,0.263,0.081,0.306
2022,381,Jed Lowrie,DH,OAK,50,167,14,30,5,0,3,16,15,39,1,0,0.18,0.245,0.263,0.508,OAK,184,0,0,2,5,0.82,8,44,0,0.213,0.084,55.67,0.385,0.082,0.212
2022,381,Luke Maile,C,CLE,76,181,19,40,10,0,3,17,19,54,0,0,0.221,0.301,0.326,0.627,CLE,206,3,0,3,6,0.7,13,59,0,0.291,0.105,60.33,0.352,0.092,0.262
2022,381,James McCann,C,NYM,61,174,19,34,6,0,3,18,11,46,3,0,0.195,0.257,0.282,0.539,NYM,191,4,0,2,5,0.68,9,49,0,0.244,0.086,58.0,0.239,0.058,0.241
2022,381,Reese McGuire,C,BOS,89,249,25,67,14,1,3,22,12,56,1,0,0.269,0.307,0.369,0.676,BOS,274,3,6,3,6,0.9,18,92,0,0.332,0.1,83.0,0.214,0.044,0.204
2022,381,Danny Mendick,SS,CWS,31,97,22,28,4,1,3,15,7,23,1,0,0.289,0.343,0.443,0.786,CWS,106,1,1,0,2,0.96,8,43,0,0.352,0.155,32.33,0.304,0.066,0.217
2022,381,Mickey Moniak,LF,LAA,37,106,13,18,3,1,3,8,4,44,1,0,0.17,0.207,0.302,0.509,LAA,112,1,1,0,0,0.67,7,32,0,0.254,0.132,35.33,0.091,0.036,0.393
2022,381,Yairo Muñoz,2B,PHI,29,57,7,12,2,0,3,7,3,10,1,0,0.211,0.25,0.404,0.654,PHI,60,0,0,0,0,3.38,5,23,0,0.205,0.193,19.0,0.3,0.05,0.167
2022,381,Tomás Nido,C,NYM,98,284,31,68,15,0,3,28,14,76,0,0,0.239,0.276,0.324,0.6,NYM,313,1,12,2,14,1.57,18,92,0,0.314,0.085,94.67,0.184,0.045,0.243
2022,381,Cristian Pache,CF,OAK,91,241,18,40,5,2,3,18,15,70,2,2,0.166,0.218,0.241,0.459,OAK,260,1,3,0,5,1.79,10,58,0,0.22,0.075,80.33,0.214,0.058,0.269
2022,381,Victor Reyes,RF,DET,92,315,27,80,19,3,3,34,13,77,2,2,0.254,0.289,0.362,0.651,DET,336,4,0,4,7,1.03,25,114,0,0.322,0.108,105.0,0.169,0.039,0.229
2022,381,Matt Reynolds,2B,CIN,93,244,31,60,10,1,3,23,26,78,5,0,0.246,0.32,0.332,0.652,CIN,272,1,0,1,7,1.23,14,81,0,0.348,0.086,81.33,0.333,0.096,0.287
2022,381,AlfonsoA Rivas IIIRivas,1B,CHC,101,251,27,59,5,2,3,25,29,87,6,1,0.235,0.322,0.307,0.629,CHC,287,4,1,2,1,1.25,10,77,1,0.344,0.072,83.67,0.333,0.101,0.303
2022,381,Austin Romine,C,CIN,51,129,10,20,3,0,3,9,4,46,0,0,0.155,0.187,0.248,0.435,CIN,136,1,2,0,2,1.5,6,32,0,0.213,0.093,43.0,0.087,0.029,0.338
2022,381,Nick Solak,LF,TEX,35,82,14,17,1,0,3,4,7,19,3,2,0.207,0.309,0.329,0.638,TEX,95,5,1,0,1,1.76,4,27,0,0.233,0.122,27.33,0.368,0.074,0.2
2022,381,Kyle Stowers,LF,BAL,34,91,11,23,4,1,3,11,5,29,0,0,0.253,0.306,0.418,0.724,BAL,98,2,0,0,3,0.86,8,38,0,0.339,0.165,30.33,0.172,0.051,0.296
2022,381,Luis Torrens,C,SEA,57,151,13,34,2,0,3,15,12,50,0,0,0.225,0.283,0.298,0.581,SEA,166,1,0,2,5,1.3,5,45,0,0.31,0.073,50.33,0.24,0.072,0.301
2022,381,Josh VanMeter,2B,PIT,67,171,15,32,5,2,3,14,19,45,4,0,0.187,0.266,0.292,0.558,PIT,192,0,0,2,3,0.78,10,50,0,0.232,0.105,57.0,0.422,0.099,0.234
2022,381,Jonathan Villar,3B,LAA,59,202,25,42,6,2,3,18,15,59,7,0,0.208,0.26,0.302,0.562,LAA,220,0,1,2,4,2.25,11,61,0,0.275,0.094,67.33,0.254,0.068,0.268
2022,381,Joey Wendle,3B,MIA,101,347,27,90,24,1,3,32,15,50,12,3,0.259,0.297,0.36,0.657,MIA,371,5,1,3,7,1.64,28,125,0,0.293,0.101,115.67,0.3,0.04,0.135
2022,381,Eli White,CF,TEX,47,105,16,21,2,0,3,10,11,41,12,1,0.2,0.274,0.305,0.579,TEX,117,0,0,1,0,0.69,5,32,0,0.29,0.105,35.0,0.268,0.094,0.35
2022,381,Austin Wynns,C,SF,66,162,14,42,7,0,3,21,10,38,0,0,0.259,0.313,0.358,0.671,SF,177,3,1,1,9,1.05,10,58,0,0.32,0.099,54.0,0.263,0.056,0.215
2022,421,CJ Abrams,SS,WSH,90,284,33,70,12,2,2,21,5,50,7,4,0.246,0.28,0.324,0.604,WSH,302,9,2,2,5,1.21,16,92,0,0.291,0.077,142.0,0.1,0.017,0.166
2022,421,Hanser Alberto,2B,LAD,73,156,13,38,9,2,2,15,3,25,0,1,0.244,0.258,0.365,0.623,LAD,159,0,0,0,7,1.33,13,57,0,0.279,0.122,78.0,0.12,0.019,0.157
2022,421,Greg Allen,LF,PIT,46,118,17,22,4,0,2,8,10,42,8,2,0.186,0.26,0.271,0.531,PIT,134,2,3,1,2,1.32,6,32,0,0.267,0.085,59.0,0.238,0.075,0.313
2022,421,Jonathan Aranda,1B,TB,32,78,10,15,4,0,2,6,8,23,0,0,0.192,0.276,0.321,0.597,TB,87,1,0,0,1,1.5,6,25,1,0.245,0.128,39.0,0.348,0.092,0.264
2022,421,Akil Baddoo,LF,DET,73,201,30,41,3,2,2,9,24,64,9,6,0.204,0.289,0.269,0.558,DET,225,0,0,0,2,0.63,7,54,0,0.289,0.065,100.5,0.375,0.107,0.284
2022,421,José Barrero,SS,CIN,48,165,13,25,3,0,2,10,9,76,4,1,0.152,0.195,0.206,0.401,CIN,174,0,0,0,4,0.68,5,34,0,0.264,0.055,82.5,0.118,0.052,0.437
2022,421,Brett Baty,3B,NYM,11,38,4,7,0,0,2,5,2,8,0,0,0.184,0.244,0.342,0.586,NYM,42,1,0,0,0,1.56,2,13,0,0.179,0.158,19.0,0.25,0.048,0.19
2022,421,Gilberto Celestino,CF,MIN,122,311,30,74,12,1,2,24,32,77,4,1,0.238,0.313,0.302,0.615,MIN,347,2,2,0,13,1.89,15,94,0,0.31,0.064,155.5,0.416,0.092,0.222
2022,421,Charlie Culberson,3B,TEX,70,115,19,29,6,0,2,12,5,31,2,3,0.252,0.283,0.357,0.64,TEX,124,0,4,0,5,1.68,8,41,0,0.329,0.104,57.5,0.161,0.04,0.25
2022,421,Matt Davidson,3B,OAK,13,34,3,5,0,0,2,3,3,13,0,1,0.147,0.216,0.324,0.54,OAK,37,0,0,0,0,1.29,2,11,0,0.158,0.176,17.0,0.231,0.081,0.351
2022,421,Yonathan Daza,CF,COL,113,372,56,112,21,2,2,34,26,58,0,3,0.301,0.349,0.384,0.733,COL,408,4,1,5,12,1.97,25,143,0,0.347,0.083,186.0,0.448,0.064,0.142
2022,421,Matt Duffy,3B,LAA,77,228,14,57,8,0,2,16,17,50,0,0,0.25,0.308,0.311,0.619,LAA,247,2,0,0,6,1.02,10,71,0,0.313,0.061,114.0,0.34,0.069,0.202
2022,421,Adam Engel,CF,CWS,119,245,32,55,13,1,2,17,11,76,12,4,0.224,0.269,0.31,0.579,CWS,260,4,0,0,2,0.63,16,76,1,0.317,0.086,122.5,0.145,0.042,0.292
2022,421,David Fletcher,2B,LAA,61,216,20,55,9,1,2,17,7,16,1,0,0.255,0.288,0.333,0.621,LAA,228,3,2,0,6,0.71,12,72,0,0.268,0.079,108.0,0.438,0.031,0.07
2022,421,Romy Gonzalez,2B,CWS,32,105,15,25,4,1,2,11,2,39,0,1,0.238,0.257,0.352,0.609,CWS,109,1,0,1,3,1.63,7,37,0,0.354,0.114,52.5,0.051,0.018,0.358
2022,421,Luis Guillorme,2B,NYM,102,297,33,81,12,1,2,17,34,46,1,0,0.273,0.351,0.34,0.691,NYM,335,2,2,0,15,1.82,15,101,1,0.317,0.067,148.5,0.739,0.101,0.137
2022,421,Garrett Hampson,CF,COL,90,199,29,42,7,3,2,15,21,63,12,2,0.211,0.287,0.307,0.594,COL,226,1,3,2,3,1.3,12,61,0,0.294,0.095,99.5,0.333,0.093,0.279
2022,421,Sam Hilliard,LF,COL,70,174,26,32,6,1,2,14,23,57,5,1,0.184,0.28,0.264,0.544,COL,200,1,0,2,2,0.85,9,46,0,0.256,0.08,87.0,0.404,0.115,0.285
2022,421,Nolan Jones,RF,CLE,28,86,10,21,5,0,2,13,8,31,0,0,0.244,0.309,0.372,0.681,CLE,94,0,0,0,2,1.0,7,32,1,0.358,0.128,43.0,0.258,0.085,0.33
2022,421,Tommy La Stella,DH,SF,60,180,17,43,14,0,2,14,11,30,0,0,0.239,0.282,0.35,0.632,SF,195,1,0,3,4,0.9,16,63,0,0.272,0.111,90.0,0.367,0.056,0.154
2022,421,Royce Lewis,SS,MIN,12,40,5,12,4,0,2,5,1,5,0,0,0.3,0.317,0.55,0.867,MIN,41,0,0,0,2,0.53,6,22,0,0.303,0.25,20.0,0.2,0.024,0.122
2022,421,TimT LocastroLocastroX,,NYY,38,43,13,8,1,0,2,4,2,7,8,2,0.186,0.239,0.349,0.588,NYY,46,1,0,0,0,0.75,3,15,0,0.176,0.163,21.5,0.286,0.043,0.152
2022,421,Josh Lowe,RF,TB,52,181,24,40,12,2,2,13,15,66,3,0,0.221,0.284,0.343,0.627,TB,198,1,1,0,1,0.65,16,62,1,0.336,0.122,90.5,0.227,0.076,0.333
2022,421,Tucupita Marcano,LF,PIT,49,160,18,33,6,2,2,13,10,44,2,1,0.206,0.256,0.306,0.562,PIT,177,1,5,1,1,0.98,10,49,0,0.27,0.1,80.0,0.227,0.056,0.249
2022,421,Jake Marisnick,CF,PIT,31,77,9,18,6,0,2,6,4,24,2,1,0.234,0.272,0.39,0.662,PIT,82,0,1,0,2,0.8,8,30,1,0.314,0.156,38.5,0.167,0.049,0.293
2022,421,J.J.J MatijevicMatijevicX,,HOU,32,67,7,14,2,0,2,5,2,25,1,0,0.209,0.254,0.328,0.582,HOU,71,2,0,0,1,1.33,4,22,0,0.3,0.119,33.5,0.08,0.028,0.352
2022,421,Nomar Mazara,RF,SD,55,159,16,42,8,0,2,18,10,40,0,0,0.264,0.316,0.352,0.668,SD,171,2,0,0,3,0.75,10,56,0,0.342,0.088,79.5,0.25,0.058,0.234
2022,421,Ryan McKenna,LF,BAL,105,156,23,37,10,0,2,11,11,55,2,1,0.237,0.294,0.34,0.634,BAL,172,2,2,1,3,0.86,12,53,1,0.35,0.103,78.0,0.2,0.064,0.32
2022,421,Garrett Mitchell,CF,MIL,28,61,9,19,3,0,2,9,6,28,8,0,0.311,0.373,0.459,0.832,MIL,68,0,1,0,0,0.88,5,28,0,0.548,0.148,30.5,0.214,0.088,0.412
2022,421,Tyler Nevin,3B,BAL,58,157,17,31,4,0,2,16,20,46,0,0,0.197,0.299,0.261,0.56,BAL,184,4,0,3,4,0.84,6,41,0,0.259,0.064,78.5,0.435,0.109,0.25
2022,421,Kevin Newman,2B,PIT,78,288,31,79,18,2,2,24,16,48,8,2,0.274,0.316,0.372,0.688,PIT,309,2,2,1,6,1.05,22,107,0,0.322,0.097,144.0,.333,0.052,0.155
2022,421,Jermaine Palacios,SS,MIN,30,70,8,10,0,0,2,6,4,27,0,0,0.143,0.184,0.229,0.413,MIN,77,0,1,2,2,1.12,2,16,0,0.186,0.086,35.0,.148,0.052,0.351
2022,421,Hoy Park,2B,PIT,23,51,7,11,2,0,2,6,4,15,1,0,0.216,0.276,0.373,0.649,PIT,60,1,2,2,0,1.64,4,19,0,0.25,0.157,25.5,.267,0.067,0.25
2022,421,René Pinto,C,TB,25,80,5,17,3,0,2,10,2,35,0,0,0.213,0.241,0.325,0.566,TB,83,1,0,0,3,1.0,5,26,0,0.349,0.113,40.0,.057,0.024,0.422
2022,421,Nick Plummer,RF,NYM,14,29,4,4,1,0,2,6,1,12,0,0,0.138,0.194,0.379,0.573,NYM,31,1,0,0,1,1.6,3,11,0,0.133,0.241,14.5,.083,0.032,0.387
2022,421,Roberto Pérez,C,PIT,21,60,8,14,2,0,2,8,9,25,0,0,0.233,0.333,0.367,0.7,PIT,69,0,0,0,1,1.63,4,22,0,0.364,0.133,30.0,.360,0.13,0.362
2022,421,Chuckie Robinson,C,CIN,25,59,3,8,2,0,2,5,0,17,0,0,0.136,0.136,0.271,0.407,CIN,60,0,1,0,5,3.38,4,16,0,0.15,0.136,29.5,.---,0.0,0.283
2022,421,Josh Smith,3B,TEX,73,213,23,42,5,0,2,16,28,50,4,3,0.197,0.307,0.249,0.556,TEX,253,7,2,3,1,0.59,7,53,0,0.244,0.052,106.5,.560,0.111,0.198
2022,421,Kevin Smith,3B,OAK,47,139,9,25,9,1,2,13,7,42,4,0,0.18,0.216,0.302,0.518,OAK,151,0,3,2,5,0.88,12,42,0,0.237,0.122,69.5,.167,0.046,0.278
2022,421,Edmundo Sosa,3B,PHI,78,176,26,40,11,4,2,21,5,50,6,1,0.227,0.275,0.369,0.644,PHI,190,7,1,1,6,1.1,17,65,0,0.304,0.142,88.0,.100,0.026,0.263
2022,421,Spencer Steer,3B,CIN,28,95,12,20,5,0,2,8,11,26,0,1,0.211,0.306,0.326,0.632,CIN,108,2,0,0,2,0.88,7,31,0,0.269,0.116,47.5,.423,0.102,0.241
2022,421,Matt Thaiss,C,LAA,29,69,9,15,1,0,2,8,11,24,1,0,0.217,0.321,0.319,0.64,LAA,81,0,0,1,2,1.82,3,22,1,0.295,0.101,34.5,.458,0.136,0.296
2022,421,Michael Toglia,RF,COL,31,111,10,24,8,2,2,12,9,44,1,1,0.216,0.275,0.378,0.653,COL,120,0,0,0,2,1.05,12,42,0,0.338,0.162,55.5,.205,0.075,0.367
2022,421,Yoshi Tsutsugo,1B,PIT,50,170,11,29,4,0,2,19,19,50,0,0,0.171,0.249,0.229,0.478,PIT,193,0,0,4,3,1.02,6,39,0,0.221,0.059,85.0,.380,0.098,0.259
2022,421,Meibrys Viloria,C,TEX,26,63,10,10,1,0,2,5,11,29,0,0,0.159,0.28,0.27,0.55,TEX,75,0,0,1,0,1.27,3,17,0,0.242,0.111,31.5,.379,0.147,0.387
2022,421,Matt Wallner,RF,MIN,18,57,4,13,3,0,2,10,6,25,1,0,0.228,0.323,0.386,0.709,MIN,65,2,0,0,0,1.38,5,22,1,0.367,0.158,28.5,.240,0.092,0.385
2022,421,Seby Zavala,C,CWS,61,178,22,48,14,0,2,21,19,64,0,0,0.27,0.347,0.382,0.729,CWS,205,3,3,2,1,0.48,16,68,0,0.404,0.112,89.0,.297,0.093,0.312
2022,421,Bradley Zimmer,CF,TOR,109,105,18,13,5,0,2,5,5,45,3,2,0.124,0.207,0.229,0.436,TOR,117,6,1,0,0,1.18,7,24,0,0.19,0.105,52.5,.111,0.043,0.385
2022,469,AbrahamA AlmonteAlmonteX,,BOS,15,35,7,9,2,0,1,2,1,12,1,0,0.257,0.297,0.4,0.697,BOS,37,1,0,0,1,0.75,3,14,0,0.364,0.143,35.0,.083,0.027,0.324
2022,469,Francisco Alvarez,DH,NYM,5,12,3,2,1,0,1,1,2,4,0,0,0.167,0.286,0.5,0.786,NYM,14,0,0,0,1,2.0,2,6,0,0.143,0.333,12.0,.500,0.143,0.286
2022,469,Miguel Andujar,DH,PIT,36,132,13,31,5,1,1,17,5,27,4,1,0.235,0.257,0.311,0.568,PIT,140,0,0,3,1,0.88,7,41,0,0.28,0.076,132.0,.185,0.036,0.193
2022,469,Jonathan Araúz,3B,BAL,15,38,3,5,0,0,1,5,1,12,0,0,0.132,0.15,0.211,0.361,BAL,41,0,1,1,0,0.77,1,8,0,0.154,0.079,38.0,.083,0.024,0.293
2022,469,Gabriel Arias,3B,CLE,16,47,9,9,1,1,1,5,8,16,1,0,0.191,0.321,0.319,0.64,CLE,57,1,1,0,1,4.75,3,15,0,0.267,0.128,47.0,.500,0.14,0.281
2022,469,Willians Astudillo,3B,MIA,21,54,5,13,0,0,1,4,1,3,1,0,0.241,0.255,0.296,0.551,MIA,55,0,0,0,2,1.0,1,16,0,0.24,0.056,54.0,.333,0.018,0.055
2022,469,Tucker Barnhart,C,DET,94,281,16,62,10,0,1,16,25,74,0,0,0.221,0.287,0.267,0.554,DET,308,1,1,0,7,1.32,11,75,0,0.296,0.046,281.0,.338,0.081,0.24
2022,469,Luis Barrera,LF,OAK,32,77,3,18,5,0,1,7,6,17,3,0,0.234,0.294,0.338,0.632,OAK,85,1,0,1,2,1.26,6,26,0,0.283,0.104,77.0,.353,0.071,0.2
2022,469,Seth Beer,DH,AZ,38,111,4,21,3,0,1,9,11,31,0,0,0.189,0.278,0.243,0.521,AZ,126,3,0,1,3,1.22,4,27,1,0.25,0.054,111.0,.355,0.087,0.246
2022,469,Anthony Bemboom,C,BAL,22,52,4,6,2,0,1,1,6,17,0,0,0.115,0.207,0.212,0.419,BAL,59,0,1,0,1,1.5,3,11,0,0.147,0.096,52.0,.353,0.102,0.288
2022,469,Will Brennan,LF,CLE,11,42,6,15,1,1,1,8,2,4,2,1,0.357,0.4,0.5,0.9,CLE,45,1,0,0,0,1.3,3,21,1,0.378,0.143,42.0,.500,0.044,0.089
2022,469,Jonah Bride,2B,OAK,58,162,17,33,4,0,1,6,19,32,1,0,0.204,0.301,0.247,0.548,OAK,187,4,1,1,4,0.83,5,40,0,0.246,0.043,162.0,.594,0.102,0.171
2022,469,Alec Burleson,RF,STL,16,48,4,9,1,0,1,3,5,9,1,0,0.188,0.264,0.271,0.535,STL,53,0,0,0,1,1.31,2,13,0,0.211,0.083,48.0,.556,0.094,0.17
2022,469,Lorenzo Cain,CF,MIL,43,145,17,26,5,0,1,9,8,36,2,2,0.179,0.231,0.234,0.465,MIL,156,2,0,1,4,1.47,6,34,0,0.229,0.055,145.0,.222,0.051,0.231
2022,469,Willie Calhoun,DH,SF,22,52,7,7,3,0,1,3,9,8,0,0,0.135,0.274,0.25,0.524,SF,62,1,0,0,2,0.61,4,13,0,0.14,0.115,52.0,1.125,0.145,0.129
2022,469,Daz Cameron,RF,DET,21,64,6,14,3,1,1,8,5,20,2,0,0.219,0.286,0.344,0.63,DET,70,1,0,0,1,0.5,5,22,0,0.302,0.125,64.0,.250,0.071,0.286
2022,469,Luis Campusano,C,SD,16,48,4,12,1,0,1,5,1,11,0,0,0.25,0.26,0.333,0.593,SD,50,0,0,1,2,0.86,2,16,0,0.297,0.083,48.0,.091,0.02,0.22
2022,469,Robinson Canó,2B,ATL,33,100,5,15,1,0,1,4,4,25,0,0,0.15,0.183,0.19,0.373,ATL,104,0,0,0,2,1.4,2,19,0,0.189,0.04,100.0,.160,0.038,0.24
2022,469,Jason Castro,C,HOU,34,78,6,9,2,0,1,3,8,40,1,0,0.115,0.205,0.179,0.384,HOU,88,1,0,1,1,1.31,3,14,0,0.211,0.064,78.0,.200,0.091,0.455
2022,469,Jason Delay,C,PIT,57,155,17,33,6,0,1,11,9,50,0,2,0.213,0.265,0.271,0.536,PIT,167,2,1,0,4,0.87,7,42,0,0.308,0.058,155.0,.180,0.054,0.299
2022,469,Alex Dickerson,DH,ATL,13,33,3,4,0,0,1,2,3,9,0,0,0.121,0.194,0.212,0.406,ATL,36,0,0,0,3,0.67,1,7,0,0.13,0.091,33.0,.333,0.083,0.25
2022,469,Jeter Downs,2B,BOS,14,39,4,6,1,0,1,4,1,21,0,0,0.154,0.171,0.256,0.427,BOS,41,0,0,1,0,0.44,2,10,0,0.278,0.103,39.0,.048,0.024,0.512
2022,469,Joe Dunand,2B,MIA,3,10,2,3,1,0,1,1,0,3,0,0,0.3,0.364,0.7,1.064,MIA,11,1,0,0,0,0.0,2,7,0,0.333,0.4,10.0,.---,0.0,0.273
2022,469,Nate Eaton,RF,KC,44,106,16,28,4,3,1,12,10,30,11,1,0.264,0.331,0.387,0.718,KC,122,2,1,3,2,0.63,8,41,0,0.346,0.123,106.0,.333,0.082,0.246
2022,469,Aramis Garcia,C,CIN,47,108,6,23,2,0,1,4,3,34,0,1,0.213,0.248,0.259,0.507,CIN,115,2,2,0,4,0.61,3,28,0,0.301,0.046,108.0,.088,0.026,0.296
2022,469,Didi Gregorius,SS,PHI,63,214,17,45,9,4,1,19,13,36,1,0,0.21,0.263,0.304,0.567,PHI,232,3,0,2,0,0.8,14,65,0,0.246,0.093,214.0,.361,0.056,0.155
2022,469,Jordan Groshans,3B,MIA,17,61,9,16,0,0,1,2,4,13,0,0,0.262,0.308,0.311,0.619,MIA,65,0,0,0,2,1.0,1,19,0,0.319,0.049,61.0,.308,0.062,0.2
2022,469,Dalton Guthrie,RF,PHI,14,21,3,7,0,0,1,5,6,7,1,0,0.333,0.5,0.476,0.976,PHI,28,1,0,0,0,0.75,1,10,0,0.462,0.143,21.0,.857,0.214,0.25
2022,469,Caleb Hamilton,C,MIN,22,18,5,1,0,0,1,1,4,14,0,0,0.056,0.227,0.222,0.449,MIN,23,0,1,0,0,3.0,1,4,0,0.0,0.167,18.0,.286,0.174,0.609
2022,469,Monte Harrison,LF,LAA,9,11,5,2,0,0,1,3,2,8,1,0,0.182,0.357,0.455,0.812,LAA,14,1,0,0,1,1.0,1,5,0,0.5,0.273,11.0,.250,0.143,0.571
2022,469,David Hensley,DH,HOU,16,29,7,10,2,1,1,5,5,6,0,0,0.345,0.441,0.586,1.027,HOU,34,0,0,0,3,2.25,4,17,0,0.409,0.241,29.0,.833,0.147,0.176
2022,469,César Hernández,2B,WSH,147,560,64,139,28,4,1,34,45,114,10,4,0.248,0.311,0.318,0.629,WSH,617,7,3,2,9,1.01,33,178,0,0.309,0.07,560.0,.395,0.073,0.185
2022,469,Jason Heyward,CF,CHC,48,137,15,28,5,1,1,10,11,32,1,0,0.204,0.278,0.277,0.555,CHC,151,3,0,0,3,1.03,7,38,0,0.26,0.073,137.0,.344,0.073,0.212
2022,469,Derek Hill,CF,DET,31,83,8,19,2,0,1,3,5,28,3,0,0.229,0.27,0.289,0.559,DET,92,0,3,1,0,1.11,3,24,0,0.327,0.06,83.0,.179,0.054,0.304
2022,469,Andy Ibáñez,3B,TEX,40,119,13,26,4,0,1,9,9,21,3,0,0.218,0.273,0.277,0.55,TEX,128,0,0,0,0,0.71,5,33,0,0.258,0.059,119.0,.429,0.07,0.164
2022,469,Buddy Kennedy,2B,AZ,30,83,10,18,2,2,1,12,8,23,0,0,0.217,0.287,0.325,0.612,AZ,94,1,0,2,1,0.69,5,27,0,0.279,0.108,83.0,.348,0.085,0.245
2022,469,Mark Kolozsvary,C,CIN,10,20,3,4,2,0,1,3,1,9,0,0,0.2,0.238,0.45,0.688,CIN,21,0,0,0,1,1.33,3,9,0,0.3,0.25,20.0,.111,0.048,0.429
2022,469,Ryan Kreidler,3B,DET,26,73,8,13,1,0,1,6,6,22,0,1,0.178,0.244,0.233,0.477,DET,84,1,2,2,0,0.68,2,17,0,0.231,0.055,73.0,.273,0.071,0.262
2022,469,Khalil Lee,CF,NYM,2,2,1,1,0,0,1,3,0,0,0,0,0.5,0.5,2.0,2.5,NYM,2,0,0,0,0,1.00,1,4,0,0.0,1.5,2.0,.---,0.0,0.0
2022,469,Alejo Lopez,2B,CIN,61,145,15,38,5,1,1,10,9,21,3,1,0.262,0.314,0.331,0.645,CIN,156,2,0,0,1,1.21,7,48,1,0.301,0.069,145.0,.429,0.058,0.135
2022,469,Vimael Machín,3B,OAK,73,223,26,49,12,0,1,13,25,47,1,1,0.22,0.3,0.287,0.587,OAK,253,2,0,3,6,0.91,13,64,0,0.27,0.067,223.0,.532,0.099,0.186
2022,469,Bligh Madris,RF,PIT,39,113,10,20,7,0,1,7,10,31,2,1,0.177,0.244,0.265,0.509,PIT,123,0,0,0,0,1.21,8,30,0,0.235,0.088,113.0,.323,0.081,0.252
2022,469,Jack Mayfield,2B,LAA,23,70,8,13,1,1,1,6,3,17,1,0,0.186,0.23,0.271,0.501,LAA,74,1,0,0,1,0.90,3,19,0,0.231,0.086,70.0,.176,0.041,0.23
2022,469,Patrick Mazeika,C,NYM,24,68,4,13,4,0,1,6,2,9,0,0,0.191,0.214,0.294,0.508,NYM,72,0,2,0,0,0.92,5,20,0,0.207,0.103,68.0,.222,0.028,0.125
2022,469,Billy McKinney,RF,OAK,23,52,3,5,1,0,1,4,4,16,0,0,0.096,0.158,0.173,0.331,OAK,57,0,0,1,0,0.78,2,9,1,0.111,0.077,52.0,.250,0.07,0.281
2022,469,Yermín Mercedes,DH,SF,31,73,9,17,5,0,1,8,9,17,0,0,0.233,0.325,0.342,0.667,SF,83,1,0,0,1,0.50,6,25,0,0.291,0.11,73.0,.529,0.108,0.205
2022,469,Jake Meyers,CF,HOU,52,150,13,34,6,2,1,15,7,54,2,1,0.227,0.269,0.313,0.582,HOU,160,2,0,1,1,1.74,9,47,0,0.344,0.087,150.0,.130,0.044,0.338
2022,469,Gabriel Moreno,C,TOR,25,69,10,22,1,0,1,7,4,8,0,0,0.319,0.356,0.377,0.733,TOR,73,0,0,0,2,1.17,2,26,0,0.35,0.058,69.0,.500,0.055,0.11
2022,469,Tom Murphy,C,SEA,14,33,9,10,2,0,1,1,8,13,0,0,0.303,0.439,0.455,0.894,SEA,42,0,0,0,1,1.00,3,15,0,0.474,0.152,33.0,.615,0.19,0.31
2022,469,RyanR O'HearnO'HearnX,,KC,67,134,14,32,6,1,1,16,8,35,0,0,0.239,0.29,0.321,0.611,KC,145,2,0,1,2,1.06,8,43,0,0.313,0.082,134.0,.229,0.055,0.241
2022,469,James Outman,LF,LAD,4,13,6,6,2,0,1,3,2,7,0,0,0.462,0.563,0.846,1.409,LAD,16,1,0,0,0,-.--,3,11,0,1.0,0.385,13.0,.286,0.125,0.438
2022,469,Michael Papierski,C,CIN,39,91,7,13,1,0,1,4,10,26,0,0,0.143,0.228,0.187,0.415,CIN,103,0,2,0,4,1.25,2,17,0,0.188,0.044,91.0,.385,0.097,0.252
2022,469,Oswald Peraza,SS,NYY,18,49,8,15,3,0,1,2,6,9,2,0,0.306,0.404,0.429,0.833,NYY,57,2,0,0,3,1.78,4,21,0,0.359,0.122,49.0,.667,0.105,0.158
2022,469,Kevin Plawecki,C,TEX,64,168,15,37,8,0,1,13,14,32,0,0,0.22,0.286,0.286,0.572,TEX,186,2,1,1,6,1.15,9,48,0,0.265,0.065,168.0,.438,0.075,0.172
2022,469,Ford Proctor,2B,SF,7,18,3,2,0,0,1,6,2,3,0,0,0.111,0.182,0.278,0.46,SF,22,0,0,2,0,4.00,1,5,0,0.063,0.167,18.0,.667,0.091,0.136
2022,469,Luke Raley,RF,TB,22,61,7,12,2,0,1,4,7,24,0,0,0.197,0.306,0.279,0.585,TB,72,3,0,1,1,0.63,3,17,0,0.297,0.082,61.0,.292,0.097,0.333
2022,469,Miguel Sanó,1B,MIN,20,60,1,5,0,0,1,3,9,25,1,0,0.083,0.211,0.133,0.344,MIN,71,1,0,1,0,0.24,1,8,0,0.114,0.05,60.0,.360,0.127,0.352
2022,469,Lenyn Sosa,2B,CWS,11,35,3,4,1,0,1,1,1,12,0,0,0.114,0.139,0.229,0.368,CWS,36,0,0,0,2,1.11,2,8,0,.136,.114,35.00,.083,.028,.333
2022,469,Livan Soto,SS,LAA,18,55,9,22,5,1,1,9,2,13,1,1,0.4,0.414,0.582,0.996,LAA,59,0,1,1,1,0.83,7,32,0,.500,.182,55.00,.154,.034,.220
2022,469,Bubba Thompson,LF,TEX,55,170,18,45,5,0,1,9,7,56,18,3,0.265,0.302,0.312,0.614,TEX,181,2,2,0,2,1.03,6,53,0,.389,.047,170.00,.125,.039,.309
2022,469,Ezequiel Tovar,SS,COL,9,33,2,7,1,0,1,2,2,9,0,0,0.212,0.257,0.333,0.59,COL,35,0,0,0,0,1.83,2,11,0,.261,.121,33.00,.222,.057,.257
2022,469,Justin Upton,DH,SEA,17,48,2,6,1,0,1,3,6,23,0,0,0.125,0.263,0.208,0.471,SEA,57,3,0,0,1,0.46,2,10,0,.208,.083,48.00,.261,.105,.404
2022,469,Miguel Vargas,1B,LAD,18,47,4,8,1,0,1,8,2,13,1,0,0.17,0.2,0.255,0.455,LAD,50,0,0,1,0,0.50,2,12,0,.206,.085,47.00,.154,.040,.260
2022,469,Terrin Vavra,2B,BAL,40,89,14,23,2,1,1,12,12,19,0,1,0.258,0.34,0.337,0.677,BAL,103,0,0,2,2,0.81,4,30,0,.310,.079,89.00,.632,.117,.184
2022,469,Mark Vientos,DH,NYM,16,36,3,6,1,0,1,3,5,12,0,0,0.167,0.268,0.278,0.546,NYM,41,0,0,0,1,1.00,2,10,0,.217,.111,36.00,.417,.122,.293
2022,469,Tyler Wade,2B,LAA,67,147,22,32,5,0,1,8,10,33,8,5,0.218,0.272,0.272,0.544,LAA,163,1,5,0,3,1.18,6,40,0,.274,.054,147.00,.303,.061,.202
2022,469,Steele Walker,LF,TEX,5,14,1,1,0,0,1,1,2,4,0,0,0.071,0.188,0.286,0.474,TEX,16,0,0,0,0,1.25,1,4,0,.000,.214,14.00,.500,.125,.250
2022,469,Chad Wallach,C,LAA,12,35,3,5,1,0,1,4,4,9,0,0,0.143,0.231,0.257,0.488,LAA,40,0,1,0,1,0.83,2,9,0,.160,.114,35.00,.444,.100,.225
2022,469,Donovan Walton,2B,SF,25,76,9,12,8,0,1,8,1,16,0,0,0.158,0.179,0.303,0.482,SF,78,1,0,0,1,1.09,9,23,0,.186,.145,76.00,.063,.013,.205
2022,469,LukeL WilliamsWilliamsX,,MIA,79,127,21,30,5,1,1,6,9,44,11,4,0.236,0.287,0.315,0.602,MIA,136,0,0,0,1,0.71,7,40,1,.354,.079,127.00,.205,.066,.324
2022,469,Connor Wong,C,BOS,27,48,8,9,3,0,1,7,5,16,0,0,0.188,0.273,0.313,0.586,BOS,56,1,1,1,0,2.13,4,15,0,.250,.125,48.00,.313,.089,.286
2022,540,Albert Abreu,P,KC,4,0,0,0,0,0,0,0,0,0,0,0,0.0,0.0,0.0,0.0,KC,0,0,0,0,0,-.--,0,0,0,.---,--,-.--,.---,.---,.---
2022,540,Ehire Adrianza,2B,ATL,37,97,8,17,3,0,0,7,11,25,1,0,0.175,0.264,0.206,0.47,ATL,110,1,0,1,2,1.24,3,20,0,.233,.031,-.--,.440,.100,.227
2022,540,Ryan Aguilar,RF,LAA,7,22,2,3,1,0,0,2,2,14,0,0,0.136,0.231,0.182,0.413,LAA,26,1,0,1,0,0.50,1,4,0,.333,.045,-.--,.143,.077,.538
2022,540,Scott Alexander,P,SF,17,0,0,0,0,0,0,0,0,0,0,0,0.0,0.0,0.0,0.0,SF,0,0,0,0,0,-.--,0,0,0,.---,--,-.--,.---,.---,.---
2022,540,Anthony Alford,LF,PIT,2,4,0,1,0,0,0,0,0,2,0,0,0.25,0.25,0.25,0.5,PIT,4,0,0,0,0,0.00,0,1,0,.500,.000,-.--,.---,.000,.500
2022,540,Austin Allen,C,OAK,5,14,1,1,0,0,0,0,1,9,0,0,0.071,0.188,0.071,0.259,OAK,16,1,0,0,1,0.33,0,1,0,.200,.000,-.--,.111,.063,.563
2022,540,José Alvarado,P,PHI,59,1,0,0,0,0,0,0,0,1,0,0,0.0,0.0,0.0,0.0,PHI,1,0,0,0,0,-.--,0,0,0,.---,.000,-.--,.---,.000,1.000
2022,540,Eddy Alvarez,3B,LAD,14,25,1,4,0,0,0,3,0,9,1,0,0.16,0.154,0.16,0.314,LAD,27,0,1,1,1,1.33,0,4,0,.235,.000,-.--,.---,.000,.333
2022,540,Tyler Anderson,P,LAD,31,1,0,0,0,0,0,0,0,1,0,0,0.0,0.0,0.0,0.0,LAD,1,0,0,0,0,-.--,0,0,0,.---,.000,-.--,.---,.000,1.000
2022,540,Mark Appel,P,PHI,6,0,0,0,0,0,0,0,0,0,0,0,0.0,0.0,0.0,0.0,PHI,0,0,0,0,0,-.--,0,0,0,.---,--,-.--,.---,.---,.---
2022,540,José Azocar,RF,SD,98,202,24,52,9,3,0,10,12,44,5,6,0.257,0.298,0.332,0.63,SD,216,0,1,1,6,1.12,12,67,0,.327,.074,-.--,.273,.056,.204
2022,540,Ji Hwan Bae,CF,PIT,10,33,5,11,3,0,0,6,2,6,3,0,0.333,0.405,0.424,0.829,PIT,37,2,0,0,0,1.67,3,14,0,.407,.091,-.--,.333,.054,.162
2022,540,Rylan Bannon,2B,ATL,5,14,0,2,0,0,0,0,0,5,0,0,0.143,0.2,0.143,0.343,ATL,15,1,0,0,0,0.75,0,2,0,.222,.000,-.--,.---,.000,.333
2022,540,Daniel Bard,P,COL,57,0,0,0,0,0,0,0,0,0,0,0,0.0,0.0,0.0,0.0,COL,0,0,0,0,0,-.--,0,0,0,.---,--,-.--,.---,.---,.---
2022,540,Joe Barlow,P,TEX,35,0,0,0,0,0,0,0,0,0,0,0,0.0,0.0,0.0,0.0,TEX,0,0,0,0,0,-.--,0,0,0,.---,--,-.--,.---,.---,.---
2022,540,Scott Barlow,P,KC,69,0,0,0,0,0,0,0,0,0,0,0,0.0,0.0,0.0,0.0,KC,0,0,0,0,0,-.--,0,0,0,.---,--,-.--,.---,.---,.---
2022,540,Tres Barrera,C,WSH,19,50,2,9,1,0,0,4,2,16,0,0,0.18,0.212,0.2,0.412,WSH,53,0,1,0,1,0.63,1,10,0,.265,.020,-.--,.125,.038,.302
2022,540,Anthony Bass,P,MIA,46,0,0,0,0,0,0,0,0,0,0,0,0.0,0.0,0.0,0.0,MIA,0,0,0,0,0,-.--,0,0,0,.---,--,-.--,.---,.---,.---
2022,540,Matthew Batten,3B,SD,15,19,0,2,1,0,0,1,2,6,0,0,0.105,0.227,0.158,0.385,SD,22,1,0,0,0,2.67,1,3,0,.154,.053,-.--,.333,.091,.273
2022,540,Félix Bautista,P,BAL,65,0,0,0,0,0,0,0,0,0,0,0,0.0,0.0,0.0,0.0,BAL,0,0,0,0,0,-.--,0,0,0,.---,--,-.--,.---,.---,.---
2022,540,Matt Beaty,RF,SD,20,43,6,4,1,1,0,1,2,8,0,0,0.093,0.17,0.163,0.333,SD,47,2,0,0,3,0.94,2,7,0,.114,.070,-.--,.250,.043,.170
2022,540,TimT BeckhamBeckhamX,,MIN,12,25,1,2,0,0,0,1,0,9,0,0,0.08,0.08,0.08,0.16,MIN,25,0,0,0,2,3.67,0,2,0,.125,.000,-.--,.---,.000,.360
2022,540,David Bednar,P,PIT,45,0,0,0,0,0,0,0,0,0,0,0,0.0,0.0,0.0,0.0,PIT,0,0,0,0,0,-.--,0,0,0,.---,--,-.--,.---,.---,.---
2022,540,Andrew Bellatti,P,PHI,59,0,0,0,0,0,0,0,0,0,0,0,0.0,0.0,0.0,0.0,PHI,0,0,0,0,0,-.--,0,0,0,.---,--,-.--,.---,.---,.---
2022,540,Will Benson,CF,CLE,28,55,8,10,1,0,0,3,3,19,0,0,0.182,0.25,0.2,0.45,CLE,61,2,1,0,1,1.25,1,11,0,.278,.018,-.--,.158,.049,.311
2022,540,Wynton Bernard,CF,COL,12,42,9,12,1,0,0,3,0,8,3,1,0.286,0.286,0.31,0.596,COL,42,0,0,0,1,1.75,1,13,0,.353,.024,-.--,.---,.000,.190
2022,540,Phil Bickford,P,LAD,60,0,0,0,0,0,0,0,0,0,0,0,0.0,0.0,0.0,0.0,LAD,0,0,0,0,0,-.--,0,0,0,.---,--,-.--,.---,.---,.---
2022,540,DaironD BlancoBlancoX,,KC,5,7,1,2,0,0,0,2,0,4,1,0,0.286,0.286,0.286,0.572,KC,7,0,0,0,0,1.00,0,2,0,.667,.000,-.--,.---,.000,.571
2022,540,Travis Blankenhorn,DH,NYM,1,3,0,0,0,0,0,0,0,1,0,0,0.0,0.0,0.0,0.0,NYM,3,0,0,0,0,1.00,0,0,0,.000,.000,-.--,.---,.000,.333
2022,540,Richard Bleier,P,MIA,55,0,0,0,0,0,0,0,0,0,0,0,0.0,0.0,0.0,0.0,MIA,0,0,0,0,0,-.--,0,0,0,.---,--,-.--,.---,.---,.---
2022,540,Ronald Bolaños,P,KC,8,0,0,0,0,0,0,0,0,0,0,0,0.0,0.0,0.0,0.0,KC,0,0,0,0,0,-.--,0,0,0,.---,--,-.--,.---,.---,.---
2022,540,Bobby Bradley,1B,CLE,8,17,1,2,0,0,0,0,0,9,0,0,0.118,0.118,0.118,0.236,CLE,17,0,0,0,0,2.00,0,2,0,.250,.000,-.--,.---,.000,.529
2022,540,Rob Brantly,C,NYY,1,3,0,1,1,0,0,0,0,0,0,0,0.333,0.333,0.667,1.0,NYY,3,0,0,0,0,1.00,1,2,0,.333,.333,-.--,.---,.000,.000
2022,540,Matt Brash,P,SEA,39,0,0,0,0,0,0,0,0,0,0,0,0.0,0.0,0.0,0.0,SEA,0,0,0,0,0,-.--,0,0,0,.---,--,-.--,.---,.---,.---
2022,540,Justin Bruihl,P,LAD,24,0,0,0,0,0,0,0,0,0,0,0,0.0,0.0,0.0,0.0,LAD,0,0,0,0,0,-.--,0,0,0,.---,--,-.--,.---,.---,.---
2022,540,Aaron Bummer,P,CWS,32,0,0,0,0,0,0,0,0,0,0,0,0.0,0.0,0.0,0.0,CWS,0,0,0,0,0,-.--,0,0,0,.---,--,-.--,.---,.---,.---
2022,540,Vinny Capra,DH,TOR,8,5,2,1,0,0,0,0,2,1,0,0,0.2,0.429,0.2,0.629,TOR,7,0,0,0,0,2.00,0,1,0,.250,.000,-.--,2.000,.286,.143
2022,540,Diego Castillo,P,SEA,59,0,0,0,0,0,0,0,0,0,0,0,0.0,0.0,0.0,0.0,PIT,283,3,0,4,7,0.83,24,100,1,0.239,0.176,23.82,0.187,0.049,0.265
2022,540,Diego Castillo,P,SEA,59,0,0,0,0,0,0,0,0,0,0,0,0.0,0.0,0.0,0.0,SEA,0,0,0,0,0,-.--,0,0,0,.---,--,-.--,.---,.---,.---
2022,540,Taylor Clarke,P,KC,47,0,0,0,0,0,0,0,0,0,0,0,0.0,0.0,0.0,0.0,KC,0,0,0,0,0,-.--,0,0,0,.---,--,-.--,.---,.---,.---
2022,540,Ernie Clement,3B,OAK,70,163,19,30,4,0,0,6,11,26,0,1,0.184,0.243,0.209,0.452,OAK,179,2,2,1,3,0.93,4,34,0,.217,.025,-.--,.423,.061,.145
2022,540,Dylan Coleman,P,KC,68,0,0,0,0,0,0,0,0,0,0,0,0.0,0.0,0.0,0.0,KC,0,0,0,0,0,-.--,0,0,0,.---,--,-.--,.---,.---,.---
2022,540,Alex Colomé,P,COL,53,0,0,0,0,0,0,0,0,0,0,0,0.0,0.0,0.0,0.0,COL,0,0,0,0,0,-.--,0,0,0,.---,--,-.--,.---,.---,.---
2022,540,Narciso Crook,RF,CHC,4,8,1,2,1,0,0,2,0,3,0,0,0.25,0.222,0.375,0.597,CHC,9,0,0,1,1,1.00,1,3,0,.333,.125,-.--,.---,.000,.333
2022,540,Brendon Davis,RF,DET,3,10,2,2,0,0,0,0,1,3,1,0,0.2,0.273,0.2,0.473,DET,11,0,0,0,0,0.00,0,2,0,.286,.000,-.--,.333,.091,.273
2022,540,Jaylin Davis,CF,BOS,12,24,4,8,1,0,0,2,3,11,0,0,0.333,0.407,0.375,0.782,BOS,27,0,0,0,0,1.50,1,9,0,.615,.042,-.--,.273,.111,.407
2022,540,Jonathan Davis,CF,MIL,37,76,9,17,1,0,0,4,14,26,7,1,0.224,0.344,0.237,0.581,MIL,91,0,1,0,1,1.83,1,18,0,.340,.013,-.--,.538,.154,.286
2022,540,Ronnie Dawson,DH,CIN,1,3,0,0,0,0,0,0,0,2,0,0,0.0,0.0,0.0,0.0,CIN,3,0,0,0,0,1.00,0,0,0,.000,.000,-.--,.---,.000,.667
2022,540,Enyel De Los Santos,P,CLE,50,0,0,0,0,0,0,0,0,0,0,0,0.0,0.0,0.0,0.0,CLE,0,0,0,0,0,-.--,0,0,0,.---,--,-.--,.---,.---,.---
2022,540,Ben DeLuzio,CF,STL,22,20,3,3,1,0,0,0,3,5,0,1,0.15,0.292,0.2,0.492,STL,25,1,1,0,0,0.86,1,4,0,.200,.050,-.--,.600,.120,.200
2022,540,Austin Dean,LF,SF,3,8,1,3,0,0,0,0,1,0,0,0,0.375,0.444,0.375,0.819,SF,9,0,0,0,0,4.00,0,3,0,.375,.000,-.--,.---,.111,.000
2022,540,Jordan Diaz,2B,OAK,15,49,3,13,3,0,0,1,2,7,0,0,0.265,0.294,0.327,0.621,OAK,51,0,0,0,1,2.63,3,16,0,.310,.061,-.--,.286,.039,.137
2022,540,Yainer Diaz,DH,HOU,6,8,0,1,1,0,0,1,1,2,0,0,0.125,0.222,0.25,0.472,HOU,9,0,0,0,0,1.50,1,2,0,.167,.125,-.--,.500,.111,.222
2022,540,Wilmer Difo,SS,AZ,3,6,0,0,0,0,0,0,0,1,0,0,0.0,0.0,0.0,0.0,AZ,6,0,0,0,0,4.00,0,0,0,.000,.000,-.--,.---,.000,.167
2022,540,Brandon Dixon,3B,SD,5,14,1,3,1,0,0,1,0,5,0,0,0.214,0.214,0.286,0.5,SD,14,0,0,0,1,1.00,1,4,0,.333,.071,-.--,.---,.000,.357
2022,540,Tyler Duffey,P,MIN,40,0,0,0,0,0,0,0,0,0,0,0,0.0,0.0,0.0,0.0,MIN,0,0,0,0,0,-.--,0,0,0,.---,--,-.--,.---,.---,.---
2022,540,Steven Duggar,LF,LAA,29,72,7,11,3,1,0,4,7,41,5,1,0.153,0.225,0.222,0.447,LAA,80,0,0,1,0,0.91,4,16,0,.344,.069,-.--,.171,.088,.513
2022,540,Jhoan Duran,P,MIN,57,0,0,0,0,0,0,0,0,0,0,0,0.0,0.0,0.0,0.0,MIN,0,0,0,0,0,-.--,0,0,0,.---,--,-.--,.---,.---,.---
2022,540,Edwin Díaz,P,NYM,61,0,0,0,0,0,0,0,0,0,0,0,0.0,0.0,0.0,0.0,NYM,0,0,0,0,0,-.--,0,0,0,.---,--,-.--,.---,.---,.---
2022,540,Yusniel Díaz,RF,BAL,1,1,0,0,0,0,0,0,0,1,0,0,0.0,0.0,0.0,0.0,BAL,1,0,0,0,0,-.--,0,0,0,.---,.000,-.--,.---,.000,1.000
2022,540,Drew Ellis,3B,SEA,7,16,2,3,1,0,0,1,1,7,0,0,0.188,0.235,0.25,0.485,SEA,17,0,0,0,0,2.00,1,4,0,.333,.063,-.--,.143,.059,.412
2022,540,Alcides Escobar,SS,WSH,42,124,12,27,4,2,0,8,5,32,1,1,0.218,0.26,0.282,0.542,WSH,131,2,0,0,1,0.67,6,35,0,.293,.065,-.--,.156,.038,.244
2022,540,Carlos Estévez,P,COL,62,0,0,0,0,0,0,0,0,0,0,0,0.0,0.0,0.0,0.0,COL,0,0,0,0,0,-.--,0,0,0,.---,--,-.--,.---,.---,.---
2022,540,Jeurys Familia,P,PHI,38,0,0,0,0,0,0,0,0,0,0,0,0.0,0.0,0.0,0.0,PHI,0,0,0,0,0,-.--,0,0,0,.---,--,-.--,.---,.---,.---
2022,540,Mario Feliciano,C,MIL,2,4,0,1,0,0,0,0,1,1,0,0,0.25,0.4,0.25,0.65,MIL,5,0,0,0,0,1.00,0,1,0,.333,.000,-.--,1.000,.200,.200
2022,540,Freddy Fermin,C,KC,3,7,1,0,0,0,0,0,0,3,0,1,0.0,0.0,0.0,0.0,KC,7,0,0,0,0,1.00,0,0,0,.000,.000,-.--,.---,.000,.429
2022,540,Estevan Florial,CF,NYY,17,31,4,3,0,0,0,1,3,13,2,0,0.097,0.2,0.097,0.297,NYY,35,1,0,0,0,0.88,0,3,0,.167,.000,-.--,.231,.086,.371
2022,540,Dylan Floro,P,MIA,56,0,0,0,0,0,0,0,0,0,0,0,0.0,0.0,0.0,0.0,MIA,0,0,0,0,0,-.--,0,0,0,.---,--,-.--,.---,.---,.---
2022,540,Matt Foster,P,CWS,48,0,0,0,0,0,0,0,0,0,0,0,0.0,0.0,0.0,0.0,CWS,0,0,0,0,0,-.--,0,0,0,.---,--,-.--,.---,.---,.---
2022,540,Lucius Fox,SS,WSH,10,25,2,2,0,0,0,2,1,9,1,0,0.08,0.115,0.08,0.195,WSH,28,0,2,0,1,3.00,0,2,0,.125,.000,-.--,.111,.036,.321
2022,540,Clint Frazier,DH,CHC,19,37,4,8,3,0,0,1,7,11,1,0,0.216,0.356,0.297,0.653,CHC,45,1,0,0,1,1.25,3,11,0,.308,.081,-.--,.636,.156,.244
2022,540,Tyler Freeman,3B,CLE,24,77,9,19,3,0,0,3,4,11,1,0,0.247,0.314,0.286,0.6,CLE,86,4,0,1,2,1.09,3,22,0,.284,.039,-.--,.364,.047,.128
2022,540,Michael Fulmer,P,MIN,26,0,0,0,0,0,0,0,0,0,0,0,0.0,0.0,0.0,0.0,MIN,0,0,0,0,0,-.--,0,0,0,.---,--,-.--,.---,.---,.---
2022,540,Cam Gallagher,C,KC,18,42,1,9,5,0,0,5,3,13,0,0,0.214,0.267,0.333,0.6,KC,47,0,2,0,0,0.83,5,14,0,.310,.119,-.--,.231,.064,.277
2022,540,Rico Garcia,P,BAL,6,0,0,0,0,0,0,0,0,0,0,0,0.0,0.0,0.0,0.0,BAL,0,0,0,0,0,-.--,0,0,0,.---,--,-.--,.---,.---,.---
2022,540,Maikel Garcia,SS,KC,9,22,1,7,1,0,0,2,1,5,0,0,0.318,0.348,0.364,0.712,KC,23,0,0,0,1,1.00,1,8,0,.412,.045,-.--,.200,.043,.217
2022,540,Dustin Garneau,C,DET,8,10,1,3,1,0,0,1,1,4,0,0,0.3,0.364,0.4,0.764,DET,11,0,0,0,0,0.00,1,4,0,.500,.100,-.--,.250,.091,.364
2022,540,Lucas Gilbreath,P,COL,47,0,0,0,0,0,0,0,0,0,0,0,0.0,0.0,0.0,0.0,COL,0,0,0,0,0,-.--,0,0,0,.---,--,-.--,.---,.---,.---
2022,540,Kevin Ginkel,P,AZ,30,0,0,0,0,0,0,0,0,0,0,0,0.0,0.0,0.0,0.0,AZ,0,0,0,0,0,-.--,0,0,0,.---,--,-.--,.---,.---,.---
2022,540,Mychal Givens,P,NYM,19,0,0,0,0,0,0,0,0,0,0,0,0.0,0.0,0.0,0.0,NYM,0,0,0,0,0,-.--,0,0,0,.---,--,-.--,.---,.---,.---
2022,540,José Godoy,C,PIT,10,20,3,1,0,0,0,1,2,9,0,0,0.05,0.136,0.05,0.186,PIT,22,0,0,0,0,1.00,0,1,0,.091,.000,-.--,.222,.091,.409
2022,540,Erik González,SS,MIA,16,37,4,7,1,0,0,3,4,12,1,0,0.189,0.268,0.216,0.484,MIA,41,0,0,0,1,1.57,1,8,0,.280,.027,-.--,.333,.098,.293
2022,540,Niko Goodrum,2B,HOU,15,43,2,5,2,0,0,1,2,23,1,0,0.116,0.156,0.163,0.319,HOU,45,0,0,0,0,1.14,2,7,0,.250,.047,-.--,.087,.044,.511
2022,540,TerranceT GoreGoreX,,NYM,10,7,1,1,0,0,0,0,0,3,3,0,0.143,0.143,0.143,0.286,NYM,8,0,1,0,0,1.00,0,1,0,.250,.000,-.--,.---,.000,.375
2022,540,Phil Gosselin,3B,LAA,34,74,6,11,0,1,0,2,2,24,0,0,0.149,0.182,0.176,0.358,LAA,77,1,0,0,1,0.86,1,13,0,.220,.027,-.--,.083,.026,.312
2022,540,Kendall Graveman,P,CWS,65,0,0,0,0,0,0,0,0,0,0,0,0.0,0.0,0.0,0.0,CWS,0,0,0,0,0,-.--,0,0,0,.---,--,-.--,.---,.---,.---
2022,540,Grayson Greiner,C,AZ,2,6,0,1,0,0,0,0,2,3,0,0,0.167,0.375,0.167,0.542,AZ,8,0,0,0,0,1.00,0,1,0,.333,.000,-.--,.667,.250,.375
2022,540,Justin Grimm,P,OAK,15,0,0,0,0,0,0,0,0,0,0,0,0.0,0.0,0.0,0.0,OAK,0,0,0,0,0,-.--,0,0,0,.---,--,-.--,.---,.---,.---
2022,540,Kelvin Gutiérrez,3B,BAL,12,28,2,4,1,0,0,3,4,8,1,0,0.143,0.25,0.179,0.429,BAL,33,0,0,0,1,1.29,1,5,0,.200,.036,-.--,.500,.121,.242
2022,540,Ronald Guzmán,1B,NYY,3,6,0,0,0,0,0,0,0,5,0,0,0.0,0.0,0.0,0.0,NYY,6,0,0,0,1,1.00,0,0,0,.000,.000,-.--,.---,.000,.833
2022,540,Jake Hager,2B,AZ,28,50,4,12,2,0,0,3,8,17,0,0,0.24,0.345,0.28,0.625,AZ,59,0,1,0,0,1.20,2,14,0,.364,.040,-.--,.471,.136,.288
2022,540,BillyB HamiltonHamiltonX,,MIN,37,20,13,1,0,0,0,0,2,12,10,1,0.05,0.136,0.05,0.186,MIN,23,0,1,0,0,1.00,0,1,0,.125,.000,-.--,.167,.087,.522
2022,540,AdamA HaseleyHaseleyX,,CWS,14,21,4,5,0,0,0,2,3,7,0,0,0.238,0.333,0.238,0.571,CWS,25,0,1,0,0,10.00,0,5,0,.357,.000,-.--,.429,.120,.280
2022,540,Tyler Heineman,C,PIT,62,157,16,34,8,0,0,9,8,17,1,0,0.217,0.276,0.268,0.544,PIT,174,5,4,0,3,0.69,8,42,0,.243,.051,-.--,.471,.046,.098
2022,540,Liam Hendriks,P,CWS,58,0,0,0,0,0,0,0,0,0,0,0,0.0,0.0,0.0,0.0,CWS,0,0,0,0,0,-.--,0,0,0,.---,--,-.--,.---,.---,.---
2022,540,Ryan Hendrix,P,CIN,9,0,0,0,0,0,0,0,0,0,0,0,0.0,0.0,0.0,0.0,CIN,0,0,0,0,0,-.--,0,0,0,.---,--,-.--,.---,.---,.---
2022,540,Payton Henry,C,MIA,15,28,2,4,0,0,0,4,5,8,0,0,0.143,0.314,0.143,0.457,MIA,35,2,0,0,0,4.33,0,4,0,.200,.000,-.--,.625,.143,.229
2022,540,Michael Hermosillo,CF,CHC,31,61,7,7,2,0,0,4,7,27,1,0,0.115,0.25,0.148,0.398,CHC,73,4,1,0,0,0.75,2,9,0,.206,.033,-.--,.259,.096,.370
2022,540,Elier Hernandez,LF,TEX,14,33,4,6,2,0,0,3,1,15,0,0,0.182,0.2,0.242,0.442,TEX,35,0,0,1,1,0.30,2,8,0,.316,.061,-.--,.067,.029,.429
2022,540,Carlos Hernández,P,KC,27,0,0,0,0,0,0,0,0,0,0,0,0.0,0.0,0.0,0.0,KC,0,0,0,0,0,-.--,0,0,0,.---,--,-.--,.---,.---,.---
2022,540,Yonny Hernández,3B,AZ,12,24,2,2,0,0,0,0,2,4,2,0,0.083,0.154,0.083,0.237,AZ,28,0,2,0,0,3.00,0,2,0,.100,.000,-.--,.500,.071,.143
2022,540,Iván Herrera,C,STL,11,18,0,2,0,0,0,1,2,8,0,0,0.111,0.19,0.111,0.301,STL,22,0,1,1,0,1.50,0,2,0,.182,.000,-.--,.250,.091,.364
2022,540,Jose Herrera,C,AZ,47,111,9,21,2,0,0,5,9,34,0,0,0.189,0.25,0.207,0.457,AZ,124,0,4,0,1,2.00,2,23,0,.273,.018,-.--,.265,.073,.274
2022,540,BrewerB HicklenHicklenX,,KC,6,4,1,0,0,0,0,0,0,4,0,0,0.0,0.0,0.0,0.0,KC,4,0,0,0,0,-.--,0,0,0,.---,.000,-.--,.---,.000,1.000
2022,540,Jeff Hoffman,P,CIN,35,0,0,0,0,0,0,0,0,0,0,0,0.0,0.0,0.0,0.0,CIN,0,0,0,0,0,-.--,0,0,0,.---,--,-.--,.---,.---,.---
2022,540,Brandon Hughes,P,CHC,57,0,0,0,0,0,0,0,0,0,0,0,0.0,0.0,0.0,0.0,CHC,0,0,0,0,0,-.--,0,0,0,.---,--,-.--,.---,.---,.---
2022,540,Tommy Hunter,P,NYM,18,0,0,0,0,0,0,0,0,0,0,0,0.0,0.0,0.0,0.0,NYM,0,0,0,0,0,-.--,0,0,0,.---,--,-.--,.---,.---,.---
2022,540,Ender Inciarte,LF,NYM,11,8,1,1,0,0,0,0,0,0,0,0,0.125,0.125,0.125,0.25,NYM,8,0,0,0,0,2.50,0,1,0,.125,.000,-.--,.---,.000,.000
2022,540,Alex Jackson,C,MIL,5,12,0,3,0,0,0,0,0,7,0,0,0.25,0.25,0.25,0.5,MIL,12,0,0,0,0,1.00,0,3,0,.600,.000,-.--,.---,.000,.583
2022,540,Drew Jackson,RF,OAK,3,3,0,0,0,0,0,0,0,1,0,0,0.0,0.0,0.0,0.0,OAK,3,0,0,0,0,2.00,0,0,0,.000,.000,-.--,.---,.000,.333
2022,540,Travis Jankowski,CF,SEA,44,55,11,9,0,0,0,2,8,10,3,0,0.164,0.281,0.164,0.445,SEA,64,1,0,0,0,3.00,0,9,0,.200,.000,-.--,.800,.125,.156
2022,540,Bryce Johnson,CF,SF,11,18,1,2,0,0,0,2,1,7,0,0,0.111,0.158,0.111,0.269,SF,19,0,0,0,0,0.80,0,2,0,.182,.000,-.--,.143,.053,.368
2022,540,TaylorT JonesJonesX,,HOU,1,1,0,0,0,0,0,0,0,0,0,0,0.0,0.0,0.0,0.0,HOU,1,0,0,0,0,1.00,0,0,0,.000,.000,-.--,.---,.000,.000
2022,540,James Kaprielian,P,OAK,27,0,0,0,0,0,0,0,0,0,0,0,0.0,0.0,0.0,0.0,OAK,0,0,0,0,0,-.--,0,0,0,.---,--,-.--,.---,.---,.---
2022,540,GosukeG KatohKatohX,,TOR,8,7,2,1,1,0,0,0,3,1,0,0,0.143,0.4,0.286,0.686,TOR,11,0,1,0,0,2.00,1,2,0,.167,.143,-.--,3.000,.273,.091
2022,540,Ian Kennedy,P,AZ,57,0,0,0,0,0,0,0,0,0,0,0,0.0,0.0,0.0,0.0,AZ,0,0,0,0,0,-.--,0,0,0,.---,--,-.--,.---,.---,.---
2022,540,Craig Kimbrel,P,LAD,63,0,0,0,0,0,0,0,0,0,0,0,0.0,0.0,0.0,0.0,LAD,0,0,0,0,0,-.--,0,0,0,.---,--,-.--,.---,.---,.---
2022,540,Scott Kingery,2B,PHI,1,0,0,0,0,0,0,0,0,0,0,0,0.0,0.0,0.0,0.0,PHI,0,0,0,0,0,-.--,0,0,0,.---,--,-.--,.---,.---,.---
2022,540,Andrew Knapp,C,SF,16,39,4,5,1,0,0,4,5,12,0,0,0.128,0.239,0.154,0.393,SF,46,1,0,1,0,1.30,1,6,0,.179,.026,-.--,.417,.109,.261
2022,540,Joey Krehbiel,P,BAL,56,0,0,0,0,0,0,0,0,0,0,0,0.0,0.0,0.0,0.0,BAL,0,0,0,0,0,-.--,0,0,0,.---,--,-.--,.---,.---,.---
2022,540,Jason Krizan,LF,SF,3,8,0,1,0,0,0,0,2,3,0,0,0.125,0.3,0.125,0.425,SF,10,0,0,0,0,1.00,0,1,0,.200,.000,-.--,.667,.200,.300
2022,540,Joel Kuhnel,P,CIN,53,0,0,0,0,0,0,0,0,0,0,0,0.0,0.0,0.0,0.0,CIN,0,0,0,0,0,-.--,0,0,0,.---,--,-.--,.---,.---,.---
2022,540,Juan Lagares,RF,LAA,20,60,4,11,2,1,0,0,2,15,0,0,0.183,0.21,0.25,0.46,LAA,62,0,0,0,0,0.62,3,15,0,.244,.067,-.--,.133,.032,.242
2022,540,Jimmy Lambert,P,CWS,42,0,0,0,0,0,0,0,0,0,0,0,0.0,0.0,0.0,0.0,CWS,0,0,0,0,0,-.--,0,0,0,.---,--,-.--,.---,.---,.---
2022,540,Jack Larsen,RF,SEA,1,1,0,0,0,0,0,0,0,1,0,0,0.0,0.0,0.0,0.0,SEA,1,0,0,0,0,-.--,0,0,0,.---,.000,-.--,.---,.000,1.000
2022,540,Bryan Lavastida,C,CLE,6,12,0,1,0,0,0,0,3,4,0,0,0.083,0.267,0.083,0.35,CLE,15,0,0,0,0,1.33,0,1,0,.125,.000,-.--,.750,.200,.267
2022,540,Korey Lee,C,HOU,12,25,1,4,2,0,0,4,1,9,0,0,0.16,0.192,0.24,0.432,HOU,26,0,0,0,1,0.71,2,6,0,.250,.080,-.--,.111,.038,.346
2022,540,Josh Lester,3B,DET,2,5,0,0,0,0,0,0,0,3,0,0,0.0,0.0,0.0,0.0,DET,5,0,0,0,0,2.00,0,0,0,.000,.000,-.--,.---,.000,.600
2022,540,Sandy León,C,MIN,34,71,6,12,3,0,0,4,13,27,0,0,0.169,0.298,0.211,0.509,MIN,86,0,2,0,2,0.62,3,15,0,.273,.042,-.--,.481,.151,.314
2022,540,LuisL LiberatoLiberatoX,,SD,7,5,0,0,0,0,0,0,0,3,0,0,0.0,0.0,0.0,0.0,SD,5,0,0,0,0,0.00,0,0,0,.000,.000,-.--,.---,.000,.600
2022,540,Matthew Liberatore,P,STL,9,0,0,0,0,0,0,0,0,0,0,0,0.0,0.0,0.0,0.0,STL,0,0,0,0,0,-.--,0,0,0,.---,--,-.--,.---,.---,.---
2022,540,ChristianC LopesLopesX,,OAK,4,9,0,0,0,0,0,0,1,5,0,0,0.0,0.1,0.0,0.1,OAK,10,0,0,0,0,0.33,0,0,0,.000,.000,-.--,.200,.100,.500
2022,540,Nicky Lopez,2B,KC,142,436,51,99,12,4,0,20,29,63,13,3,0.227,0.281,0.273,0.554,KC,480,4,10,1,8,1.57,16,119,0,.265,.046,-.--,.460,.060,.131
2022,540,Otto Lopez,SS,TOR,8,9,0,6,0,0,0,3,1,1,0,1,0.667,0.7,0.667,1.367,TOR,10,0,0,0,0,0.00,0,6,0,.750,.000,-.--,1.000,.100,.100
2022,540,Jonathan Loáisiga,P,NYY,50,0,0,0,0,0,0,0,0,0,0,0,0.0,0.0,0.0,0.0,NYY,0,0,0,0,0,-.--,0,0,0,.---,--,-.--,.---,.---,.---
2022,540,Seth Lugo,P,NYM,62,0,0,0,0,0,0,0,0,0,0,0,0.0,0.0,0.0,0.0,NYM,0,0,0,0,0,-.--,0,0,0,.---,--,-.--,.---,.---,.---
2022,540,DanielD Lynch IVLynch,P,KC,27,0,0,0,0,0,0,0,0,0,0,0,0.0,0.0,0.0,0.0,KC,0,0,0,0,0,-.--,0,0,0,.---,--,-.--,.---,.---,.---
2022,540,Jorge López,P,MIN,67,0,0,0,0,0,0,0,0,0,0,0,0.0,0.0,0.0,0.0,MIN,0,0,0,0,0,-.--,0,0,0,.---,--,-.--,.---,.---,.---
2022,540,Reynaldo López,P,CWS,61,0,0,0,0,0,0,0,0,0,0,0,0.0,0.0,0.0,0.0,CWS,0,0,0,0,0,-.--,0,0,0,.---,--,-.--,.---,.---,.---
2022,540,David MacKinnon,1B,OAK,22,50,2,7,0,0,0,6,6,17,0,0,0.14,0.228,0.14,0.368,OAK,57,0,0,1,2,1.25,0,7,0,.206,.000,-.--,.353,.105,.298
2022,540,Dixon Machado,SS,SF,5,15,1,3,0,0,0,0,1,5,0,0,0.2,0.294,0.2,0.494,SF,17,1,0,0,0,1.33,0,3,0,.300,.000,-.--,.200,.059,.294
2022,540,Nick Madrigal,2B,CHC,59,209,19,52,7,0,0,7,14,27,3,1,0.249,0.305,0.282,0.587,CHC,228,3,2,0,6,2.14,7,59,0,.286,.033,-.--,.519,.061,.118
2022,540,Matt Manning,P,DET,13,0,0,0,0,0,0,0,0,0,0,0,0.0,0.0,0.0,0.0,DET,0,0,0,0,0,-.--,0,0,0,.---,--,-.--,.---,.---,.---
2022,540,Joe Mantiply,P,AZ,69,0,0,0,0,0,0,0,0,0,0,0,0.0,0.0,0.0,0.0,AZ,0,0,0,0,0,-.--,0,0,0,.---,--,-.--,.---,.---,.---
2022,540,Deven Marrero,SS,NYM,5,6,0,0,0,0,0,0,0,3,1,0,0.0,0.0,0.0,0.0,NYM,6,0,0,0,0,2.00,0,0,0,.000,.000,-.--,.---,.000,.500
2022,540,Brett Martin,P,TEX,55,0,0,0,0,0,0,0,0,0,0,0,0.0,0.0,0.0,0.0,TEX,0,0,0,0,0,-.--,0,0,0,.---,--,-.--,.---,.---,.---
2022,540,Chris Martin,P,LAD,26,0,0,0,0,0,0,0,0,0,0,0,0.0,0.0,0.0,0.0,LAD,0,0,0,0,0,-.--,0,0,0,.---,--,-.--,.---,.---,.---
2022,540,RichieR Martin Jr.Martin,2B,BAL,13,30,4,5,0,2,0,3,3,10,3,1,0.167,0.242,0.3,0.542,BAL,33,0,0,0,0,1.14,2,9,0,.250,.133,-.--,.300,.091,.303
2022,540,Miles Mastrobuoni,2B,TB,8,16,1,3,0,0,0,0,1,6,1,0,0.188,0.235,0.188,0.423,TB,17,0,0,0,0,2.50,0,3,0,.300,.000,-.--,.167,.059,.353
2022,540,Shane McClanahan,P,TB,29,0,0,0,0,0,0,0,0,0,0,0,0.0,0.0,0.0,0.0,TB,0,0,0,0,0,-.--,0,0,0,.---,--,-.--,.---,.---,.---
2022,540,MickeyM McDonaldMcDonaldX,,OAK,4,4,0,0,0,0,0,0,2,3,0,0,0.0,0.333,0.0,0.333,OAK,6,0,0,0,0,0.00,0,0,0,.000,.000,-.--,.667,.333,.500
2022,540,Austin Meadows,RF,DET,36,128,9,32,6,2,0,11,16,17,0,1,0.25,0.347,0.328,0.675,DET,147,3,0,0,2,0.72,8,42,0,.288,.078,-.--,.941,.109,.116
2022,540,Adonis Medina,P,NYM,14,0,0,0,0,0,0,0,0,0,0,0,0.0,0.0,0.0,0.0,NYM,0,0,0,0,0,-.--,0,0,0,.---,--,-.--,.---,.---,.---
2022,540,Trevor Megill,P,MIN,40,0,0,0,0,0,0,0,0,0,0,0,0.0,0.0,0.0,0.0,MIN,0,0,0,0,0,-.--,0,0,0,.---,--,-.--,.---,.---,.---
2022,540,Mark Melancon,P,AZ,62,0,0,0,0,0,0,0,0,0,0,0,0.0,0.0,0.0,0.0,AZ,0,0,0,0,0,-.--,0,0,0,.---,--,-.--,.---,.---,.---
2022,540,Keynan Middleton,P,AZ,18,0,0,0,0,0,0,0,0,0,0,0,0.0,0.0,0.0,0.0,AZ,0,0,0,0,0,-.--,0,0,0,.---,--,-.--,.---,.---,.---
2022,540,Alec Mills,P,CHC,7,0,0,0,0,0,0,0,0,0,0,0,0.0,0.0,0.0,0.0,CHC,0,0,0,0,0,-.--,0,0,0,.---,--,-.--,.---,.---,.---
2022,540,Wyatt Mills,P,SEA,8,0,0,0,0,0,0,0,0,0,0,0,0.0,0.0,0.0,0.0,SEA,0,0,0,0,0,-.--,0,0,0,.---,--,-.--,.---,.---,.---
2022,540,Adalberto Mondesi,SS,KC,15,50,3,7,0,0,0,3,4,20,5,0,0.14,0.204,0.14,0.344,KC,54,0,0,0,2,1.30,0,7,0,.233,.000,-.--,.200,.074,.370
2022,540,Nate Mondou,2B,OAK,1,2,0,0,0,0,0,0,1,1,0,0,0.0,0.333,0.0,0.333,OAK,3,0,0,0,0,0.00,0,0,0,.000,.000,-.--,1.000,.333,.333
2022,540,Dauri Moreta,P,CIN,35,0,0,0,0,0,0,0,0,0,0,0,0.0,0.0,0.0,0.0,CIN,0,0,0,0,0,-.--,0,0,0,.---,--,-.--,.---,.---,.---
2022,540,Reyes Moronta,P,AZ,17,0,0,0,0,0,0,0,0,0,0,0,0.0,0.0,0.0,0.0,AZ,0,0,0,0,0,-.--,0,0,0,.---,--,-.--,.---,.---,.---
2022,540,Taylor Motter,3B,CIN,2,6,0,1,0,0,0,0,0,3,0,0,0.167,0.167,0.167,0.334,CIN,6,0,0,0,0,1.00,0,1,0,.333,.000,-.--,.---,.000,.500
2022,540,Penn Murfee,P,SEA,64,0,0,0,0,0,0,0,0,0,0,0,0.0,0.0,0.0,0.0,SEA,0,0,0,0,0,-.--,0,0,0,.---,--,-.--,.---,.---,.---
2022,540,Símon Muzziotti,CF,PHI,9,7,0,1,0,0,0,0,0,2,0,0,0.143,0.25,0.143,0.393,PHI,9,1,1,0,0,0.67,0,1,0,.200,.000,-.--,.---,.000,.222
2022,540,Andrew Nardi,P,MIA,13,0,0,0,0,0,0,0,0,0,0,0,0.0,0.0,0.0,0.0,MIA,0,0,0,0,0,-.--,0,0,0,.---,--,-.--,.---,.---,.---
2022,540,Bo Naylor,C,CLE,5,8,0,0,0,0,0,0,0,5,0,0,0.0,0.0,0.0,0.0,CLE,8,0,0,0,0,0.00,0,0,0,.000,.000,-.--,.---,.000,.625
2022,540,Kyle Nelson,P,AZ,43,0,0,0,0,0,0,0,0,0,0,0,0.0,0.0,0.0,0.0,AZ,0,0,0,0,0,-.--,0,0,0,.---,--,-.--,.---,.---,.---
2022,540,Daniel Norris,P,CHC,27,0,0,0,0,0,0,0,0,0,0,0,0.0,0.0,0.0,0.0,CHC,0,0,0,0,0,-.--,0,0,0,.---,--,-.--,.---,.---,.---
2022,540,Dom Nuñez,C,COL,14,33,3,4,1,0,0,2,6,10,0,0,0.121,0.244,0.152,0.396,COL,41,0,0,2,0,0.40,1,5,0,.160,.030,-.--,.600,.146,.244
2022,540,Logan O'Hoppe,C,LAA,5,14,1,4,0,0,0,2,2,3,0,0,0.286,0.375,0.286,0.661,LAA,16,0,0,0,0,0.40,0,4,0,.364,.000,-.--,.667,.125,.188
2022,540,Brian O'Keefe,C,SEA,2,3,0,1,0,0,0,0,1,2,0,0,0.333,0.5,0.333,0.833,SEA,4,0,0,0,0,-.--,0,1,0,1.000,.000,-.--,.500,.250,.500
2022,540,Steven Okert,P,MIA,60,0,0,0,0,0,0,0,0,0,0,0,0.0,0.0,0.0,0.0,MIA,0,0,0,0,0,-.--,0,0,0,.---,--,-.--,.---,.---,.---
2022,540,Chris Okey,C,CIN,7,12,3,2,0,0,0,0,0,5,0,0,0.167,0.231,0.167,0.398,CIN,13,1,0,0,0,1.50,0,2,0,.286,.000,-.--,.---,.000,.385
2022,540,Chris Owings,2B,BAL,27,56,6,6,2,0,0,0,10,24,1,0,0.107,0.254,0.143,0.397,BAL,68,1,1,0,3,1.70,2,8,0,.188,.036,-.--,.417,.147,.353
2022,540,Kevin Padlo,3B,PIT,13,33,0,4,1,0,0,3,1,10,0,0,0.121,0.147,0.152,0.299,PIT,34,0,0,0,2,0.73,1,5,0,.174,.030,-.--,.100,.029,.294
2022,540,Joshua Palacios,RF,WSH,29,47,8,10,2,0,0,2,1,15,1,0,0.213,0.245,0.255,0.5,WSH,49,1,0,0,0,1.75,2,12,0,.313,.043,-.--,.067,.020,.306
2022,540,Richie Palacios,LF,CLE,54,112,7,26,6,0,0,10,9,20,2,0,0.232,0.293,0.286,0.579,CLE,123,1,0,1,2,0.97,6,32,1,.280,.054,-.--,.450,.073,.163
2022,540,Joel Payamps,P,OAK,41,0,0,0,0,0,0,0,0,0,0,0,0.0,0.0,0.0,0.0,OAK,0,0,0,0,0,-.--,0,0,0,.---,--,-.--,.---,.---,.---
2022,540,Mark Payton,LF,CWS,8,21,3,3,0,0,0,1,4,4,0,0,0.143,0.28,0.143,0.423,CWS,25,0,0,0,0,1.00,0,3,0,.176,.000,-.--,1.000,.160,.160
2022,540,Liover Peguero,SS,PIT,1,3,0,1,0,0,0,0,1,2,0,0,0.333,0.5,0.333,0.833,PIT,4,0,0,0,0,-.--,0,1,0,1.000,.000,-.--,.500,.250,.500
2022,540,Joe Perez,3B,HOU,1,1,0,0,0,0,0,0,0,1,0,0,0.0,0.0,0.0,0.0,HOU,1,0,0,0,0,-.--,0,0,0,.---,.000,-.--,.---,.000,1.000
2022,540,Evan Phillips,P,LAD,64,0,0,0,0,0,0,0,1,0,0,0,0.0,1.0,0.0,1.0,LAD,1,0,0,0,0,-.--,0,0,0,.---,--,-.--,.---,1.000,.000
2022,540,Kevin Pillar,LF,LAD,4,12,1,1,1,0,0,0,1,4,0,0,0.083,0.154,0.167,0.321,LAD,13,0,0,0,1,1.33,1,2,0,.125,.083,-.--,.250,.077,.308
2022,540,Israel Pineda,C,WSH,4,13,1,1,0,0,0,0,1,7,0,0,0.077,0.143,0.077,0.22,WSH,14,0,0,0,0,1.50,0,1,0,.167,.000,-.--,.143,.071,.500
2022,540,Manny Piña,C,ATL,5,14,1,2,0,0,0,2,1,1,0,0,0.143,0.235,0.143,0.378,ATL,17,1,0,1,0,1.00,0,2,0,.143,.000,-.--,1.000,.059,.059
2022,540,Zach Pop,P,TOR,36,0,0,0,0,0,0,0,0,0,0,0,0.0,0.0,0.0,0.0,TOR,0,0,0,0,0,-.--,0,0,0,.---,--,-.--,.---,.---,.---
2022,540,Sean Poppen,P,AZ,29,0,0,0,0,0,0,0,0,0,0,0,0.0,0.0,0.0,0.0,AZ,0,0,0,0,0,-.--,0,0,0,.---,--,-.--,.---,.---,.---
2022,540,David Price,P,LAD,40,0,0,0,0,0,0,0,0,0,0,0,0.0,0.0,0.0,0.0,LAD,0,0,0,0,0,-.--,0,0,0,.---,--,-.--,.---,.---,.---
2022,540,Carlos Pérez,C,CWS,7,18,0,4,2,0,0,2,0,2,0,0,0.222,0.222,0.333,0.555,CWS,18,0,0,0,1,0.71,2,6,0,.250,.111,-.--,.---,.000,.111
2022,540,Cionel Pérez,P,BAL,66,0,0,0,0,0,0,0,0,0,0,0,0.0,0.0,0.0,0.0,BAL,0,0,0,0,0,-.--,0,0,0,.---,--,-.--,.---,.---,.---
2022,540,Roman Quinn,LF,TB,44,79,15,17,3,2,0,7,7,36,4,3,0.215,0.287,0.304,0.591,TB,87,1,0,0,0,0.37,5,24,0,.395,.089,-.--,.194,.080,.414
2022,540,Esteban Quiroz,2B,CHC,14,40,3,11,0,0,0,3,4,9,1,1,0.275,0.37,0.275,0.645,CHC,47,2,1,0,0,1.10,0,11,0,.355,.000,-.--,.444,.085,.191
2022,540,Noé Ramirez,P,AZ,55,0,0,0,0,0,0,0,0,0,0,0,0.0,0.0,0.0,0.0,AZ,0,0,0,0,0,-.--,0,0,0,.---,--,-.--,.---,.---,.---
2022,540,Heliot Ramos,RF,SF,9,20,4,2,0,0,0,0,2,6,0,0,0.1,0.182,0.1,0.282,SF,22,0,0,0,1,2.00,0,2,0,.143,.000,-.--,.333,.091,.273
2022,540,Jake Reed,P,BAL,13,0,0,0,0,0,0,0,0,0,0,0,0.0,0.0,0.0,0.0,BAL,0,0,0,0,0,-.--,0,0,0,.---,--,-.--,.---,.---,.---
2022,540,Zach Reks,LF,TEX,16,34,3,9,1,0,0,3,0,10,0,1,0.265,0.265,0.294,0.559,TEX,34,0,0,0,0,0.67,1,10,0,.375,.029,-.--,.---,.000,.294
2022,540,Pablo Reyes,SS,MIL,6,15,1,4,0,0,0,0,1,2,0,0,0.267,0.313,0.267,0.58,MIL,16,0,0,0,0,0.80,0,4,0,.308,.000,-.--,.500,.063,.125
2022,540,JT Riddle,3B,CIN,2,4,0,1,0,0,0,0,0,1,0,0,0.25,0.25,0.25,0.5,CIN,4,0,0,0,0,1.00,0,1,0,.333,.000,-.--,.---,.000,.250
2022,540,Sebastián Rivero,C,KC,17,26,2,4,0,0,0,1,2,10,0,0,0.154,0.214,0.154,0.368,KC,29,0,1,0,0,0.86,0,4,0,.250,.000,-.--,.200,.069,.345
2022,540,David Robertson,P,CHC,36,1,0,0,0,0,0,0,0,1,0,0,0.0,0.0,0.0,0.0,CHC,1,0,0,0,0,-.--,0,0,0,.---,.000,-.--,.---,.000,1.000
2022,540,Kramer Robertson,SS,STL,2,1,0,0,0,0,0,1,0,0,0,0,0.0,0.0,0.0,0.0,STL,1,0,0,0,0,1.00,0,0,0,.000,.000,-.--,.---,.000,.000
2022,540,Joely Rodríguez,P,NYM,55,0,0,0,0,0,0,0,0,0,0,0,0.0,0.0,0.0,0.0,NYM,0,0,0,0,0,-.--,0,0,0,.---,--,-.--,.---,.---,.---
2022,540,Taylor Rogers,P,SD,42,0,0,0,0,0,0,0,0,0,0,0,0.0,0.0,0.0,0.0,SD,0,0,0,0,0,-.--,0,0,0,.---,--,-.--,.---,.---,.---
2022,540,Jose Rojas,3B,LAA,22,56,1,7,2,0,0,1,0,19,0,0,0.125,0.14,0.161,0.301,LAA,57,1,0,0,1,0.50,2,9,0,.189,.036,-.--,.---,.000,.333
2022,540,JoJo Romero,P,PHI,2,0,0,0,0,0,0,0,0,0,0,0,0.0,0.0,0.0,0.0,PHI,0,0,0,0,0,-.--,0,0,0,.---,--,-.--,.---,.---,.---
2022,540,BrentB RookerRookerX,,KC,16,32,1,4,1,0,0,2,3,11,0,0,0.125,0.222,0.156,0.378,KC,36,1,0,0,2,0.89,1,5,0,.190,.031,-.--,.273,.083,.306
2022,540,Eguy Rosario,3B,SD,7,5,0,1,0,0,0,0,1,2,0,0,0.2,0.333,0.2,0.533,SD,6,0,0,0,0,0.00,0,1,0,.333,.000,-.--,.500,.167,.333
2022,540,Esteury Ruiz,LF,MIL,17,35,3,6,1,1,0,2,1,7,1,2,0.171,0.194,0.257,0.451,MIL,36,0,0,0,0,1.20,2,9,0,.214,.086,-.--,.143,.028,.194
2022,540,DonnyD SandsSandsX,,PHI,3,3,0,0,0,0,0,0,1,1,0,0,0.0,0.25,0.0,0.25,PHI,4,0,0,0,1,2.00,0,0,0,.000,.000,-.--,1.000,.250,.250
2022,540,Reiver Sanmartin,P,CIN,45,2,0,0,0,0,0,0,0,1,0,0,0.0,0.0,0.0,0.0,CIN,2,0,0,0,0,1.00,0,0,0,.000,.000,-.--,.---,.000,.500
2022,540,Clarke Schmidt,P,NYY,29,0,0,0,0,0,0,0,0,0,0,0,0.0,0.0,0.0,0.0,NYY,0,0,0,0,0,-.--,0,0,0,.---,--,-.--,.---,.---,.---
2022,540,MaxM SchrockSchrockX,,CIN,13,26,1,4,0,0,0,1,1,6,0,0,0.154,0.185,0.154,0.339,CIN,27,0,0,0,0,0.60,0,4,0,.200,.000,-.--,.167,.037,.222
2022,540,TannerTa Scott,P,MIA,67,0,0,0,0,0,0,0,0,0,0,0,0.0,0.0,0.0,0.0,MIA,0,0,0,0,0,-.--,0,0,0,.---,--,-.--,.---,.---,.---
2022,540,Anderson Severino,P,CWS,6,0,0,0,0,0,0,0,0,0,0,0,0.0,0.0,0.0,0.0,CWS,0,0,0,0,0,-.--,0,0,0,.---,--,-.--,.---,.---,.---
2022,540,PedroP SeverinoSeverinoX,,MIL,8,18,0,4,2,0,0,1,3,7,0,0,0.222,0.333,0.333,0.666,MIL,21,0,0,0,0,0.40,2,6,0,.364,.111,-.--,.429,.143,.333
2022,540,Paul Sewald,P,SEA,65,0,0,0,0,0,0,0,0,0,0,0,0.0,0.0,0.0,0.0,SEA,0,0,0,0,0,-.--,0,0,0,.---,--,-.--,.---,.---,.---
2022,540,Bryan Shaw,P,CLE,60,0,0,0,0,0,0,0,0,0,0,0,0.0,0.0,0.0,0.0,CLE,0,0,0,0,0,-.--,0,0,0,.---,--,-.--,.---,.---,.---
2022,540,Travis Shaw,DH,BOS,7,19,0,0,0,0,0,0,0,7,0,0,0.0,0.0,0.0,0.0,BOS,19,0,0,0,0,0.33,0,0,0,.000,.000,-.--,.---,.000,.368
2022,540,Zack Short,SS,DET,6,9,2,0,0,0,0,2,2,5,1,0,0.0,0.154,0.0,0.154,DET,13,0,0,2,0,0.00,0,0,0,.000,.000,-.--,.400,.154,.385
2022,540,Chasen Shreve,P,NYM,25,0,0,0,0,0,0,0,0,0,0,0,0.0,0.0,0.0,0.0,NYM,0,0,0,0,0,-.--,0,0,0,.---,--,-.--,.---,.---,.---
2022,540,Michael Siani,CF,CIN,9,24,1,4,0,0,0,0,0,7,0,1,0.167,0.167,0.167,0.334,CIN,24,0,0,0,1,0.30,0,4,0,.235,.000,-.--,.---,.000,.292
2022,540,Magneuris Sierra,CF,LAA,45,91,7,15,1,3,0,5,4,25,6,1,0.165,0.2,0.242,0.442,LAA,96,0,1,0,0,1.26,4,22,0,.227,.077,-.--,.160,.042,.260
2022,540,Andrelton Simmons,2B,CHC,35,75,8,13,1,0,0,7,7,13,4,0,0.173,0.244,0.187,0.431,CHC,85,0,3,0,5,1.60,1,14,0,.210,.013,-.--,.538,.082,.153
2022,540,DominicD Smith,1B,NYM,58,134,11,26,10,1,0,17,12,37,0,0,0.194,0.276,0.284,0.56,NYM,152,4,0,2,0,1.15,11,38,0,.263,.090,-.--,.324,.079,.243
2022,540,Canaan Smith-Njigba,LF,PIT,3,5,1,1,1,0,0,0,1,0,0,0,0.2,0.429,0.4,0.829,PIT,7,1,0,0,0,3.00,1,2,0,.200,.200,-.--,.---,.143,.000
2022,540,Blake Snell,P,SD,25,0,0,0,0,0,0,0,0,0,0,0,0.0,0.0,0.0,0.0,SD,0,0,0,0,0,-.--,0,0,0,.---,--,-.--,.---,.---,.---
2022,540,Collin Snider,P,KC,42,0,0,0,0,0,0,0,0,0,0,0,0.0,0.0,0.0,0.0,KC,0,0,0,0,0,-.--,0,0,0,.---,--,-.--,.---,.---,.---
2022,540,StevenS Souza Jr.Souza,RF,SEA,6,19,0,3,0,0,0,1,0,8,0,0,0.158,0.158,0.158,0.316,SEA,19,0,0,0,2,1.00,0,3,0,.273,.000,-.--,.---,.000,.421
2022,540,Cory Spangenberg,3B,STL,1,0,0,0,0,0,0,0,0,0,0,0,0.0,0.0,0.0,0.0,STL,0,0,0,0,0,-.--,0,0,0,.---,--,-.--,.---,.---,.---
2022,540,Josh Staumont,P,KC,42,0,0,0,0,0,0,0,0,0,0,0,0.0,0.0,0.0,0.0,KC,0,0,0,0,0,-.--,0,0,0,.---,--,-.--,.---,.---,.---
2022,540,Drew Steckenrider,P,SEA,16,0,0,0,0,0,0,0,0,0,0,0,0.0,0.0,0.0,0.0,SEA,0,0,0,0,0,-.--,0,0,0,.---,--,-.--,.---,.---,.---
2022,540,Michael Stefanic,2B,LAA,25,61,5,12,2,0,0,0,5,12,0,0,0.197,0.279,0.23,0.509,LAA,69,2,1,0,1,1.38,2,14,0,.245,.033,-.--,.417,.072,.174
2022,540,Jackson Stephens,P,ATL,39,0,0,0,0,0,0,0,0,0,0,0,0.0,0.0,0.0,0.0,ATL,0,0,0,0,0,-.--,0,0,0,.---,--,-.--,.---,.---,.---
2022,540,Cal Stevenson,CF,OAK,23,60,5,10,3,0,0,1,8,23,1,1,0.167,0.261,0.217,0.478,OAK,71,0,2,1,1,1.14,3,13,0,.263,.050,-.--,.348,.113,.324
2022,540,DJD StewartStewartX,,BAL,3,3,0,0,0,0,0,0,0,2,0,0,0.0,0.0,0.0,0.0,BAL,3,0,0,0,0,0.00,0,0,0,.000,.000,-.--,.---,.000,.667
2022,540,Dee Strange-Gordon,SS,WSH,23,59,6,18,1,1,0,2,0,8,3,2,0.305,0.305,0.356,0.661,WSH,59,0,0,0,1,2.00,2,21,0,.353,.051,-.--,.---,.000,.136
2022,540,Myles Straw,CF,CLE,152,535,72,118,22,3,0,32,54,87,21,1,0.221,0.291,0.273,0.564,CLE,596,1,2,4,4,0.96,25,146,0,.261,.052,-.--,.621,.091,.146
2022,540,Hunter Strickland,P,CIN,66,0,0,0,0,0,0,0,0,0,0,0,0.0,0.0,0.0,0.0,CIN,0,0,0,0,0,-.--,0,0,0,.---,--,-.--,.---,.---,.---
2022,540,Cole Sulser,P,MIA,39,0,0,0,0,0,0,0,0,0,0,0,0.0,0.0,0.0,0.0,MIA,0,0,0,0,0,-.--,0,0,0,.---,--,-.--,.---,.---,.---
2022,540,Travis Swaggerty,LF,PIT,5,9,0,1,0,0,0,0,0,4,0,0,0.111,0.111,0.111,0.222,PIT,9,0,0,0,0,1.00,0,1,0,.200,.000,-.--,.---,.000,.444
2022,540,Yolmer Sánchez,3B,NYM,17,37,1,4,0,0,0,2,5,13,0,2,0.108,0.214,0.108,0.322,NYM,44,0,2,0,0,1.00,0,4,0,.167,.000,-.--,.385,.114,.295
2022,540,Dillon Tate,P,BAL,67,0,0,0,0,0,0,0,0,0,0,0,0.0,0.0,0.0,0.0,BAL,0,0,0,0,0,-.--,0,0,0,.---,--,-.--,.---,.---,.---
2022,540,Caleb Thielbar,P,MIN,67,0,0,0,0,0,0,0,0,0,0,0,0.0,0.0,0.0,0.0,MIN,0,0,0,0,0,-.--,0,0,0,.---,--,-.--,.---,.---,.---
2022,540,Cody Thomas,LF,OAK,10,30,1,8,0,0,0,0,2,12,0,0,0.267,0.313,0.267,0.58,OAK,32,0,0,0,0,1.50,0,8,0,.444,.000,-.--,.167,.063,.375
2022,540,Dillon Thomas,LF,LAA,8,11,1,1,0,0,0,0,2,6,0,0,0.091,0.286,0.091,0.377,LAA,14,1,0,0,0,3.00,0,1,0,.200,.000,-.--,.333,.143,.429
2022,540,Ka'ai Tom,RF,SF,1,1,0,0,0,0,0,0,0,0,0,0,0.0,0.0,0.0,0.0,SF,1,0,0,0,0,0.00,0,0,0,.000,.000,-.--,.---,.000,.000
2022,540,Chadwick Tromp,C,ATL,1,4,0,3,2,0,0,3,0,0,0,0,0.75,0.75,1.25,2.0,ATL,4,0,0,0,0,1.00,2,5,0,.750,.500,-.--,.---,.000,.000
2022,540,Cole Tucker,RF,PIT,18,63,3,11,1,1,0,2,0,25,1,0,0.175,0.175,0.222,0.397,PIT,63,0,0,0,1,1.45,2,14,0,.289,.048,-.--,.---,.000,.397
2022,540,Luke Weaver,P,AZ,13,0,0,0,0,0,0,0,0,0,0,0,0.0,0.0,0.0,0.0,AZ,0,0,0,0,0,-.--,0,0,0,.---,--,-.--,.---,.---,.---
2022,540,J.B. Wendelken,P,AZ,29,0,0,0,0,0,0,0,0,0,0,0,0.0,0.0,0.0,0.0,AZ,0,0,0,0,0,-.--,0,0,0,.---,--,-.--,.---,.---,.---
2022,540,Aaron Whitefield,RF,LAA,5,11,0,0,0,0,0,0,0,5,0,0,0.0,0.0,0.0,0.0,LAA,11,0,0,0,0,2.00,0,0,0,.000,.000,-.--,.---,.000,.455
2022,540,Trevor Williams,P,NYM,30,0,0,0,0,0,0,0,0,0,0,0,0.0,0.0,0.0,0.0,NYM,0,0,0,0,0,-.--,0,0,0,.---,--,-.--,.---,.---,.---
2022,540,Marcus Wilson,RF,SEA,3,5,1,1,0,0,0,0,1,4,0,0,0.2,0.333,0.2,0.533,SEA,6,0,0,0,0,-.--,0,1,0,1.000,.000,-.--,.250,.167,.667
2022,540,TonyT WoltersWoltersX,,LAD,2,4,0,0,0,0,0,0,0,3,0,0,0.0,0.0,0.0,0.0,LAD,4,0,0,0,0,0.00,0,0,0,.000,.000,-.--,.---,.000,.750
2022,540,Jared Young,DH,CHC,6,19,2,5,2,0,0,0,3,7,1,0,0.263,0.364,0.368,0.732,CHC,22,0,0,0,0,0.75,2,7,0,.417,.105,-.--,.429,.136,.318
2023,1,Matt Olson,1B,ATL,162,608,127,172,27,3,54,139,104,167,1,0,0.283,0.389,0.604,0.993,ATL,720,4,0,4,13,0.84,84,367,8,0.302,0.321,11.26,0.623,0.144,0.232
2023,2,Kyle Schwarber,LF,PHI,160,585,108,115,19,1,47,104,126,215,0,2,0.197,0.343,0.474,0.817,PHI,720,6,0,3,4,0.72,67,277,5,0.209,0.277,12.45,0.586,0.175,0.299
2023,3,Pete Alonso,1B,NYM,154,568,92,123,21,2,46,118,65,151,4,1,0.217,0.318,0.504,0.822,NYM,658,21,0,4,17,0.76,69,286,6,0.205,0.287,12.35,0.43,0.099,0.229
2023,4,Shohei Ohtani,DH,LAA,135,497,102,151,26,8,44,95,91,143,20,6,0.304,0.412,0.654,1.066,LAA,599,3,0,3,9,1.0,78,325,21,0.342,0.35,11.3,0.636,0.152,0.239
2023,5,RonaldR Acuña Jr.Acuña,RF,ATL,159,643,149,217,35,4,41,106,80,84,73,14,0.337,0.416,0.596,1.012,ATL,735,9,0,3,15,1.27,80,383,3,0.338,0.258,15.68,0.952,0.109,0.114
2023,6,Marcell Ozuna,DH,ATL,144,530,84,145,29,1,40,100,57,134,0,0,0.274,0.346,0.558,0.904,ATL,592,3,0,2,9,0.98,70,296,1,0.293,0.285,13.25,0.425,0.096,0.226
2023,7,Mookie Betts,RF,LAD,152,584,126,179,40,1,39,107,96,107,14,3,0.307,0.408,0.579,0.987,LAD,693,8,0,5,5,0.47,80,338,3,0.316,0.272,14.97,0.897,0.139,0.154
2023,7,Adolis García,RF,TEX,148,555,108,136,29,0,39,107,65,175,9,1,0.245,0.328,0.508,0.836,TEX,632,6,0,6,12,0.8,68,282,0,0.28,0.263,14.23,0.371,0.103,0.277
2023,9,LuisL Robert Jr.Robert,CF,CWS,145,546,90,144,36,1,38,80,30,172,20,4,0.264,0.315,0.542,0.857,CWS,595,12,0,2,10,0.77,75,296,5,0.314,0.278,14.37,0.174,0.05,0.289
2023,10,Aaron Judge,RF,NYY,106,367,79,98,16,0,37,75,88,130,3,1,0.267,0.406,0.613,1.019,NYY,458,0,0,3,5,0.61,53,225,9,0.3,0.346,9.92,0.677,0.192,0.284
2023,10,Austin Riley,3B,ATL,159,636,117,179,32,3,37,97,59,172,3,1,0.281,0.345,0.516,0.861,ATL,715,9,0,11,18,0.84,72,328,4,0.324,0.234,17.19,0.343,0.083,0.241
2023,12,Max Muncy,3B,LAD,135,482,95,102,17,1,36,105,85,153,1,2,0.212,0.333,0.475,0.808,LAD,579,6,0,6,8,0.68,54,229,4,0.221,0.263,13.39,0.556,0.147,0.264
2023,12,Jorge Soler,DH,MIA,137,504,77,126,24,0,36,75,66,141,1,0,0.25,0.341,0.512,0.853,MIA,580,6,0,4,20,0.81,60,258,4,0.272,0.262,14.0,0.468,0.114,0.243
2023,14,Juan Soto,LF,SD,162,568,97,156,32,1,35,109,132,129,12,5,0.275,0.41,0.519,0.929,SD,708,2,1,5,18,1.45,68,295,11,0.296,0.245,16.23,1.023,0.186,0.182
2023,15,Jake Burger,3B,MIA,141,492,71,123,28,1,34,80,32,149,1,1,0.25,0.309,0.518,0.827,MIA,540,12,0,4,4,1.02,63,255,0,0.284,0.268,14.47,0.215,0.059,0.276
2023,16,Ozzie Albies,2B,ATL,148,596,96,167,30,5,33,109,46,107,13,1,0.28,0.336,0.513,0.849,ATL,660,8,0,8,9,0.77,68,306,2,0.289,0.233,18.06,0.43,0.07,0.162
2023,16,Rafael Devers,3B,BOS,153,580,90,157,34,0,33,100,62,126,5,1,0.271,0.351,0.5,0.851,BOS,656,11,0,3,15,1.04,67,290,10,0.292,0.229,17.58,0.492,0.095,0.192
2023,16,J.D. Martinez,DH,LAD,113,432,61,117,27,2,33,103,34,149,1,0,0.271,0.321,0.572,0.893,LAD,479,2,0,9,11,0.79,62,247,1,0.324,0.301,13.09,0.228,0.071,0.311
2023,16,Corey Seager,SS,TEX,119,477,88,156,42,0,33,96,49,88,2,1,0.327,0.39,0.623,1.013,TEX,536,4,0,6,9,0.9,75,297,9,0.34,0.296,14.46,0.557,0.091,0.164
2023,16,Christian Walker,1B,AZ,157,582,86,150,36,2,33,103,62,127,11,0,0.258,0.333,0.497,0.83,AZ,661,8,0,8,13,0.77,71,289,3,0.272,0.239,17.64,0.488,0.094,0.192
2023,21,Julio Rodríguez,CF,SEA,155,654,102,180,37,2,32,103,47,175,37,10,0.275,0.333,0.485,0.818,SEA,714,11,0,2,14,1.13,71,317,6,0.33,0.209,20.44,0.269,0.066,0.245
2023,22,Yordan Alvarez,DH,HOU,114,410,77,120,24,1,31,97,69,92,0,0,0.293,0.407,0.583,0.99,HOU,496,13,0,4,7,0.73,56,239,5,0.306,0.29,13.23,0.75,0.139,0.185
2023,22,Francisco Lindor,SS,NYM,160,602,108,153,33,2,31,98,66,137,31,4,0.254,0.336,0.47,0.806,NYM,687,12,0,7,8,0.63,66,283,1,0.277,0.216,19.42,0.482,0.096,0.199
2023,22,Isaac Paredes,3B,TB,143,492,71,123,24,0,31,98,58,104,1,0,0.25,0.352,0.488,0.84,TB,571,20,0,1,11,0.58,55,240,0,0.257,0.238,15.87,0.558,0.102,0.182
2023,22,Spencer Torkelson,1B,DET,159,606,88,141,34,1,31,94,67,171,3,0,0.233,0.313,0.446,0.759,DET,684,6,0,5,15,0.69,66,270,1,0.269,0.213,19.55,0.392,0.098,0.25
2023,26,Manny Machado,3B,SD,138,543,75,140,21,0,30,91,50,109,3,2,0.258,0.319,0.462,0.781,SD,601,2,0,6,20,0.74,51,251,1,0.268,0.204,18.1,0.459,0.083,0.181
2023,26,Cal Raleigh,C,SEA,145,513,78,119,23,1,30,75,54,158,0,0,0.232,0.306,0.456,0.762,SEA,569,1,0,1,6,0.56,54,234,1,0.273,0.224,17.1,0.342,0.095,0.278
2023,26,Brent Rooker,DH,OAK,137,463,61,114,20,1,30,69,49,172,4,0,0.246,0.329,0.488,0.817,OAK,526,10,0,4,11,0.69,51,226,1,0.317,0.242,15.43,0.285,0.093,0.327
2023,26,BobbyB Witt Jr.W t,SS,KC,158,641,97,177,28,11,30,96,40,121,49,15,0.276,0.319,0.495,0.814,KC,694,4,1,8,11,0.68,69,317,1,0.295,0.218,21.37,0.331,0.058,0.174
2023,30,Nick Castellanos,RF,PHI,157,626,79,170,37,2,29,106,36,185,11,2,0.272,0.311,0.476,0.787,PHI,671,3,0,6,17,0.96,68,298,0,0.337,0.204,21.59,0.195,0.054,0.276
2023,30,Freddie Freeman,1B,LAD,161,637,131,211,59,2,29,102,72,121,23,1,0.331,0.41,0.567,0.977,LAD,730,16,0,5,14,0.91,90,361,12,0.37,0.235,21.97,0.595,0.099,0.166
2023,30,Marcus Semien,2B,TEX,162,670,122,185,40,4,29,100,72,110,14,3,0.276,0.348,0.478,0.826,TEX,753,5,0,5,5,0.6,73,320,1,0.291,0.201,23.1,0.655,0.096,0.146
2023,30,Kyle Tucker,RF,HOU,157,574,97,163,37,5,29,112,80,92,30,5,0.284,0.369,0.517,0.886,HOU,674,3,0,10,11,0.75,71,297,9,0.289,0.233,19.79,0.87,0.119,0.136
2023,34,Gunnar Henderson,3B,BAL,150,560,100,143,29,9,28,82,56,159,10,3,0.255,0.325,0.489,0.814,BAL,622,3,0,3,10,1.07,66,274,1,0.306,0.234,20.0,0.352,0.09,0.256
2023,34,Anthony Santander,RF,BAL,153,591,81,152,41,1,28,95,55,152,5,1,0.257,0.325,0.472,0.797,BAL,656,6,0,4,11,0.54,70,279,1,0.299,0.215,21.11,0.362,0.084,0.232
2023,34,Lane Thomas,RF,WSH,157,628,101,168,36,3,28,86,36,176,20,5,0.268,0.315,0.468,0.783,WSH,682,11,0,7,5,1.01,67,294,0,0.325,0.201,22.43,0.205,0.053,0.258
2023,37,Nolan Gorman,2B,STL,119,406,59,96,17,0,27,76,53,148,7,2,0.236,0.328,0.478,0.806,STL,464,3,0,2,5,0.56,44,194,1,0.296,0.241,15.04,0.358,0.114,0.319
2023,38,Nolan Arenado,3B,STL,144,560,71,149,26,2,26,93,41,101,3,3,0.266,0.315,0.459,0.774,STL,612,3,0,8,21,0.79,54,257,5,0.279,0.193,21.54,0.406,0.067,0.165
2023,38,Cody Bellinger,CF,CHC,130,499,95,153,29,1,26,97,40,87,20,6,0.307,0.356,0.525,0.881,CHC,556,5,0,12,7,0.63,56,262,3,0.319,0.218,19.19,0.46,0.072,0.156
2023,38,Brandon Drury,2B,LAA,125,485,61,127,30,3,26,83,25,136,0,2,0.262,0.306,0.497,0.803,LAA,523,8,0,5,14,0.94,59,241,0,0.308,0.235,18.65,0.184,0.048,0.26
2023,38,VladimirV Guerrero Jr.Guerrero,1B,TOR,156,602,78,159,30,0,26,94,67,100,5,3,0.264,0.345,0.444,0.789,TOR,682,9,0,4,23,1.05,56,267,5,0.277,0.179,23.15,0.67,0.098,0.147
2023,38,Teoscar Hernández,RF,SEA,160,625,70,161,29,2,26,93,38,211,7,2,0.258,0.305,0.435,0.74,SEA,678,8,0,7,6,0.91,57,272,2,0.342,0.178,24.04,0.18,0.056,0.311
2023,38,Christopher Morel,DH,CHC,107,388,62,96,17,3,26,70,36,133,6,2,0.247,0.313,0.508,0.821,CHC,429,2,1,2,7,1.03,46,197,0,0.303,0.26,14.92,0.271,0.084,0.31
2023,38,Jack Suwinski,CF,PIT,144,447,63,100,21,2,26,74,75,172,13,2,0.224,0.339,0.454,0.793,PIT,534,6,0,6,2,0.48,49,203,2,0.29,0.23,17.19,0.436,0.14,0.322
2023,38,Trea Turner,SS,PHI,155,639,102,170,35,5,26,76,45,150,30,0,0.266,0.32,0.459,0.779,PHI,691,6,0,1,12,0.81,66,293,2,0.31,0.192,24.58,0.3,0.065,0.217
2023,46,Francisco Alvarez,C,NYM,123,382,51,80,12,0,25,63,34,110,2,0,0.209,0.284,0.437,0.721,NYM,423,6,0,1,14,1.08,37,167,0,0.222,0.228,15.28,0.309,0.08,0.26
2023,46,Alex Bregman,3B,HOU,161,622,103,163,28,4,25,98,92,87,3,1,0.262,0.363,0.441,0.804,HOU,724,8,0,2,22,0.63,57,274,1,0.27,0.178,24.88,1.057,0.127,0.12
2023,46,Corbin Carroll,LF,AZ,155,565,116,161,30,10,25,76,57,125,54,5,0.285,0.362,0.506,0.868,AZ,645,13,6,4,7,1.01,65,286,1,0.325,0.221,22.6,0.456,0.088,0.194
2023,46,Paul Goldschmidt,1B,STL,154,593,89,159,31,0,25,80,87,161,11,2,0.268,0.363,0.447,0.81,STL,687,3,0,3,12,0.94,56,265,6,0.327,0.179,23.72,0.54,0.127,0.234
2023,46,Ketel Marte,2B,AZ,150,569,94,157,26,9,25,82,71,109,8,2,0.276,0.358,0.485,0.843,AZ,650,5,0,5,16,1.01,60,276,2,0.3,0.209,22.76,0.651,0.109,0.168
2023,46,Jose Siri,CF,TB,101,338,58,75,13,2,25,56,20,130,12,3,0.222,0.267,0.494,0.761,TB,364,2,1,3,5,0.85,40,167,0,0.269,0.272,13.52,0.154,0.055,0.357
2023,46,FernandoF Tatis Jr.Tatis,RF,SD,141,575,91,148,33,1,25,78,53,141,29,4,0.257,0.322,0.449,0.771,SD,635,3,1,3,17,1.09,59,258,0,0.299,0.191,23.0,0.376,0.083,0.222
2023,46,Gleyber Torres,2B,NYY,158,596,90,163,28,2,25,68,67,98,13,6,0.273,0.347,0.453,0.8,NYY,672,3,0,6,19,0.75,55,270,0,0.288,0.18,23.84,0.684,0.1,0.146
2023,54,Willy Adames,SS,MIL,149,553,73,120,29,2,24,80,71,165,5,3,0.217,0.31,0.407,0.717,MIL,638,6,0,6,12,0.71,55,225,1,0.259,0.19,23.04,0.43,0.111,0.259
2023,54,Triston Casas,1B,BOS,132,429,66,113,21,2,24,65,70,126,0,0,0.263,0.367,0.49,0.857,BOS,502,1,0,2,7,0.81,47,210,2,0.317,0.226,17.88,0.556,0.139,0.251
2023,54,LourdesL Gurriel Jr.Gurriel,LF,AZ,145,551,65,144,35,2,24,82,33,103,5,0,0.261,0.309,0.463,0.772,AZ,592,6,0,2,20,1.05,61,255,1,0.282,0.201,22.96,0.32,0.056,0.174
2023,54,Max Kepler,RF,MIN,130,438,72,114,22,2,24,66,45,106,1,1,0.26,0.332,0.484,0.816,MIN,491,4,0,4,9,0.72,48,212,0,0.288,0.224,18.25,0.425,0.092,0.216
2023,54,Brandon Nimmo,CF,NYM,152,592,89,162,30,6,24,68,74,146,3,3,0.274,0.363,0.466,0.829,NYM,682,11,1,4,6,0.8,60,276,0,0.324,0.193,24.67,0.507,0.109,0.214
2023,54,José Ramírez,3B,CLE,156,611,87,172,36,5,24,80,73,73,28,6,0.282,0.356,0.475,0.831,CLE,691,1,0,6,8,0.59,65,290,22,0.285,0.193,25.46,1.0,0.106,0.106
2023,54,Bryan Reynolds,LF,PIT,145,574,85,151,31,5,24,84,53,138,12,1,0.263,0.33,0.46,0.79,PIT,640,7,0,6,13,1.09,60,264,2,0.304,0.197,23.92,0.384,0.083,0.216
2023,54,Giancarlo Stanton,DH,NYY,101,371,43,71,13,0,24,60,41,124,0,0,0.191,0.275,0.42,0.695,NYY,415,2,0,1,11,0.99,37,156,3,0.21,0.229,15.46,0.331,0.099,0.299
2023,62,Randy Arozarena,LF,TB,151,551,95,140,19,3,23,83,80,156,22,10,0.254,0.364,0.425,0.789,TB,654,18,0,5,10,0.82,45,234,1,0.31,0.171,23.96,0.513,0.122,0.239
2023,62,Yainer Diaz,C,HOU,104,355,51,100,22,0,23,60,11,74,0,0,0.282,0.308,0.538,0.846,HOU,377,5,0,6,12,1.15,45,191,0,0.292,0.256,15.44,0.149,0.029,0.196
2023,62,Wilmer Flores,1B,SF,126,405,51,115,22,0,23,60,41,63,0,0,0.284,0.355,0.509,0.864,SF,454,5,0,3,13,0.58,45,206,1,0.286,0.225,17.61,0.651,0.09,0.139
2023,62,Josh Jung,3B,TEX,122,478,75,127,25,1,23,70,30,151,1,3,0.266,0.315,0.467,0.782,TEX,515,5,0,2,7,0.73,49,223,0,0.34,0.201,20.78,0.199,0.058,0.293
2023,62,Ryan McMahon,3B,COL,152,555,80,133,31,3,23,70,68,198,5,5,0.24,0.322,0.431,0.753,COL,627,1,0,3,19,1.2,57,239,2,0.326,0.191,24.13,0.343,0.108,0.316
2023,62,James Outman,CF,LAD,151,483,86,120,16,3,23,70,68,181,16,3,0.248,0.353,0.437,0.79,LAD,567,12,0,4,4,0.82,42,211,1,0.343,0.188,21.0,0.376,0.12,0.319
2023,62,Salvador Perez,C,KC,140,538,59,137,21,0,23,80,19,135,0,0,0.255,0.292,0.422,0.714,KC,580,13,0,8,11,0.71,44,227,6,0.294,0.167,23.39,0.141,0.033,0.233
2023,62,Carlos Santana,1B,MIL,146,550,78,132,33,1,23,86,65,104,6,0,0.24,0.318,0.429,0.747,MIL,619,0,0,4,11,1.0,57,236,0,0.255,0.189,23.91,0.625,0.105,0.168
2023,62,Spencer Steer,1B,CIN,156,582,74,158,37,3,23,86,68,139,15,3,0.271,0.356,0.464,0.82,CIN,665,11,0,4,9,0.76,63,270,0,0.318,0.192,25.3,0.489,0.102,0.209
2023,62,Justin Turner,DH,BOS,146,558,86,154,31,0,23,96,51,110,4,1,0.276,0.345,0.455,0.8,BOS,626,11,0,6,10,0.75,54,254,0,0.304,0.179,24.26,0.464,0.081,0.176
2023,62,Patrick Wisdom,3B,CHC,97,268,43,55,8,1,23,46,30,111,4,2,0.205,0.289,0.5,0.789,CHC,302,2,1,1,4,0.63,32,134,0,0.237,0.295,11.65,0.27,0.099,0.368
2023,73,Josh Bell,1B,MIA,150,547,52,135,28,0,22,74,63,134,0,1,0.247,0.325,0.419,0.744,MIA,617,2,0,3,13,1.34,50,229,2,0.287,0.172,24.86,0.47,0.102,0.217
2023,73,Jeimer Candelario,1B,CHC,140,505,77,127,39,3,22,70,53,127,8,1,0.251,0.336,0.471,0.807,CHC,576,13,0,4,11,0.93,64,238,1,0.292,0.22,22.96,0.417,0.092,0.22
2023,73,Yandy Díaz,1B,TB,137,525,95,173,35,0,22,78,65,94,0,1,0.33,0.41,0.522,0.932,TB,600,8,0,2,16,1.39,57,274,0,0.367,0.192,23.86,0.691,0.108,0.157
2023,73,Shea Langeliers,C,OAK,135,448,52,92,19,4,22,63,34,143,3,2,0.205,0.268,0.413,0.681,OAK,490,5,1,2,10,0.67,45,185,2,0.246,0.208,20.36,0.238,0.069,0.292
2023,73,Chas McCormick,LF,HOU,115,403,59,110,17,2,22,70,40,117,19,6,0.273,0.353,0.489,0.842,HOU,457,11,1,2,3,0.99,41,197,0,0.331,0.216,18.32,0.342,0.088,0.256
2023,73,Eugenio Suárez,3B,SEA,162,598,68,139,29,0,22,96,70,214,2,1,0.232,0.323,0.391,0.714,SEA,694,15,0,11,10,0.66,51,234,0,0.314,0.159,27.18,0.327,0.101,0.308
2023,73,Dansby Swanson,SS,CHC,147,565,81,138,25,3,22,80,66,154,9,1,0.244,0.328,0.416,0.744,CHC,638,5,0,2,9,0.99,50,235,0,0.297,0.172,25.68,0.429,0.103,0.241
2023,80,Adam Duvall,CF,BOS,92,320,45,79,24,2,21,58,22,110,4,0,0.247,0.303,0.531,0.834,BOS,353,6,0,5,0,0.26,47,170,1,0.299,0.284,15.24,0.2,0.062,0.312
2023,80,Joey Gallo,1B,MIN,111,282,39,50,9,1,21,40,48,142,1,1,0.177,0.301,0.44,0.741,MIN,332,2,0,0,3,0.55,31,124,1,0.244,0.262,13.43,0.338,0.145,0.428
2023,80,Ian Happ,LF,CHC,158,580,86,144,35,4,21,84,99,153,14,3,0.248,0.36,0.431,0.791,CHC,691,6,0,6,12,0.84,60,250,2,0.299,0.183,27.62,0.647,0.143,0.221
2023,80,Bryce Harper,DH,PHI,126,457,84,134,29,1,21,72,80,119,11,3,0.293,0.401,0.499,0.9,PHI,546,5,0,4,10,1.24,51,228,8,0.352,0.206,21.76,0.672,0.147,0.218
2023,80,Brandon Lowe,2B,TB,109,377,58,87,15,1,21,68,50,119,7,0,0.231,0.328,0.443,0.771,TB,436,6,0,3,8,0.81,37,167,0,0.275,0.212,17.95,0.42,0.115,0.273
2023,80,Sean Murphy,C,ATL,108,370,65,93,21,0,21,68,49,98,0,0,0.251,0.365,0.478,0.843,ATL,438,18,0,1,18,0.91,42,177,0,0.286,0.227,17.62,0.5,0.112,0.224
2023,80,Jake Rogers,C,DET,107,331,47,73,11,0,21,49,28,118,1,1,0.221,0.286,0.444,0.73,DET,365,3,1,2,6,0.86,32,147,0,0.268,0.224,15.76,0.237,0.077,0.323
2023,80,Eddie Rosario,LF,ATL,142,478,64,122,24,3,21,74,34,122,3,4,0.255,0.305,0.45,0.755,ATL,516,1,1,2,13,0.9,48,215,1,0.3,0.195,22.76,0.279,0.066,0.236
2023,80,George Springer,RF,TOR,154,613,87,158,25,1,21,72,60,125,20,5,0.258,0.327,0.405,0.732,TOR,683,5,0,3,20,0.95,47,248,1,0.291,0.147,29.19,0.48,0.088,0.183
2023,80,Michael A. Taylor,CF,MIN,129,355,48,78,14,1,21,51,26,130,13,1,0.22,0.278,0.442,0.72,MIN,388,3,3,1,7,0.96,36,157,0,0.278,0.223,16.9,0.2,0.067,0.335
2023,80,Andrew Vaughn,1B,CWS,152,566,67,146,30,2,21,80,36,129,0,0,0.258,0.314,0.429,0.743,CWS,615,11,0,2,15,0.99,53,243,0,0.299,0.171,26.95,0.279,0.059,0.21
2023,80,Anthony Volpe,SS,NYY,159,541,62,113,23,4,21,60,52,167,24,5,0.209,0.283,0.383,0.666,NYY,601,5,1,2,10,0.94,48,207,0,0.259,0.174,25.76,0.311,0.087,0.278
2023,92,Bo Bichette,SS,TOR,135,571,69,175,30,3,20,73,27,115,5,3,0.306,0.339,0.475,0.814,TOR,601,2,0,1,14,1.29,53,271,0,0.355,0.168,28.55,0.235,0.045,0.191
2023,92,Alec Bohm,3B,PHI,145,558,74,153,31,0,20,97,42,94,4,1,0.274,0.327,0.437,0.764,PHI,611,5,0,6,23,0.93,51,244,1,0.296,0.163,27.9,0.447,0.069,0.154
2023,92,Kerry Carpenter,RF,DET,118,418,57,116,17,2,20,64,32,115,6,0,0.278,0.34,0.471,0.811,DET,459,8,0,1,5,1.04,39,197,3,0.338,0.194,20.9,0.278,0.07,0.251
2023,92,Willson Contreras,C,STL,125,428,55,113,27,0,20,67,51,111,6,3,0.264,0.358,0.467,0.825,STL,495,13,1,2,12,1.3,47,200,0,0.311,0.203,21.4,0.459,0.103,0.224
2023,92,Nolan Jones,LF,COL,106,367,60,109,22,4,20,62,53,126,20,4,0.297,0.389,0.542,0.931,COL,424,3,0,1,1,1.05,46,199,3,0.401,0.245,18.35,0.421,0.125,0.297
2023,92,Josh Lowe,RF,TB,135,466,71,136,33,2,20,83,31,124,32,3,0.292,0.335,0.5,0.835,TB,501,1,0,3,6,0.85,55,233,2,0.357,0.208,23.3,0.25,0.062,0.248
2023,92,J.T. Realmuto,C,PHI,135,489,70,123,28,5,20,63,35,138,16,5,0.252,0.31,0.452,0.762,PHI,540,9,0,5,10,0.75,53,221,3,0.307,0.2,24.45,0.254,0.065,0.256
2023,92,Hunter Renfroe,DH,CIN,140,498,60,116,31,0,20,60,44,125,0,0,0.233,0.297,0.416,0.713,CIN,548,3,0,3,15,0.88,51,207,0,0.27,0.183,24.9,0.352,0.08,0.228
2023,92,Adley Rutschman,C,BAL,154,588,84,163,31,1,20,80,92,101,1,2,0.277,0.374,0.435,0.809,BAL,687,2,0,5,14,0.96,52,256,6,0.303,0.158,29.4,0.911,0.134,0.147
2023,92,Seiya Suzuki,RF,CHC,138,515,75,147,31,6,20,74,59,130,6,7,0.285,0.357,0.485,0.842,CHC,583,2,0,7,8,0.94,57,250,3,0.341,0.2,25.75,0.454,0.101,0.223
2023,92,Daulton Varsho,LF,TOR,158,527,65,116,23,3,20,61,45,135,16,7,0.22,0.285,0.389,0.674,TOR,581,4,1,3,5,0.58,46,205,0,0.256,0.169,26.35,0.333,0.077,0.232
2023,103,Brandon Belt,DH,TOR,103,339,53,86,23,0,19,43,61,141,0,0,0.254,0.369,0.49,0.859,TOR,404,2,0,2,5,0.58,42,166,1,0.37,0.236,17.84,0.433,0.151,0.349
2023,103,Xander Bogaerts,SS,SD,155,596,83,170,31,2,19,58,56,110,19,2,0.285,0.35,0.44,0.79,SD,665,7,0,6,21,1.13,52,262,0,0.319,0.154,31.37,0.509,0.084,0.165
2023,103,JazzJ Chisholm Jr.Chisholm,CF,MIA,97,352,50,88,12,2,19,51,26,118,22,3,0.25,0.304,0.457,0.761,MIA,383,2,1,2,4,1.4,33,161,0,0.318,0.207,18.53,0.22,0.068,0.308
2023,103,J.P. Crawford,SS,SEA,145,534,94,142,35,0,19,65,94,125,2,0,0.266,0.38,0.438,0.818,SEA,638,5,3,2,7,0.86,54,234,1,0.314,0.172,28.1,0.752,0.147,0.196
2023,103,Bryan De La Cruz,LF,MIA,153,579,60,149,32,0,19,78,40,142,4,1,0.257,0.304,0.411,0.715,MIA,626,1,0,5,18,0.94,51,238,0,0.307,0.154,30.47,0.282,0.064,0.227
2023,103,Mitch Garver,DH,TEX,87,296,45,80,11,0,19,50,44,82,0,0,0.27,0.37,0.5,0.87,TEX,344,3,0,0,6,0.54,30,148,1,0.313,0.23,15.58,0.537,0.128,0.238
2023,103,Luke Raley,1B,TB,118,357,56,89,23,3,19,49,28,128,14,3,0.249,0.333,0.49,0.823,TB,406,18,1,2,2,0.86,45,175,0,0.33,0.241,18.79,0.219,0.069,0.315
2023,103,Will Smith,C,LAD,126,464,80,121,21,2,19,76,63,89,3,0,0.261,0.359,0.438,0.797,LAD,554,15,0,12,8,0.66,42,203,2,0.277,0.177,24.42,0.708,0.114,0.161
2023,103,Will Smith,C,LAD,126,464,80,121,21,2,19,76,63,89,3,0,0.261,0.359,0.438,0.797,TEX,0,0,0,0,0,-.--,0,0,0,.---,--,-.--,.---,.---,.---
2023,103,Gary Sánchez,C,SD,75,240,33,52,9,0,19,47,21,67,0,0,0.217,0.288,0.492,0.78,SD,267,4,0,2,3,0.78,28,118,0,0.212,0.275,12.63,0.313,0.079,0.251
2023,103,Christian Yelich,LF,MIL,144,550,106,153,34,1,19,76,78,140,28,3,0.278,0.37,0.447,0.817,MIL,632,3,0,1,15,2.04,54,246,7,0.342,0.169,28.95,0.557,0.123,0.222
2023,113,CJ Abrams,SS,WSH,151,563,83,138,28,6,18,64,32,118,47,4,0.245,0.3,0.412,0.712,WSH,614,13,3,3,7,0.92,52,232,2,0.279,0.167,31.28,0.271,0.052,0.192
2023,113,José Abreu,1B,HOU,141,540,62,128,23,1,18,90,42,130,0,1,0.237,0.296,0.383,0.679,HOU,594,6,0,6,16,0.93,42,207,1,0.276,0.146,30.0,0.323,0.071,0.219
2023,113,Carlos Correa,SS,MIN,135,514,60,118,29,2,18,65,59,131,0,0,0.23,0.312,0.399,0.711,MIN,580,4,0,3,30,1.08,49,205,3,0.272,0.169,28.56,0.45,0.102,0.226
2023,113,J.D. Davis,3B,SF,144,480,61,119,23,1,18,69,52,152,1,0,0.248,0.325,0.413,0.738,SF,546,6,0,6,16,1.59,42,198,0,0.32,0.165,26.67,0.342,0.095,0.278
2023,113,TJ Friedl,CF,CIN,138,488,73,136,22,8,18,66,47,90,27,6,0.279,0.352,0.467,0.819,CIN,556,10,8,3,0,0.8,48,228,1,0.308,0.189,27.11,0.522,0.085,0.162
2023,113,MichaelM Harris IIHarris,CF,ATL,138,505,76,148,33,3,18,57,25,101,20,4,0.293,0.331,0.477,0.808,ATL,539,5,1,3,8,1.06,54,241,1,0.334,0.184,28.06,0.248,0.046,0.187
2023,113,Jonah Heim,C,TEX,131,457,61,118,28,0,18,95,40,96,2,0,0.258,0.317,0.438,0.755,TEX,501,1,0,3,10,0.7,46,200,2,0.289,0.179,25.39,0.417,0.08,0.192
2023,113,Eloy Jiménez,DH,CWS,120,456,50,124,23,0,18,64,30,93,0,0,0.272,0.317,0.441,0.758,CWS,489,1,0,2,13,1.48,41,201,2,0.305,0.169,25.33,0.323,0.061,0.19
2023,113,Ryan Mountcastle,1B,BAL,115,423,64,114,21,1,18,68,37,107,3,1,0.27,0.328,0.452,0.78,BAL,470,3,0,7,13,0.88,40,191,1,0.315,0.182,23.5,0.346,0.079,0.228
2023,113,Keibert Ruiz,C,WSH,136,523,55,136,24,0,18,67,31,58,1,1,0.26,0.308,0.409,0.717,WSH,562,6,0,2,13,0.75,42,214,1,0.263,0.149,29.06,0.534,0.055,0.103
2023,113,Mike Trout,CF,LAA,82,308,54,81,14,1,18,44,45,104,2,0,0.263,0.367,0.49,0.857,LAA,362,7,0,2,4,0.62,33,151,2,0.335,0.227,17.11,0.433,0.124,0.287
2023,124,Jose Altuve,2B,HOU,90,360,76,112,21,2,17,51,44,71,14,2,0.311,0.393,0.522,0.915,HOU,410,5,0,1,9,1.17,40,188,0,0.348,0.211,21.18,0.62,0.107,0.173
2023,124,Orlando Arcia,SS,ATL,139,488,66,129,25,0,17,65,39,102,1,0,0.264,0.321,0.42,0.741,ATL,533,3,0,3,14,1.5,42,205,0,0.301,0.156,28.71,0.382,0.073,0.191
2023,124,Byron Buxton,DH,MIN,85,304,49,63,17,1,17,42,35,109,9,0,0.207,0.294,0.438,0.732,MIN,347,4,0,4,3,0.56,35,133,2,0.253,0.23,17.88,0.321,0.101,0.314
2023,124,Matt Chapman,3B,TOR,140,509,66,122,39,2,17,54,62,165,4,2,0.24,0.33,0.424,0.754,TOR,581,8,0,2,4,0.52,58,216,1,0.319,0.185,29.94,0.376,0.107,0.284
2023,124,William Contreras,C,MIL,141,540,86,156,38,1,17,78,63,126,6,1,0.289,0.367,0.457,0.824,MIL,611,5,1,2,23,1.66,56,247,2,0.348,0.169,31.76,0.5,0.103,0.206
2023,124,Garrett Cooper,1B,SD,123,422,42,106,18,1,17,61,31,132,0,0,0.251,0.304,0.419,0.723,SD,457,2,0,2,15,1.09,36,177,0,0.324,0.168,24.82,0.235,0.068,0.289
2023,124,Wander Franco,SS,TB,112,442,65,124,23,6,17,58,42,69,30,10,0.281,0.344,0.475,0.819,TB,491,3,0,4,18,1.32,46,210,3,0.297,0.195,26.0,0.609,0.086,0.141
2023,124,Jonathan India,2B,CIN,119,454,78,111,23,0,17,61,52,109,14,2,0.244,0.338,0.407,0.745,CIN,529,16,0,7,13,0.77,40,185,0,0.281,0.163,26.71,0.477,0.098,0.206
2023,124,Danny Jansen,C,TOR,86,268,38,61,15,0,17,53,23,62,0,0,0.228,0.312,0.474,0.786,TOR,301,10,0,0,3,0.61,32,127,1,0.233,0.246,15.76,0.371,0.076,0.206
2023,124,Ha-Seong Kim,2B,SD,152,538,84,140,23,0,17,60,75,124,38,9,0.26,0.351,0.398,0.749,SD,626,3,5,5,7,0.84,40,214,1,0.306,0.138,31.65,0.605,0.12,0.198
2023,124,Nathaniel Lowe,1B,TEX,161,623,89,163,38,3,17,82,93,165,1,0,0.262,0.36,0.414,0.774,TEX,724,5,0,3,22,1.33,58,258,2,0.329,0.152,36.65,0.564,0.128,0.228
2023,124,Josh Naylor,1B,CLE,121,452,52,139,31,0,17,97,33,68,10,3,0.308,0.354,0.489,0.843,CLE,495,3,0,7,11,0.98,48,221,9,0.326,0.181,26.59,0.485,0.067,0.137
2023,124,Nelson Velázquez,RF,KC,53,162,35,38,6,0,17,34,14,51,0,0,0.235,0.302,0.586,0.888,KC,179,2,0,1,3,1.0,23,95,0,0.221,0.352,9.53,0.275,0.078,0.285
2023,124,LaMonteL Wade Jr.Wade,1B,SF,135,429,64,110,14,2,17,45,76,95,2,0,0.256,0.373,0.417,0.79,SF,519,6,4,4,4,0.77,33,179,3,0.29,0.161,25.24,0.8,0.146,0.183
2023,138,Mike Ford,DH,SEA,84,219,32,50,6,0,16,34,24,81,0,0,0.228,0.323,0.475,0.798,SEA,251,7,0,1,4,0.62,22,104,0,0.276,0.247,13.69,0.296,0.096,0.323
2023,138,Randal Grichuk,LF,LAA,118,434,65,116,31,2,16,44,29,96,2,2,0.267,0.321,0.459,0.78,LAA,471,6,0,2,11,0.9,49,199,2,0.309,0.191,27.12,0.302,0.062,0.204
2023,138,Austin Hays,LF,BAL,144,520,76,143,36,2,16,67,38,141,5,1,0.275,0.325,0.444,0.769,BAL,566,3,0,5,11,1.03,54,231,1,0.345,0.169,32.5,0.27,0.067,0.249
2023,138,Edouard Julien,2B,MIN,109,338,60,89,16,1,16,37,64,128,3,0,0.263,0.381,0.459,0.84,MIN,408,2,1,3,8,2.13,33,155,0,0.371,0.195,21.12,0.5,0.157,0.314
2023,138,Matt McLain,SS,CIN,89,365,65,106,23,4,16,50,31,115,14,5,0.29,0.357,0.507,0.864,CIN,403,7,0,0,5,0.85,43,185,0,0.385,0.216,22.81,0.27,0.077,0.285
2023,138,MJ Melendez,RF,KC,148,533,65,125,29,5,16,56,62,170,6,4,0.235,0.316,0.398,0.714,KC,602,3,0,4,4,0.56,50,212,2,0.311,0.163,33.31,0.365,0.103,0.282
2023,138,Ryan Noda,1B,OAK,128,406,63,93,22,1,16,54,77,170,3,1,0.229,0.364,0.406,0.77,OAK,495,10,0,2,4,0.88,39,165,1,0.347,0.177,25.38,0.453,0.156,0.343
2023,138,Tommy Pham,LF,AZ,129,426,55,109,27,3,16,68,47,106,22,3,0.256,0.328,0.446,0.774,AZ,481,2,0,6,11,1.36,46,190,1,0.3,0.19,26.62,0.443,0.098,0.22
2023,138,Luis Rengifo,2B,LAA,126,394,55,104,15,4,16,51,41,82,6,4,0.264,0.339,0.444,0.783,LAA,445,6,0,4,3,1.02,35,175,0,0.293,0.18,24.62,0.5,0.092,0.184
2023,138,Jordan Walker,RF,STL,117,420,51,116,19,2,16,51,37,104,7,4,0.276,0.342,0.445,0.787,STL,465,6,0,2,9,1.0,37,187,0,0.331,0.169,26.25,0.356,0.08,0.224
2023,148,Michael Conforto,RF,SF,125,406,58,97,14,0,15,58,53,106,4,0,0.239,0.334,0.384,0.718,SF,470,7,0,4,12,1.09,29,156,4,0.284,0.145,27.07,0.5,0.113,0.226
2023,148,Jake Fraley,RF,CIN,111,336,41,86,18,0,15,65,37,71,21,5,0.256,0.339,0.443,0.782,CIN,380,6,0,1,5,0.88,33,149,2,0.283,0.188,22.4,0.521,0.097,0.187
2023,148,Andrés Giménez,2B,CLE,153,557,76,140,27,5,15,62,32,112,30,6,0.251,0.314,0.399,0.713,CLE,616,20,4,3,10,1.07,47,222,3,0.289,0.147,37.13,0.286,0.052,0.182
2023,148,Ke'Bryan Hayes,3B,PIT,124,494,65,134,31,7,15,61,28,104,10,6,0.271,0.309,0.453,0.762,PIT,525,0,0,3,11,0.8,53,224,1,0.315,0.182,32.93,0.269,0.053,0.198
2023,148,Jason Heyward,RF,LAD,124,334,56,90,23,0,15,40,34,64,2,2,0.269,0.34,0.473,0.813,LAD,377,3,0,3,7,0.91,38,158,1,0.291,0.204,22.27,0.531,0.09,0.17
2023,148,DJ LeMahieu,3B,NYY,136,497,55,121,22,3,15,44,60,125,2,2,0.243,0.327,0.39,0.717,NYY,562,3,0,2,14,1.84,40,194,2,0.295,0.147,33.13,0.48,0.107,0.222
2023,148,Royce Lewis,3B,MIN,58,217,36,67,7,0,15,52,20,55,6,1,0.309,0.372,0.548,0.92,MIN,239,2,0,0,5,0.7,22,119,0,0.354,0.24,14.47,0.364,0.084,0.23
2023,148,Martín Maldonado,C,HOU,117,362,33,69,12,0,15,36,30,139,0,0,0.191,0.258,0.348,0.606,HOU,407,3,12,0,10,0.84,27,126,0,0.26,0.157,24.13,0.216,0.074,0.342
2023,148,Michael Massey,2B,KC,129,428,42,98,18,1,15,55,24,99,6,2,0.229,0.274,0.381,0.655,KC,461,4,1,4,3,0.57,34,163,0,0.261,0.152,28.53,0.242,0.052,0.215
2023,148,Cedric Mullins,CF,BAL,116,404,51,94,23,3,15,74,43,101,19,3,0.233,0.305,0.416,0.721,BAL,455,1,3,4,6,0.65,41,168,1,0.271,0.183,26.93,0.426,0.095,0.222
2023,148,Joc Pederson,DH,SF,121,358,59,84,14,3,15,51,57,89,0,0,0.235,0.348,0.416,0.764,SF,425,7,0,3,12,0.79,32,149,6,0.268,0.182,23.87,0.64,0.134,0.209
2023,148,Bryson Stott,2B,PHI,151,585,78,164,32,2,15,62,39,100,31,3,0.28,0.329,0.419,0.748,PHI,640,7,1,8,10,1.09,49,245,1,0.312,0.138,39.0,0.39,0.061,0.156
2023,148,Chris Taylor,LF,LAD,117,338,51,80,15,1,15,56,41,125,16,3,0.237,0.326,0.42,0.746,LAD,384,4,0,1,2,0.65,31,142,2,0.327,0.183,22.53,0.328,0.107,0.326
2023,148,Ezequiel Tovar,SS,COL,153,581,79,147,37,4,15,73,25,166,11,5,0.253,0.287,0.408,0.695,COL,615,4,2,3,10,1.04,56,237,0,0.328,0.155,38.73,0.151,0.041,0.27
2023,148,Mike Yastrzemski,RF,SF,106,330,54,77,23,1,15,43,45,99,2,2,0.233,0.33,0.445,0.775,SF,381,3,2,1,5,0.64,39,147,3,0.286,0.212,22.0,0.455,0.118,0.26
2023,148,Masataka Yoshida,LF,BOS,140,537,71,155,33,3,15,72,34,81,8,0,0.289,0.338,0.445,0.783,BOS,580,7,0,2,20,1.81,51,239,0,0.316,0.156,35.8,0.42,0.059,0.14
2023,164,Seth Brown,RF,OAK,112,343,33,76,19,1,14,52,30,101,3,1,0.222,0.286,0.405,0.691,OAK,378,2,1,2,6,0.72,34,139,1,0.27,0.184,24.5,0.297,0.079,0.267
2023,164,Paul DeJong,SS,SF,112,372,41,77,13,0,14,38,21,121,4,4,0.207,0.258,0.355,0.613,SF,400,5,0,2,10,0.83,27,132,0,0.264,0.148,26.57,0.174,0.053,0.303
2023,164,Ezequiel Duran,SS,TEX,122,406,55,112,22,2,14,46,23,120,8,4,0.276,0.324,0.443,0.767,TEX,439,7,1,2,7,0.75,38,180,1,0.358,0.167,29.0,0.192,0.052,0.273
2023,164,Elias Díaz,C,COL,141,486,48,130,25,1,14,72,34,118,1,0,0.267,0.316,0.409,0.725,COL,526,2,0,4,12,1.0,40,199,0,0.324,0.142,34.71,0.288,0.065,0.224
2023,164,Thairo Estrada,2B,SF,120,495,63,134,26,2,14,49,22,120,23,7,0.271,0.315,0.416,0.731,SF,530,11,0,2,10,0.99,42,206,1,0.331,0.145,35.36,0.183,0.042,0.226
2023,164,Zack Gelof,2B,OAK,69,270,40,72,20,1,14,32,26,82,14,2,0.267,0.337,0.504,0.841,OAK,300,3,0,1,5,1.02,35,136,1,0.331,0.237,19.29,0.317,0.087,0.273
2023,164,Ryan Jeffers,C,MIN,96,286,46,79,15,2,14,43,33,93,3,2,0.276,0.369,0.49,0.859,MIN,335,10,4,2,6,0.71,31,140,1,0.359,0.213,20.43,0.355,0.099,0.278
2023,164,Mickey Moniak,CF,LAA,85,311,35,87,21,2,14,45,9,113,6,3,0.28,0.307,0.495,0.802,LAA,323,3,0,0,4,0.63,37,154,1,0.397,0.215,22.21,0.08,0.028,0.35
2023,164,Lars Nootbaar,CF,STL,117,426,74,111,23,1,14,46,72,99,11,1,0.261,0.367,0.418,0.785,STL,503,1,1,3,7,1.22,38,178,2,0.307,0.157,30.43,0.727,0.143,0.197
2023,164,Ryan O'Hearn,1B,BAL,112,346,48,100,22,1,14,60,15,82,5,1,0.289,0.322,0.48,0.802,BAL,368,3,1,3,2,1.0,37,166,2,0.34,0.191,24.71,0.183,0.041,0.223
2023,164,Logan O'Hoppe,C,LAA,51,182,23,43,6,0,14,29,14,48,0,1,0.236,0.296,0.5,0.796,LAA,199,2,0,1,4,0.8,20,91,0,0.24,0.264,13.0,0.292,0.07,0.241
2023,164,Jorge Polanco,2B,MIN,80,302,38,77,18,0,14,48,36,88,4,0,0.255,0.335,0.454,0.789,MIN,343,2,0,3,2,0.47,32,137,0,0.31,0.199,21.57,0.409,0.105,0.257
2023,164,Jesús Sánchez,RF,MIA,125,360,43,91,23,3,14,52,38,107,3,1,0.253,0.327,0.45,0.777,MIA,402,2,1,1,12,1.65,40,162,1,0.321,0.197,25.71,0.355,0.095,0.266
2023,164,Leody Taveras,CF,TEX,143,511,67,136,31,3,14,67,35,117,14,4,0.266,0.312,0.421,0.733,TEX,554,1,3,4,3,1.02,48,215,0,0.318,0.155,36.5,0.299,0.063,0.211
2023,164,Joey Votto,1B,CIN,65,208,26,42,6,0,14,38,27,62,0,0,0.202,0.314,0.433,0.747,CIN,242,7,0,0,2,1.17,20,90,0,0.212,0.231,14.86,0.435,0.112,0.256
2023,164,Matt Wallner,LF,MIN,76,213,42,53,11,1,14,41,28,80,2,1,0.249,0.37,0.507,0.877,MIN,254,13,0,0,1,0.63,26,108,1,0.328,0.258,15.21,0.35,0.11,0.315
2023,164,Taylor Ward,LF,LAA,97,356,60,90,18,0,14,47,39,80,4,2,0.253,0.335,0.421,0.756,LAA,409,8,0,6,9,0.88,32,150,0,0.284,0.169,25.43,0.488,0.095,0.196
2023,181,Elly De La Cruz,SS,CIN,98,388,67,91,15,7,13,44,35,144,35,8,0.235,0.3,0.41,0.71,CIN,427,2,1,1,6,1.87,35,159,3,0.336,0.175,29.85,0.243,0.082,0.337
2023,181,Josh Donaldson,3B,MIL,51,165,18,25,5,0,13,26,22,50,0,0,0.152,0.249,0.418,0.667,MIL,189,0,0,2,6,1.19,18,69,0,0.115,0.267,12.69,0.44,0.116,0.265
2023,181,Tommy Edman,2B,STL,137,479,69,119,25,4,13,47,35,84,27,4,0.248,0.307,0.399,0.706,STL,528,7,3,4,9,1.26,42,191,1,0.275,0.15,36.85,0.417,0.066,0.159
2023,181,Christian Encarnacion-Strand,1B,CIN,63,222,29,60,7,0,13,37,14,69,2,0,0.27,0.328,0.477,0.805,CIN,241,5,0,0,5,0.75,20,106,0,0.336,0.207,17.08,0.203,0.058,0.286
2023,181,Adam Frazier,2B,BAL,141,412,59,99,21,2,13,60,32,68,11,4,0.24,0.3,0.396,0.696,BAL,455,4,4,2,4,0.77,36,163,0,0.258,0.155,31.69,0.471,0.07,0.149
2023,181,Trent Grisham,CF,SD,153,469,67,93,31,1,13,50,75,154,15,3,0.198,0.315,0.352,0.667,SD,555,5,4,1,7,0.79,45,165,0,0.264,0.154,36.08,0.487,0.135,0.277
2023,181,Joey Meneses,DH,WSH,154,611,71,168,36,1,13,89,38,130,0,0,0.275,0.321,0.401,0.722,WSH,657,5,0,3,15,1.07,50,245,0,0.329,0.126,47.0,0.292,0.058,0.198
2023,181,Blake Sabol,C,SF,110,310,36,73,10,0,13,44,24,117,4,2,0.235,0.301,0.394,0.695,SF,344,6,2,2,4,0.94,23,122,0,0.33,0.158,23.85,0.205,0.07,0.34
2023,181,Nick Senzel,3B,CIN,104,301,49,71,10,0,13,42,26,74,6,2,0.236,0.297,0.399,0.696,CIN,330,1,0,2,9,0.93,23,120,0,0.269,0.163,23.15,0.351,0.079,0.224
2023,181,Tyler Stephenson,C,CIN,142,465,59,113,20,2,13,56,47,135,0,1,0.243,0.317,0.378,0.695,CIN,517,4,0,1,16,1.37,35,176,2,0.314,0.135,35.77,0.348,0.091,0.261
2023,181,Rowdy Tellez,1B,MIL,106,311,26,67,9,1,13,47,35,86,0,0,0.215,0.291,0.376,0.667,MIL,351,0,0,5,11,0.85,23,117,2,0.249,0.161,23.92,0.407,0.1,0.245
2023,181,Alex Verdugo,RF,BOS,142,546,81,144,37,5,13,54,45,93,5,3,0.264,0.324,0.421,0.745,BOS,602,6,0,5,11,1.12,55,230,1,0.294,0.158,42.0,0.484,0.075,0.154
2023,181,Daniel Vogelbach,DH,NYM,104,275,33,64,8,0,13,48,42,81,0,0,0.233,0.339,0.404,0.743,NYM,319,2,0,0,6,1.03,21,111,1,0.282,0.171,21.15,0.519,0.132,0.254
2023,181,Joey Wiemer,CF,MIL,132,367,48,75,19,0,13,42,36,116,11,4,0.204,0.283,0.362,0.645,MIL,410,5,0,2,4,1.0,32,133,0,0.258,0.158,28.23,0.31,0.088,0.283
2023,195,Jake Bauers,RF,NYY,84,242,28,49,15,0,12,30,27,95,3,2,0.202,0.279,0.413,0.692,NYY,272,0,0,3,3,0.91,27,100,0,0.268,0.211,20.17,0.284,0.099,0.349
2023,195,C.J. Cron,1B,LAA,71,258,38,64,12,0,12,37,17,65,0,0,0.248,0.295,0.434,0.729,LAA,278,1,0,2,13,1.05,24,112,0,0.284,0.186,21.5,0.262,0.061,0.234
2023,195,Ty France,1B,SEA,158,587,79,147,32,0,12,58,43,117,1,0,0.25,0.337,0.366,0.703,SEA,665,34,0,1,25,0.88,44,215,0,0.294,0.116,48.92,0.368,0.065,0.176
2023,195,Brandon Marsh,CF,PHI,133,404,58,112,25,6,12,60,59,144,10,2,0.277,0.372,0.458,0.83,PHI,472,4,1,4,4,1.04,43,185,2,0.397,0.181,33.67,0.41,0.125,0.305
2023,195,Andrew McCutchen,DH,PIT,112,390,55,100,19,0,12,43,75,100,11,3,0.256,0.378,0.397,0.775,PIT,473,4,0,4,8,0.88,31,155,1,0.312,0.141,32.5,0.75,0.159,0.211
2023,195,Mike Moustakas,3B,LAA,112,352,43,87,15,0,12,48,23,95,0,0,0.247,0.293,0.392,0.685,LAA,386,3,0,8,7,0.55,27,138,1,0.296,0.145,29.33,0.242,0.06,0.246
2023,195,Edward Olivares,LF,KC,107,354,47,93,23,4,12,36,22,64,11,5,0.263,0.317,0.452,0.769,KC,385,7,0,2,7,0.97,39,160,1,0.289,0.189,29.5,0.344,0.057,0.166
2023,195,Harold Ramírez,DH,TB,122,400,58,125,19,2,12,68,22,79,5,3,0.313,0.353,0.46,0.813,TB,434,6,0,6,7,1.4,33,184,0,0.359,0.148,33.33,0.278,0.051,0.182
2023,195,Anthony Rizzo,1B,NYY,99,373,45,91,14,0,12,41,35,97,0,3,0.244,0.328,0.378,0.706,NYY,421,12,0,1,10,0.68,26,141,1,0.298,0.134,31.08,0.361,0.083,0.23
2023,195,DominicD Smith,1B,WSH,153,527,57,134,21,1,12,46,47,91,1,1,0.254,0.326,0.366,0.692,WSH,586,10,0,2,12,0.87,34,193,1,0.286,0.112,43.92,0.516,0.08,0.155
2023,205,Akil Baddoo,LF,DET,112,312,40,68,13,1,11,34,42,89,14,3,0.218,0.31,0.372,0.682,DET,357,0,2,1,4,1.03,25,116,2,0.268,0.154,28.36,0.472,0.118,0.249
2023,205,Will Benson,RF,CIN,108,287,51,79,15,8,11,31,40,103,19,3,0.275,0.365,0.498,0.863,CIN,329,1,0,1,3,0.89,34,143,0,0.391,0.223,26.09,0.388,0.122,0.313
2023,205,Christian Bethancourt,C,TB,104,315,49,71,16,0,11,33,13,91,1,0,0.225,0.254,0.381,0.635,TB,332,0,1,3,6,1.24,27,120,0,0.278,0.156,28.64,0.143,0.039,0.274
2023,205,Mark Canha,DH,MIL,139,435,51,114,25,1,11,62,49,79,11,1,0.262,0.355,0.4,0.755,MIL,507,17,0,6,11,0.88,37,174,1,0.293,0.138,39.54,0.62,0.097,0.156
2023,205,Brendan Donovan,2B,STL,95,327,48,93,10,1,11,34,33,53,5,1,0.284,0.365,0.422,0.787,STL,371,9,1,1,4,1.08,22,138,2,0.311,0.138,29.73,0.623,0.089,0.143
2023,205,Kyle Farmer,2B,MIN,120,336,49,86,14,2,11,46,23,86,2,4,0.256,0.317,0.408,0.725,MIN,369,8,0,2,7,0.98,27,137,0,0.311,0.152,30.54,0.267,0.062,0.233
2023,205,Riley Greene,CF,DET,99,378,51,109,19,4,11,37,35,114,7,0,0.288,0.349,0.447,0.796,DET,416,1,0,2,7,1.62,34,169,0,0.384,0.159,34.36,0.307,0.084,0.274
2023,205,Enrique Hernández,2B,LAD,140,465,57,110,23,0,11,61,34,97,4,1,0.237,0.289,0.357,0.646,LAD,508,3,0,6,17,0.66,34,166,1,0.273,0.12,42.27,0.351,0.067,0.191
2023,205,Andy Ibáñez,2B,DET,114,356,42,94,23,2,11,41,24,69,1,0,0.264,0.312,0.433,0.745,DET,383,1,1,1,7,0.86,36,154,0,0.3,0.169,32.36,0.348,0.063,0.18
2023,205,Connor Joe,RF,PIT,133,413,63,102,31,4,11,42,50,110,3,5,0.247,0.339,0.421,0.76,PIT,472,8,0,1,4,0.64,46,174,0,0.311,0.174,37.54,0.455,0.106,0.233
2023,205,Jarred Kelenic,LF,SEA,105,372,44,94,25,2,11,49,41,132,13,5,0.253,0.327,0.419,0.746,SEA,416,1,0,2,6,1.18,38,156,4,0.359,0.167,33.82,0.311,0.099,0.317
2023,205,Alex Kirilloff,1B,MIN,88,281,35,76,14,1,11,41,28,80,1,0,0.27,0.348,0.445,0.793,MIN,319,7,0,3,2,0.94,26,125,1,0.337,0.174,25.54,0.35,0.088,0.251
2023,205,Evan Longoria,3B,AZ,74,211,25,47,9,0,11,28,23,73,0,0,0.223,0.295,0.422,0.717,AZ,237,0,0,3,8,0.88,20,89,0,0.277,0.199,19.18,0.315,0.097,0.308
2023,205,Whit Merrifield,2B,TOR,145,547,66,149,27,0,11,67,36,101,26,10,0.272,0.318,0.382,0.7,TOR,592,3,0,6,15,0.77,38,209,2,0.313,0.11,49.73,0.356,0.061,0.171
2023,205,Yoán Moncada,3B,CWS,92,334,39,87,20,1,11,40,20,107,1,0,0.26,0.305,0.425,0.73,CWS,357,2,0,1,6,1.14,32,142,0,0.35,0.165,30.36,0.187,0.056,0.3
2023,205,Elehuris Montero,1B,COL,85,284,40,69,15,2,11,39,15,111,0,0,0.243,0.29,0.426,0.716,COL,307,5,0,3,5,0.98,28,121,0,0.352,0.183,25.82,0.135,0.049,0.362
2023,205,Bo Naylor,C,CLE,67,198,33,47,13,0,11,32,30,53,5,0,0.237,0.339,0.47,0.809,CLE,230,1,0,1,2,0.55,24,93,1,0.267,0.232,18.0,0.566,0.13,0.23
2023,205,DJ Stewart,RF,NYM,58,160,21,39,9,0,11,26,15,56,1,1,0.244,0.333,0.506,0.839,NYM,185,7,1,1,3,0.97,20,81,0,0.298,0.262,14.54,0.268,0.081,0.303
2023,205,Travis d'Arnaud,C,ATL,74,267,31,60,13,0,11,39,21,67,0,0,0.225,0.288,0.397,0.685,ATL,292,3,0,1,6,0.99,24,106,0,0.258,0.172,24.27,0.313,0.072,0.229
2023,224,Gabriel Arias,SS,CLE,122,315,36,66,15,0,10,26,28,113,3,4,0.21,0.275,0.352,0.627,CLE,345,1,0,1,9,1.54,25,111,0,0.29,0.143,31.5,0.248,0.081,0.328
2023,224,Luis Arraez,2B,MIA,147,574,71,203,30,3,10,69,35,34,3,2,0.354,0.393,0.469,0.862,MIA,617,4,1,3,18,1.04,43,269,10,0.362,0.115,57.4,1.029,0.057,0.055
2023,224,JJ Bleday,LF,OAK,82,256,35,50,11,0,10,27,42,72,5,1,0.195,0.31,0.355,0.665,OAK,303,2,0,3,3,0.88,21,91,0,0.226,0.16,25.6,0.583,0.139,0.238
2023,224,Kris Bryant,RF,COL,80,300,36,70,10,0,10,31,29,68,0,0,0.233,0.313,0.367,0.68,COL,335,6,0,0,6,0.84,20,110,0,0.27,0.133,30.0,0.426,0.087,0.203
2023,224,Jake Cronenworth,1B,SD,127,458,54,105,24,7,10,48,46,97,6,1,0.229,0.312,0.378,0.69,SD,522,11,1,5,8,0.72,41,173,2,0.267,0.148,45.8,0.474,0.088,0.186
2023,224,Jordan Diaz,3B,OAK,90,272,20,60,9,0,10,27,17,69,0,1,0.221,0.273,0.364,0.637,OAK,293,3,0,1,10,1.4,19,99,0,0.258,0.143,27.2,0.246,0.058,0.235
2023,224,Brenton Doyle,CF,COL,126,399,48,81,16,5,10,48,22,151,22,5,0.203,0.25,0.343,0.593,COL,431,4,3,3,9,1.19,31,137,0,0.295,0.14,39.9,0.146,0.051,0.35
2023,224,Mauricio Dubón,2B,HOU,132,467,76,130,26,3,10,46,19,70,7,2,0.278,0.309,0.411,0.72,HOU,492,3,0,3,10,1.13,39,192,0,0.308,0.133,46.7,0.271,0.039,0.142
2023,224,Yan Gomes,C,CHC,116,382,44,102,20,2,10,63,21,81,1,0,0.267,0.315,0.408,0.723,CHC,419,9,0,7,9,0.7,32,156,1,0.309,0.141,38.2,0.259,0.05,0.193
2023,224,Robbie Grossman,LF,TEX,115,353,56,84,23,1,10,49,57,98,1,0,0.238,0.34,0.394,0.734,TEX,420,2,0,8,8,0.56,34,139,0,0.292,0.156,35.3,0.582,0.136,0.233
2023,224,Kyle Higashioka,C,NYY,92,242,24,57,13,0,10,34,14,74,0,0,0.236,0.274,0.413,0.687,NYY,260,0,1,3,5,0.83,23,100,0,0.292,0.178,24.2,0.189,0.054,0.285
2023,224,Andrew Knizner,C,STL,70,224,30,54,11,0,10,31,12,62,2,0,0.241,0.288,0.424,0.712,STL,241,3,1,1,8,0.72,21,95,0,0.288,0.183,22.4,0.194,0.05,0.257
2023,224,Jeff McNeil,2B,NYM,156,585,75,158,25,4,10,55,39,65,10,0,0.27,0.333,0.378,0.711,NYM,648,18,3,3,5,0.8,39,221,0,0.288,0.108,58.5,0.6,0.06,0.1
2023,224,Jake Meyers,CF,HOU,112,309,42,70,16,1,10,33,26,88,5,2,0.227,0.296,0.382,0.678,HOU,341,5,0,1,2,0.83,27,118,0,0.283,0.155,30.9,0.295,0.076,0.258
2023,224,Joshua Palacios,RF,PIT,91,247,26,59,9,2,10,40,12,56,5,0,0.239,0.279,0.413,0.692,PIT,264,2,2,1,7,1.29,21,102,0,0.269,0.174,24.7,0.214,0.045,0.212
2023,224,Jeremy Peña,SS,HOU,150,577,81,152,32,3,10,52,43,129,13,9,0.263,0.324,0.381,0.705,HOU,634,9,1,1,11,1.5,45,220,1,0.323,0.118,57.7,0.333,0.068,0.203
2023,224,Gavin Sheets,RF,CWS,118,311,24,63,10,0,10,43,28,66,1,0,0.203,0.267,0.331,0.598,CWS,344,1,0,4,6,0.68,20,103,2,0.222,0.129,31.1,0.424,0.081,0.192
2023,224,Edmundo Sosa,3B,PHI,104,279,34,70,15,2,10,30,8,74,4,2,0.251,0.293,0.427,0.72,PHI,300,9,2,1,10,1.03,27,119,0,0.306,0.176,27.9,0.108,0.027,0.247
2023,224,Tyrone Taylor,RF,MIL,81,231,36,54,17,1,10,35,8,55,9,0,0.234,0.267,0.446,0.713,MIL,243,3,0,1,10,0.81,28,103,0,0.263,0.212,23.1,0.145,0.033,0.226
2023,224,Matt Vierling,RF,DET,134,479,63,125,21,5,10,44,44,112,6,6,0.261,0.329,0.388,0.717,DET,530,5,1,1,8,1.1,36,186,1,0.321,0.127,47.9,0.393,0.083,0.211
2023,244,Brian Anderson,3B,MIL,96,318,38,72,12,3,9,40,36,108,1,3,0.226,0.31,0.368,0.678,MIL,361,4,0,3,10,1.31,24,117,0,0.309,0.142,35.33,0.333,0.1,0.299
2023,244,Brett Baty,3B,NYM,108,353,41,75,12,0,9,34,29,109,2,0,0.212,0.275,0.323,0.598,NYM,389,2,1,1,8,1.38,21,114,0,0.28,0.11,39.22,0.266,0.075,0.28
2023,244,Cavan Biggio,2B,TOR,111,289,54,68,12,0,9,40,40,88,5,2,0.235,0.34,0.37,0.71,TOR,338,7,0,2,0,0.73,21,107,0,0.304,0.135,32.11,0.455,0.118,0.26
2023,244,Javier Báez,SS,DET,136,510,58,113,18,4,9,59,24,125,12,0,0.222,0.267,0.325,0.592,DET,547,9,0,3,12,1.31,31,166,0,0.274,0.104,56.67,0.192,0.044,0.229
2023,244,Willi Castro,LF,MIN,124,358,60,92,18,5,9,34,34,99,33,5,0.257,0.339,0.411,0.75,MIN,409,12,2,3,5,0.79,32,147,1,0.328,0.154,39.78,0.343,0.083,0.242
2023,244,Freddy Fermin,C,KC,70,217,26,61,10,1,9,32,13,50,0,0,0.281,0.321,0.461,0.782,KC,235,1,1,3,11,1.12,20,100,0,0.323,0.18,24.11,0.26,0.055,0.213
2023,244,LuisL García Jr.García,2B,WSH,122,447,61,119,18,4,9,50,27,60,9,4,0.266,0.304,0.385,0.689,WSH,482,0,1,7,10,1.58,31,172,1,0.286,0.119,49.67,0.45,0.056,0.124
2023,244,Stone Garrett,LF,WSH,89,234,40,63,17,0,9,40,26,82,3,1,0.269,0.343,0.457,0.8,WSH,271,3,0,5,6,0.52,26,107,0,0.365,0.188,26.0,0.317,0.096,0.303
2023,244,Nico Hoerner,2B,CHC,150,619,98,175,27,4,9,68,49,83,43,7,0.283,0.346,0.383,0.729,CHC,688,14,1,5,12,1.04,40,237,0,0.312,0.1,68.78,0.59,0.071,0.121
2023,244,Ramón Laureano,RF,CLE,105,361,46,81,18,4,9,35,33,114,12,1,0.224,0.304,0.371,0.675,CLE,404,9,0,1,9,0.96,31,134,0,0.301,0.147,40.11,0.289,0.082,0.282
2023,244,Zach McKinstry,3B,DET,148,464,60,107,21,4,9,35,44,113,16,6,0.231,0.302,0.351,0.653,DET,518,5,2,3,3,0.65,34,163,0,0.284,0.121,51.56,0.389,0.085,0.218
2023,244,Zach Neto,SS,LAA,84,289,38,65,17,0,9,34,20,77,5,1,0.225,0.308,0.377,0.685,LAA,329,16,1,3,5,0.78,26,109,0,0.272,0.152,32.11,0.26,0.061,0.234
2023,244,Tyler O'Neill,LF,STL,72,238,27,55,14,0,9,21,28,67,5,0,0.231,0.312,0.403,0.715,STL,266,0,0,0,5,0.84,23,96,0,0.284,0.172,26.44,0.418,0.105,0.252
2023,244,Vinnie Pasquantino,1B,KC,61,231,24,57,17,0,9,26,25,31,0,0,0.247,0.324,0.437,0.761,KC,260,2,0,1,7,0.73,26,101,2,0.25,0.19,25.67,0.806,0.096,0.119
2023,244,Kevin Pillar,LF,ATL,81,197,29,45,10,0,9,32,6,50,4,1,0.228,0.248,0.416,0.664,ATL,206,0,0,3,2,0.72,19,82,0,0.255,0.188,21.89,0.12,0.029,0.243
2023,244,Jurickson Profar,LF,SD,125,459,55,111,27,2,9,46,50,90,1,0,0.242,0.321,0.368,0.689,SD,521,6,0,5,11,0.83,38,169,0,0.279,0.126,51.0,0.556,0.096,0.173
2023,244,Matt Thaiss,C,LAA,95,262,32,56,6,0,9,31,36,83,2,0,0.214,0.319,0.34,0.659,LAA,307,6,0,3,4,0.97,15,89,1,0.272,0.126,29.11,0.434,0.117,0.27
2023,244,Alek Thomas,CF,AZ,125,374,51,86,17,5,9,39,19,86,9,1,0.23,0.273,0.374,0.647,AZ,402,4,2,3,5,1.59,31,140,1,0.273,0.144,41.56,0.221,0.047,0.214
2023,244,Mark Vientos,DH,NYM,65,218,19,46,5,1,9,22,10,71,1,0,0.211,0.253,0.367,0.62,NYM,233,3,0,2,5,1.45,15,80,0,0.264,0.156,24.22,0.141,0.043,0.305
2023,244,Connor Wong,C,BOS,126,371,55,87,25,2,9,36,22,134,8,2,0.235,0.288,0.385,0.673,BOS,403,6,3,1,4,0.88,36,143,0,0.341,0.151,41.22,0.164,0.055,0.333
2023,264,Charlie Blackmon,DH,COL,96,359,57,100,24,5,8,40,39,55,4,1,0.279,0.363,0.44,0.803,COL,413,11,0,4,6,0.72,37,158,0,0.307,0.162,44.88,0.709,0.094,0.133
2023,264,Alec Burleson,LF,STL,107,315,34,77,20,1,8,36,23,45,3,1,0.244,0.3,0.39,0.69,STL,347,3,1,2,13,0.88,29,123,0,0.261,0.146,39.38,0.511,0.066,0.13
2023,264,Alex Call,CF,WSH,128,375,43,75,14,1,8,38,53,78,9,8,0.2,0.307,0.307,0.614,WSH,439,6,3,2,1,0.67,23,115,0,0.23,0.107,46.88,0.679,0.121,0.178
2023,264,Jarren Duran,CF,BOS,102,332,46,98,34,2,8,40,24,90,24,2,0.295,0.346,0.482,0.828,BOS,362,3,0,2,3,0.97,44,160,1,0.381,0.187,41.5,0.267,0.066,0.249
2023,264,Yasmani Grandal,C,CWS,118,363,33,85,14,0,8,33,36,86,0,0,0.234,0.309,0.339,0.648,CWS,405,4,0,2,11,0.98,22,123,1,0.284,0.105,45.38,0.419,0.089,0.212
2023,264,Aaron Hicks,CF,BAL,93,269,44,68,9,1,8,36,42,69,6,0,0.253,0.353,0.383,0.736,BAL,312,0,0,1,3,1.02,18,103,1,0.311,0.13,33.62,0.609,0.135,0.221
2023,264,Kevin Kiermaier,CF,TOR,129,370,58,98,21,6,8,36,29,86,14,1,0.265,0.322,0.419,0.741,TOR,408,4,1,4,9,1.85,35,155,0,0.321,0.154,46.25,0.337,0.071,0.211
2023,264,Alejandro Kirk,C,TOR,123,372,34,93,16,0,8,43,42,45,0,0,0.25,0.334,0.358,0.692,TOR,422,6,0,2,21,1.23,24,133,1,0.265,0.108,46.5,0.933,0.1,0.107
2023,264,Trevor Larnach,LF,MIN,58,183,26,39,7,3,8,40,27,72,1,1,0.213,0.311,0.415,0.726,MIN,212,0,0,2,2,0.57,18,76,1,0.295,0.202,22.88,0.375,0.127,0.34
2023,264,Nick Maton,3B,DET,93,249,29,43,9,0,8,32,38,73,1,2,0.173,0.288,0.305,0.593,DET,293,3,1,2,4,0.74,17,76,1,0.206,0.133,31.12,0.521,0.13,0.249
2023,264,Tom Murphy,C,SEA,47,145,19,42,12,0,8,17,10,44,0,0,0.29,0.335,0.538,0.873,SEA,159,1,0,2,4,1.03,20,78,0,0.358,0.248,18.12,0.227,0.063,0.277
2023,264,Davis Schneider,2B,TOR,35,116,23,32,12,1,8,20,21,43,1,0,0.276,0.404,0.603,1.007,TOR,141,4,0,0,2,0.41,21,70,0,0.369,0.328,14.5,0.488,0.149,0.305
2023,264,Mike Tauchman,CF,CHC,108,337,64,85,18,0,8,48,56,86,7,1,0.252,0.363,0.377,0.74,CHC,401,4,1,3,3,1.27,26,127,1,0.313,0.125,42.12,0.651,0.14,0.214
2023,264,Taylor Walls,3B,TB,99,303,50,61,12,2,8,36,44,92,22,1,0.201,0.305,0.333,0.638,TB,349,1,1,0,1,0.64,22,101,0,0.261,0.132,37.88,0.478,0.126,0.264
2023,264,Drew Waters,CF,KC,98,302,40,69,11,5,8,32,27,107,16,5,0.228,0.3,0.377,0.677,KC,337,5,0,3,4,0.74,24,114,0,0.321,0.149,37.75,0.252,0.08,0.318
2023,279,Harrison Bader,CF,CIN,98,319,44,74,12,2,7,40,17,59,20,3,0.232,0.274,0.348,0.622,CIN,344,3,1,4,7,0.62,21,111,0,0.261,0.116,45.57,0.288,0.049,0.172
2023,279,Patrick Bailey,C,SF,97,326,29,76,18,1,7,48,21,100,1,0,0.233,0.285,0.359,0.644,SF,353,3,2,1,8,1.07,26,117,0,0.314,0.126,46.57,0.21,0.059,0.283
2023,279,Jon Berti,SS,MIA,133,388,53,114,16,3,7,33,29,77,16,6,0.294,0.344,0.405,0.749,MIA,424,2,2,3,10,1.56,26,157,2,0.349,0.111,55.43,0.377,0.068,0.182
2023,279,Luis Campusano,C,SD,49,163,27,52,7,0,7,30,7,21,0,0,0.319,0.356,0.491,0.847,SD,174,3,0,1,8,0.82,14,80,0,0.331,0.172,23.29,0.333,0.04,0.121
2023,279,Victor Caratini,C,MIL,62,201,23,52,4,0,7,25,19,45,1,1,0.259,0.327,0.383,0.71,MIL,226,3,0,3,8,1.61,11,77,0,0.296,0.124,28.71,0.422,0.084,0.199
2023,279,Brandon Crawford,SS,SF,94,283,31,55,11,1,7,38,28,81,3,0,0.194,0.273,0.314,0.587,SF,320,4,1,4,5,0.92,19,89,1,0.241,0.12,40.43,0.346,0.088,0.253
2023,279,Henry Davis,RF,PIT,62,225,27,48,10,0,7,24,25,69,3,5,0.213,0.302,0.351,0.653,PIT,255,4,0,1,3,0.85,17,79,2,0.273,0.138,32.14,0.362,0.098,0.271
2023,279,Jorge Mateo,SS,BAL,116,318,58,69,14,2,7,34,22,82,32,5,0.217,0.267,0.34,0.607,BAL,350,1,5,3,8,0.92,23,108,0,0.267,0.123,45.43,0.268,0.063,0.234
2023,279,DylanD MooreMooreX,,SEA,67,145,18,30,9,1,7,19,16,56,7,3,0.207,0.303,0.428,0.731,SEA,165,4,0,0,1,0.51,17,62,0,0.28,0.221,20.71,0.286,0.097,0.339
2023,279,Gabriel Moreno,C,AZ,111,341,33,97,19,1,7,50,29,75,6,2,0.284,0.339,0.408,0.747,AZ,380,3,0,7,17,1.67,27,139,0,0.338,0.123,48.71,0.387,0.076,0.197
2023,279,Liover Peguero,SS,PIT,59,198,21,47,4,1,7,26,11,67,6,2,0.237,0.28,0.374,0.654,PIT,213,1,2,1,6,1.42,12,74,0,0.32,0.136,28.29,0.164,0.052,0.315
2023,279,David Peralta,LF,LAD,133,394,47,102,25,1,7,55,20,72,4,1,0.259,0.294,0.381,0.675,LAD,422,2,0,6,8,1.17,33,150,1,0.296,0.122,56.29,0.278,0.047,0.171
2023,279,Nick Pratto,1B,KC,95,306,33,71,16,0,7,35,29,138,1,1,0.232,0.307,0.353,0.66,KC,345,6,0,4,3,0.94,23,108,0,0.388,0.121,43.71,0.21,0.084,0.4
2023,279,Zack Short,2B,DET,112,221,17,45,9,0,7,33,28,66,5,0,0.204,0.292,0.339,0.631,DET,253,0,3,1,3,0.65,16,75,0,0.255,0.136,31.57,0.424,0.111,0.261
2023,279,Pavin Smith,DH,AZ,69,191,26,36,5,0,7,30,35,45,1,1,0.188,0.317,0.325,0.642,AZ,228,1,0,0,3,0.8,12,62,0,0.209,0.136,27.29,0.778,0.154,0.197
2023,279,Miguel Vargas,2B,LAD,81,256,36,50,15,4,7,32,38,61,3,2,0.195,0.305,0.367,0.672,LAD,304,4,1,4,1,0.76,26,94,1,0.224,0.172,36.57,0.623,0.125,0.201
2023,279,Chad Wallach,C,LAA,65,157,18,31,5,1,7,15,13,57,0,1,0.197,0.259,0.376,0.635,LAA,172,0,2,0,5,0.87,13,59,0,0.258,0.178,22.43,0.228,0.076,0.331
2023,279,Seby Zavala,C,AZ,73,175,17,30,4,0,7,18,12,70,1,0,0.171,0.23,0.314,0.544,AZ,193,2,2,2,4,1.08,11,55,0,0.23,0.143,25.0,0.171,0.062,0.363
2023,297,Elvis Andrus,2B,CWS,112,374,39,94,20,1,6,44,25,71,12,4,0.251,0.304,0.358,0.662,CWS,406,4,1,2,11,1.44,27,134,1,0.294,0.107,62.33,0.352,0.062,0.175
2023,297,Kole Calhoun,1B,CLE,43,157,18,34,7,0,6,25,13,37,0,1,0.217,0.282,0.376,0.658,CLE,174,2,0,2,3,0.66,13,59,0,0.241,0.159,26.17,0.351,0.075,0.213
2023,297,Dominic Canzone,LF,SEA,59,173,23,38,13,0,6,21,8,32,1,0,0.22,0.258,0.399,0.657,SEA,182,1,0,0,5,0.94,19,69,0,0.237,0.179,28.83,0.25,0.044,0.176
2023,297,Rodolfo Castro,3B,PHI,92,227,21,48,7,0,6,24,23,74,1,4,0.211,0.297,0.322,0.619,PHI,256,5,0,1,4,1.47,13,73,1,0.284,0.11,37.83,0.311,0.09,0.289
2023,297,Yu Chang,SS,BOS,39,105,12,17,2,0,6,18,3,34,4,0,0.162,0.2,0.352,0.552,BOS,112,2,2,0,2,1.07,8,37,0,0.169,0.19,17.5,0.088,0.027,0.304
2023,297,Ji Man Choi,DH,SD,39,104,12,17,5,0,6,13,10,35,0,0,0.163,0.239,0.385,0.624,SD,117,1,0,2,2,1.08,11,40,0,0.169,0.221,17.33,0.286,0.085,0.299
2023,297,Franchy Cordero,RF,NYY,24,69,9,13,2,0,6,13,2,25,0,0,0.188,0.211,0.478,0.689,NYY,71,0,0,0,0,2.1,8,33,0,0.184,0.29,11.5,0.08,0.028,0.352
2023,297,Eduardo Escobar,3B,LAA,100,288,32,65,6,5,6,31,18,78,2,1,0.226,0.269,0.344,0.613,LAA,309,0,1,2,7,1.0,17,99,0,0.286,0.118,48.0,0.231,0.058,0.252
2023,297,Nick Fortes,C,MIA,108,294,33,60,10,0,6,26,17,59,4,2,0.204,0.263,0.299,0.562,MIA,323,7,3,2,12,0.91,16,88,0,0.234,0.095,49.0,0.288,0.053,0.183
2023,297,Mitch Haniger,LF,SF,61,211,27,44,13,1,6,28,15,65,1,0,0.209,0.266,0.365,0.631,SF,229,2,0,1,7,0.72,20,77,0,0.27,0.156,35.17,0.231,0.066,0.284
2023,297,Corey Julks,LF,HOU,93,298,35,73,14,0,6,33,22,75,15,3,0.245,0.297,0.352,0.649,HOU,323,1,0,2,6,0.52,20,105,0,0.306,0.107,49.67,0.293,0.068,0.232
2023,297,Isiah Kiner-Falefa,CF,NYY,115,326,39,79,12,1,6,37,28,70,14,5,0.242,0.306,0.34,0.646,NYY,361,3,1,3,12,1.18,19,111,0,0.289,0.098,54.33,0.4,0.078,0.194
2023,297,Luke Maile,C,CIN,78,179,17,42,10,0,6,25,14,49,2,1,0.235,0.308,0.391,0.699,CIN,199,5,1,0,8,1.12,16,70,0,0.29,0.156,29.83,0.286,0.07,0.246
2023,297,Nick Martini,LF,CIN,29,72,10,19,3,1,6,16,5,15,0,0,0.264,0.329,0.583,0.912,CIN,79,2,0,0,1,0.41,10,42,0,0.255,0.319,12.0,0.333,0.063,0.19
2023,297,James McCann,C,BAL,70,207,25,46,14,0,6,26,9,57,3,1,0.222,0.269,0.377,0.646,BAL,226,5,3,2,5,0.79,20,78,0,0.274,0.155,34.5,0.158,0.04,0.252
2023,297,Billy McKinney,LF,NYY,48,128,19,29,3,1,6,14,17,39,1,0,0.227,0.32,0.406,0.726,NYY,147,1,0,1,1,0.97,10,52,1,0.274,0.18,21.33,0.436,0.116,0.265
2023,297,Richie Palacios,LF,STL,32,93,9,24,6,0,6,16,6,11,2,0,0.258,0.307,0.516,0.823,STL,102,1,1,1,1,1.5,12,48,0,0.234,0.258,15.5,0.545,0.059,0.108
2023,297,Geraldo Perdomo,SS,AZ,144,407,71,100,20,4,6,47,64,86,16,4,0.246,0.353,0.359,0.712,AZ,495,6,14,4,2,0.78,30,146,1,0.295,0.113,67.83,0.744,0.129,0.174
2023,297,Jace Peterson,3B,AZ,134,374,35,79,10,4,6,37,47,101,15,2,0.211,0.304,0.307,0.611,AZ,430,4,2,3,7,0.91,20,115,2,0.27,0.096,62.33,0.465,0.109,0.235
2023,297,René Pinto,C,TB,39,103,10,26,3,0,6,16,2,34,0,0,0.252,0.267,0.456,0.723,TB,105,0,0,0,2,0.65,9,47,0,0.317,0.204,17.17,0.059,0.019,0.324
2023,297,Carlos Pérez,C,OAK,68,168,17,38,4,0,6,20,13,40,0,0,0.226,0.293,0.357,0.65,OAK,189,4,1,3,4,0.77,10,60,0,0.256,0.131,28.0,0.325,0.069,0.212
2023,297,Carlos Pérez,C,OAK,68,168,17,38,4,0,6,20,13,40,0,0,0.226,0.293,0.357,0.65,CWS,53,0,0,0,2,1.55,5,17,0,0.243,0.143,49.0,.364,0.075,0.208
2023,297,Amed Rosario,2B,LAD,142,510,70,134,25,8,6,58,29,99,15,2,0.263,0.305,0.378,0.683,LAD,545,3,0,3,15,1.09,39,193,0,0.314,0.116,85.0,0.293,0.053,0.182
2023,297,Josh Smith,SS,TEX,90,195,29,36,8,1,6,15,25,55,1,0,0.185,0.304,0.328,0.632,TEX,232,9,2,1,3,0.95,15,64,0,0.222,0.144,32.5,0.455,0.108,0.237
2023,297,Lenyn Sosa,2B,CWS,52,164,12,33,6,0,6,14,5,40,0,1,0.201,0.224,0.348,0.572,CWS,173,0,3,1,3,0.9,12,57,1,0.227,0.146,27.33,0.125,0.029,0.231
2023,297,Trayce Thompson,CF,CWS,72,153,17,25,2,0,6,17,24,77,2,0,0.163,0.285,0.294,0.579,CWS,179,2,0,0,1,0.5,8,45,0,0.271,0.131,25.5,0.312,0.134,0.43
2023,297,Brice Turang,2B,MIL,137,404,46,88,9,3,6,34,38,94,26,4,0.218,0.285,0.3,0.585,MIL,448,1,3,2,9,0.79,18,121,1,0.268,0.082,67.33,0.404,0.085,0.21
2023,297,EnmanuelE Valdez,2B,BOS,49,139,17,37,8,0,6,19,8,37,5,1,0.266,0.311,0.453,0.764,BOS,149,1,0,0,4,0.91,14,63,0,0.323,0.187,23.17,0.216,0.054,0.248
2023,297,Christian Vázquez,C,MIN,102,327,34,73,13,0,6,32,25,82,1,0,0.223,0.28,0.318,0.598,MIN,355,1,1,1,11,0.91,19,104,1,0.279,0.095,54.5,0.305,0.07,0.231
2023,325,Jesús Aguilar,1B,OAK,36,104,8,23,2,0,5,9,8,31,0,0,0.221,0.281,0.385,0.666,OAK,115,1,0,1,3,0.65,7,40,2,0.261,0.163,20.8,0.258,0.07,0.27
2023,325,Miguel Amaya,C,CHC,53,131,17,28,4,0,5,18,12,40,0,0,0.214,0.329,0.359,0.688,CHC,156,11,1,1,2,0.67,9,47,0,0.264,0.145,26.2,0.3,0.077,0.256
2023,325,Andrew Benintendi,LF,CWS,151,562,72,147,34,2,5,45,52,89,13,2,0.262,0.326,0.356,0.682,CWS,621,3,1,3,12,0.82,41,200,5,0.301,0.094,112.4,0.584,0.084,0.143
2023,325,Will Brennan,RF,CLE,138,432,41,115,24,0,5,41,16,57,13,5,0.266,0.299,0.356,0.655,CLE,455,5,0,2,4,1.05,29,154,2,0.296,0.09,86.4,0.281,0.035,0.125
2023,325,Oswaldo Cabrera,LF,NYY,115,298,35,63,11,0,5,29,25,72,8,0,0.211,0.275,0.299,0.574,NYY,330,2,3,2,6,1.05,16,89,1,0.26,0.087,59.6,0.347,0.076,0.218
2023,325,Willie Calhoun,DH,NYY,44,134,16,32,7,0,5,16,14,20,0,0,0.239,0.309,0.403,0.712,NYY,149,0,0,1,2,0.69,12,54,1,0.245,0.164,26.8,0.7,0.094,0.134
2023,325,Dylan Carlson,CF,STL,76,219,27,48,8,1,5,27,26,49,3,0,0.219,0.318,0.333,0.651,STL,255,7,0,3,4,0.98,14,73,0,0.256,0.114,43.8,0.531,0.102,0.192
2023,325,Matt Carpenter,DH,SD,76,188,18,33,12,0,5,31,41,67,1,0,0.176,0.322,0.319,0.641,SD,237,2,0,5,2,0.45,17,60,0,0.231,0.144,37.6,0.612,0.173,0.283
2023,325,Evan Carter,LF,TEX,23,62,15,19,4,1,5,12,12,24,3,0,0.306,0.413,0.645,1.058,TEX,75,0,0,1,1,1.86,10,40,1,0.412,0.339,12.4,0.5,0.16,0.32
2023,325,Jake Cave,LF,PHI,65,184,18,39,8,1,5,21,15,55,3,0,0.212,0.272,0.348,0.62,PHI,203,1,1,2,3,0.72,14,64,0,0.27,0.136,36.8,0.273,0.074,0.271
2023,325,Oscar Colás,RF,CWS,75,245,32,53,9,0,5,19,12,71,4,3,0.216,0.257,0.314,0.571,CWS,263,2,2,2,5,1.05,14,77,1,0.281,0.098,49.0,0.169,0.046,0.27
2023,325,Nelson Cruz,DH,SD,49,143,9,35,5,1,5,23,6,46,1,0,0.245,0.283,0.399,0.682,SD,152,2,0,1,2,1.03,11,57,1,0.323,0.154,28.6,0.13,0.039,0.303
2023,325,Stuart Fairchild,LF,CIN,97,219,34,50,16,2,5,28,25,69,10,3,0.228,0.321,0.388,0.709,CIN,255,6,3,2,2,0.91,23,85,0,0.306,0.16,43.8,0.362,0.098,0.271
2023,325,Kyle Isbel,CF,KC,91,292,45,70,22,2,5,34,17,59,7,1,0.24,0.282,0.38,0.662,KC,313,1,1,2,5,0.75,29,111,0,0.283,0.14,58.4,0.288,0.054,0.188
2023,325,Tony Kemp,LF,OAK,124,359,42,75,13,3,5,27,44,40,15,4,0.209,0.303,0.304,0.607,OAK,419,6,7,3,9,1.12,21,109,0,0.221,0.095,71.8,1.1,0.105,0.095
2023,325,Steven Kwan,LF,CLE,158,638,93,171,36,7,5,54,70,75,21,3,0.268,0.34,0.37,0.71,CLE,718,3,1,6,9,0.98,48,236,2,0.294,0.102,127.6,0.933,0.097,0.104
2023,325,Starling Marte,RF,NYM,86,315,38,78,7,1,5,28,16,69,24,4,0.248,0.301,0.324,0.625,NYM,341,8,2,0,8,1.46,13,102,1,0.303,0.076,63.0,0.232,0.047,0.202
2023,325,Francisco Mejía,C,TB,50,150,22,34,11,0,5,19,6,38,0,1,0.227,0.258,0.4,0.658,TB,160,1,1,2,2,0.62,16,60,0,0.266,0.173,30.0,0.158,0.038,0.238
2023,325,Owen Miller,2B,MIL,90,291,29,76,17,0,5,27,17,61,13,2,0.261,0.303,0.371,0.674,MIL,314,2,0,4,6,0.86,22,108,1,0.31,0.11,58.2,0.279,0.054,0.194
2023,325,AJ Pollock,LF,SF,54,133,15,22,4,0,5,15,9,32,0,1,0.165,0.215,0.308,0.523,SF,144,0,0,2,1,0.98,9,41,0,0.173,0.143,26.6,0.281,0.063,0.222
2023,325,Miguel Rojas,SS,LAD,125,385,49,91,16,1,5,31,26,48,8,3,0.236,0.29,0.322,0.612,LAD,423,5,2,5,12,0.96,22,124,0,0.255,0.086,77.0,0.542,0.061,0.113
2023,325,Esteury Ruiz,CF,OAK,132,449,47,114,24,1,5,47,20,99,67,13,0.254,0.309,0.345,0.654,OAK,497,16,4,1,7,1.23,30,155,1,0.315,0.091,89.8,0.202,0.04,0.199
2023,325,Casey Schmitt,SS,SF,90,253,28,52,15,0,5,30,13,65,2,1,0.206,0.255,0.324,0.579,SF,277,5,3,3,7,0.95,20,82,0,0.253,0.119,50.6,0.2,0.047,0.235
2023,325,AustinA SlaterSlaterX,,SF,89,185,24,50,9,0,5,20,20,58,2,2,0.27,0.348,0.4,0.748,SF,207,2,0,0,2,1.26,14,74,0,0.369,0.13,37.0,0.345,0.097,0.28
2023,325,Kevin Smith,SS,OAK,49,135,15,25,4,0,5,11,5,51,1,0,0.185,0.22,0.326,0.546,OAK,146,1,5,0,3,1.0,9,44,0,0.253,0.141,27.0,0.098,0.034,0.349
2023,325,Donovan Solano,1B,MIN,134,394,43,111,26,1,5,38,40,100,0,0,0.282,0.369,0.391,0.76,MIN,450,15,0,1,8,0.88,32,154,1,0.366,0.109,78.8,0.4,0.089,0.222
2023,325,David Villar,2B,SF,46,124,15,18,6,0,5,12,11,45,1,1,0.145,0.236,0.315,0.551,SF,140,4,0,1,1,0.68,11,39,0,0.173,0.169,24.8,0.244,0.079,0.321
2023,352,Riley Adams,C,WSH,44,143,8,39,13,2,4,21,11,45,0,0,0.273,0.331,0.476,0.807,WSH,158,2,1,1,5,0.61,19,68,0,0.368,0.203,35.75,0.244,0.07,0.285
2023,352,Nick Allen,SS,OAK,106,303,29,67,4,2,4,20,17,52,5,1,0.221,0.263,0.287,0.55,OAK,329,1,6,2,8,1.21,10,87,0,0.253,0.066,75.75,0.327,0.052,0.158
2023,352,Miguel Andujar,RF,PIT,30,84,9,21,7,0,4,18,6,13,2,0,0.25,0.3,0.476,0.776,PIT,90,0,0,0,1,1.63,11,40,0,0.254,0.226,21.0,0.462,0.067,0.144
2023,352,Sean Bouchard,RF,COL,21,38,11,12,2,0,4,7,4,14,0,1,0.316,0.372,0.684,1.056,COL,43,0,0,1,0,1.17,6,26,0,0.381,0.368,9.5,0.286,0.093,0.326
2023,352,Mike Brosseau,3B,MIL,29,73,4,15,2,0,4,8,4,20,0,0,0.205,0.256,0.397,0.653,MIL,78,1,0,0,2,0.81,6,29,0,0.224,0.192,18.25,0.2,0.051,0.256
2023,352,Lawrence Butler,CF,OAK,42,123,10,26,4,0,4,10,4,35,0,0,0.211,0.24,0.341,0.581,OAK,129,1,0,1,5,0.91,8,42,0,0.259,0.13,30.75,0.114,0.031,0.271
2023,352,José Caballero,2B,SEA,104,231,37,51,9,1,4,26,28,66,26,3,0.221,0.343,0.32,0.663,SEA,280,17,0,4,0,0.42,14,74,0,0.285,0.1,57.75,0.424,0.1,0.236
2023,352,Miguel Cabrera,DH,DET,98,334,21,86,20,0,4,34,31,74,0,0,0.257,0.322,0.353,0.675,DET,370,2,0,3,11,1.42,24,118,0,0.317,0.096,83.5,0.419,0.084,0.2
2023,352,Kody Clemens,1B,PHI,49,139,15,32,7,0,4,13,8,40,0,0,0.23,0.277,0.367,0.644,PHI,148,1,0,0,1,0.81,11,51,0,0.295,0.137,34.75,0.2,0.054,0.27
2023,352,Jasson Domínguez,CF,NYY,8,31,6,8,1,0,4,7,2,8,1,0,0.258,0.303,0.677,0.98,NYY,33,0,0,0,1,2.0,5,21,0,0.211,0.419,7.75,0.25,0.061,0.242
2023,352,Aledmys Díaz,3B,OAK,109,315,25,72,20,1,4,24,17,66,1,0,0.229,0.28,0.337,0.617,OAK,344,7,1,4,14,1.0,25,106,2,0.273,0.108,78.75,0.258,0.049,0.192
2023,352,TylerT FreemanFreemanX,,CLE,64,153,20,37,7,0,4,18,10,30,5,0,0.242,0.295,0.366,0.661,CLE,168,2,2,1,3,1.34,11,56,0,0.275,0.124,38.25,0.333,0.06,0.179
2023,352,David Fry,C,CLE,58,101,12,24,6,0,4,15,8,30,2,0,0.238,0.319,0.416,0.735,CLE,113,4,0,0,3,0.81,10,42,0,0.299,0.178,25.25,0.267,0.071,0.265
2023,352,Maikel Garcia,3B,KC,123,464,59,126,20,4,4,50,38,115,23,7,0.272,0.323,0.358,0.681,KC,515,2,1,10,9,1.09,28,166,0,0.344,0.086,116.0,0.33,0.074,0.223
2023,352,Yuli Gurriel,1B,MIA,108,298,32,73,16,3,4,27,26,44,4,0,0.245,0.304,0.359,0.663,MIA,329,1,0,4,13,0.65,23,107,3,0.272,0.114,74.5,0.591,0.079,0.134
2023,352,Eric Haase,C,CLE,89,274,22,55,8,1,4,26,17,81,4,1,0.201,0.247,0.281,0.528,CLE,293,0,1,1,11,0.94,13,77,1,0.268,0.08,68.5,0.21,0.058,0.276
2023,352,Carter Kieboom,3B,WSH,27,87,12,18,2,0,4,11,6,27,0,0,0.207,0.266,0.368,0.634,WSH,94,1,0,0,2,1.1,6,32,0,0.25,0.161,21.75,0.222,0.064,0.287
2023,352,Trey Mancini,1B,CHC,79,235,31,55,12,0,4,28,21,78,0,0,0.234,0.299,0.336,0.635,CHC,263,2,0,3,5,1.33,16,79,1,0.327,0.102,58.75,0.269,0.08,0.297
2023,352,Manuel Margot,CF,TB,99,311,39,82,21,1,4,38,18,55,9,3,0.264,0.31,0.376,0.686,TB,336,4,0,3,6,0.95,26,117,0,0.306,0.113,77.75,0.327,0.054,0.164
2023,352,Rougned Odor,2B,SD,59,138,21,28,9,0,4,18,17,37,2,1,0.203,0.299,0.355,0.654,SD,157,2,0,0,2,0.55,13,49,0,0.247,0.152,34.5,0.459,0.108,0.236
2023,352,Blake Perkins,RF,MIL,67,143,28,31,7,0,4,20,23,46,5,2,0.217,0.325,0.35,0.675,MIL,168,0,2,0,3,0.89,11,50,0,0.29,0.133,35.75,0.5,0.137,0.274
2023,352,Emmanuel Rivera,3B,AZ,86,257,32,67,13,0,4,29,22,56,1,0,0.261,0.314,0.358,0.672,AZ,283,0,0,4,9,0.86,17,92,0,0.313,0.097,64.25,0.393,0.078,0.198
2023,352,Brendan Rodgers,2B,COL,46,178,21,46,9,1,4,20,11,41,0,0,0.258,0.313,0.388,0.701,COL,192,3,0,0,6,1.53,14,69,0,0.316,0.129,44.5,0.268,0.057,0.214
2023,352,Josh Rojas,2B,SEA,105,314,47,77,17,0,4,40,27,81,12,0,0.245,0.303,0.338,0.641,SEA,350,1,2,4,3,0.88,21,106,0,0.313,0.092,78.5,0.333,0.077,0.231
2023,352,Michael Toglia,1B,COL,45,141,18,23,5,0,4,9,10,50,1,1,0.163,0.224,0.284,0.508,COL,152,1,0,0,3,0.84,9,40,0,0.218,0.121,35.25,0.2,0.066,0.329
2023,352,Alan Trejo,2B,COL,83,207,24,48,11,0,4,26,16,51,5,1,0.232,0.288,0.343,0.631,COL,227,1,1,2,3,0.88,15,71,0,0.286,0.111,51.75,0.314,0.07,0.225
2023,352,Jose Trevino,C,NYY,55,157,15,33,4,0,4,15,8,22,0,0,0.21,0.257,0.312,0.569,NYY,168,2,1,0,6,1.4,8,49,0,0.221,0.102,39.25,0.364,0.048,0.131
2023,352,Ramón Urías,3B,BAL,116,360,45,95,22,3,4,42,27,101,3,1,0.264,0.328,0.375,0.703,BAL,396,8,0,1,10,1.62,29,135,0,0.355,0.111,90.0,0.267,0.068,0.255
2023,352,Ildemaro Vargas,3B,WSH,86,262,32,66,13,2,4,31,19,20,1,1,0.252,0.304,0.363,0.667,WSH,286,1,3,1,10,1.73,19,95,0,0.259,0.111,65.5,0.95,0.066,0.07
2023,352,Jared Walsh,1B,LAA,39,104,10,13,4,0,4,11,11,45,0,0,0.125,0.216,0.279,0.495,LAA,116,1,0,0,1,0.7,8,29,0,0.164,0.154,26.0,0.244,0.095,0.388
2023,352,Austin Wells,C,NYY,19,70,8,16,6,0,4,13,3,14,0,0,0.229,0.257,0.486,0.743,NYY,75,0,0,1,3,1.28,10,34,0,0.226,0.257,17.5,0.214,0.04,0.187
2023,352,KoltenK WongWongX,,LAD,87,224,25,41,6,0,4,27,18,53,3,2,0.183,0.256,0.263,0.519,LAD,250,5,0,3,1,0.99,10,59,0,0.218,0.08,56.0,0.34,0.072,0.212
2023,384,Jo Adell,RF,LAA,17,58,7,12,3,1,3,6,4,25,1,0,0.207,0.258,0.448,0.706,LAA,62,0,0,0,1,1.1,7,26,0,0.3,0.241,19.33,0.16,0.065,0.403
2023,384,Hanser Alberto,3B,CWS,30,82,11,18,5,0,3,16,4,13,0,0,0.22,0.261,0.39,0.651,CWS,90,1,2,1,1,1.08,8,32,0,0.224,0.171,27.33,0.308,0.044,0.144
2023,384,Jonathan Araúz,3B,NYM,27,59,3,8,0,0,3,9,5,18,0,0,0.136,0.203,0.288,0.491,NYM,66,0,2,0,1,0.75,3,17,0,0.132,0.153,19.67,0.278,0.076,0.273
2023,384,Christian Arroyo,2B,BOS,66,195,23,47,16,0,3,24,7,45,1,3,0.241,0.268,0.369,0.637,BOS,206,1,1,2,8,0.96,19,72,0,0.295,0.128,65.0,0.156,0.034,0.218
2023,384,Dairon Blanco,LF,KC,69,124,19,32,7,4,3,18,10,33,24,5,0.258,0.324,0.452,0.776,KC,138,2,2,0,2,1.35,14,56,0,0.33,0.194,41.33,0.303,0.072,0.239
2023,384,Sal Frelick,RF,MIL,57,191,29,47,9,1,3,24,28,37,7,0,0.246,0.341,0.351,0.692,MIL,223,1,0,3,2,1.34,13,67,0,0.286,0.105,63.67,0.757,0.126,0.166
2023,384,Avisaíl García,RF,MIA,37,108,8,20,3,1,3,12,6,39,2,0,0.185,0.241,0.315,0.556,MIA,118,2,0,0,1,1.23,7,34,1,0.258,0.13,36.0,0.154,0.051,0.331
2023,384,Romy Gonzalez,2B,CWS,44,93,11,18,4,2,3,14,2,36,7,0,0.194,0.208,0.376,0.584,CWS,97,0,1,1,0,1.56,9,35,0,0.273,0.183,31.0,0.056,0.021,0.371
2023,384,Garrett Hampson,SS,MIA,98,221,30,61,12,1,3,23,23,67,5,0,0.276,0.349,0.38,0.729,MIA,252,3,3,2,3,0.96,16,84,0,0.379,0.104,73.67,0.343,0.091,0.266
2023,384,Sam Hilliard,CF,ATL,40,72,15,17,5,0,3,6,6,33,4,0,0.236,0.295,0.431,0.726,ATL,78,0,0,0,1,0.69,8,31,0,0.389,0.194,24.0,0.182,0.077,0.423
2023,384,Sam Huff,DH,TEX,21,43,5,11,2,0,3,6,2,17,0,0,0.256,0.289,0.512,0.801,TEX,45,0,0,0,1,2.75,5,22,0,0.348,0.256,14.33,0.118,0.044,0.378
2023,384,Tucupita Marcano,SS,PIT,75,202,16,47,12,2,3,18,10,35,5,2,0.233,0.276,0.356,0.632,PIT,220,3,3,2,2,0.89,17,72,0,0.265,0.124,67.33,0.286,0.045,0.159
2023,384,Cade Marlowe,LF,SEA,34,88,14,21,3,2,3,11,12,33,4,2,0.239,0.33,0.42,0.75,SEA,100,0,0,0,1,0.48,8,37,0,0.346,0.182,29.33,0.364,0.12,0.33
2023,384,Noelvi Marte,3B,CIN,35,114,15,36,7,0,3,15,8,25,6,2,0.316,0.366,0.456,0.822,CIN,123,1,0,0,1,1.3,10,52,0,0.384,0.14,38.0,0.32,0.065,0.203
2023,384,Parker Meadows,CF,DET,37,125,19,29,4,2,3,13,17,37,8,1,0.232,0.331,0.368,0.699,DET,145,2,0,1,0,0.67,9,46,1,0.302,0.136,41.67,0.459,0.117,0.255
2023,384,Matt Mervis,1B,CHC,27,90,8,15,2,0,3,11,8,32,0,0,0.167,0.242,0.289,0.531,CHC,99,1,0,0,1,1.05,5,26,0,0.218,0.122,30.0,0.25,0.081,0.323
2023,384,Jose Miranda,3B,MIN,40,142,12,30,4,0,3,13,9,24,0,0,0.211,0.263,0.303,0.566,MIN,152,1,0,0,8,1.26,7,43,0,0.235,0.092,47.33,0.375,0.059,0.158
2023,384,Garrett Mitchell,CF,MIL,19,65,10,16,2,1,3,7,7,26,1,1,0.246,0.315,0.446,0.761,MIL,73,0,0,1,0,1.18,6,29,0,0.351,0.2,21.67,0.269,0.096,0.356
2023,384,Andruw Monasterio,3B,MIL,92,282,38,73,14,1,3,27,28,66,7,2,0.259,0.33,0.348,0.678,MIL,315,3,0,2,9,0.58,18,98,0,0.326,0.089,94.0,0.424,0.089,0.21
2023,384,Wil Myers,RF,CIN,37,127,11,24,3,0,3,12,12,48,2,1,0.189,0.257,0.283,0.54,CIN,141,0,1,1,3,1.48,6,36,0,0.273,0.094,42.33,0.25,0.085,0.34
2023,384,Kevin Newman,3B,CIN,74,225,28,57,16,0,3,28,17,34,8,1,0.253,0.311,0.364,0.675,CIN,253,4,2,5,7,0.99,19,82,0,0.28,0.111,75.0,0.5,0.067,0.134
2023,384,Brett Phillips,CF,LAA,40,63,9,11,1,0,3,6,8,36,3,1,0.175,0.268,0.333,0.601,LAA,71,0,0,0,0,1.0,4,21,0,0.333,0.159,21.0,0.222,0.113,0.507
2023,384,AlfonsoA Rivas IIIRivas,1B,PIT,48,109,8,25,10,1,3,15,9,36,1,0,0.229,0.303,0.422,0.725,PIT,123,3,1,1,1,0.79,14,46,0,0.31,0.193,36.33,0.25,0.073,0.293
2023,384,Endy Rodríguez,C,PIT,57,186,27,41,7,2,3,13,17,49,0,0,0.22,0.284,0.328,0.612,PIT,204,0,0,1,3,0.7,12,61,0,0.281,0.108,62.0,0.347,0.083,0.24
2023,384,Jean Segura,3B,MIA,85,301,25,66,5,2,3,21,22,47,6,2,0.219,0.277,0.279,0.556,MIA,326,2,1,0,12,1.45,10,84,1,0.251,0.06,100.33,0.468,0.067,0.144
2023,384,Tyler Soderstrom,DH,OAK,45,125,9,20,1,0,3,7,11,43,0,0,0.16,0.232,0.24,0.472,OAK,138,1,0,1,6,1.42,4,30,0,0.213,0.08,41.67,0.256,0.08,0.312
2023,384,Jacob Stallings,C,MIA,89,241,22,46,14,0,3,20,27,67,0,0,0.191,0.278,0.286,0.564,MIA,276,3,3,2,9,1.18,17,69,0,0.249,0.095,80.33,0.403,0.098,0.243
2023,384,Trevor Story,SS,BOS,43,158,12,32,9,0,3,14,9,55,10,3,0.203,0.25,0.316,0.566,BOS,168,1,0,0,2,0.82,12,50,0,0.29,0.114,52.67,0.164,0.054,0.327
2023,384,Raimel Tapia,LF,TB,64,148,28,35,4,1,3,13,17,40,10,2,0.236,0.317,0.338,0.655,TB,169,1,1,1,2,2.13,8,50,0,0.302,0.101,49.33,0.425,0.101,0.237
2023,384,Taylor Trammell,LF,SEA,22,46,7,6,0,0,3,11,9,22,0,1,0.13,0.286,0.326,0.612,SEA,56,1,0,0,2,0.64,3,15,0,0.143,0.196,15.33,0.409,0.161,0.393
2023,384,Jared Triolo,3B,PIT,54,181,30,54,9,0,3,21,24,63,6,1,0.298,0.388,0.398,0.786,PIT,209,3,0,1,0,1.03,12,72,0,0.44,0.099,60.33,0.381,0.115,0.301
2023,384,Luis Urías,2B,BOS,52,144,18,28,6,0,3,18,21,41,0,0,0.194,0.337,0.299,0.636,BOS,177,10,0,0,4,0.92,9,43,0,0.25,0.104,48.0,0.512,0.119,0.232
2023,384,Jason Vosler,1B,CIN,20,62,6,10,2,1,3,10,3,25,0,0,0.161,0.2,0.371,0.571,CIN,65,0,0,0,0,0.59,6,23,0,0.206,0.21,20.67,0.12,0.046,0.385
2023,384,Jordan Westburg,2B,BAL,68,208,26,54,17,2,3,23,16,56,4,1,0.26,0.311,0.404,0.715,BAL,228,1,0,3,3,0.91,22,84,0,0.336,0.144,69.33,0.286,0.07,0.246
2023,384,Mike Zunino,C,CLE,42,124,11,22,7,0,3,11,15,61,0,0,0.177,0.271,0.306,0.577,CLE,140,1,0,0,3,0.95,10,38,0,0.317,0.129,41.33,0.246,0.107,0.436
2023,419,Wilyer Abreu,LF,BOS,28,76,10,24,6,0,2,14,9,23,3,1,0.316,0.388,0.474,0.862,BOS,85,0,0,0,0,0.71,8,36,0,0.431,0.158,38.0,0.391,0.106,0.271
2023,419,Nick Ahmed,SS,AZ,72,198,14,42,10,1,2,17,12,52,5,1,0.212,0.257,0.303,0.56,AZ,210,0,0,0,0,0.79,13,60,0,0.278,0.091,99.0,0.231,0.057,0.248
2023,419,Jake Alu,LF,WSH,51,159,14,36,2,1,2,16,10,42,5,1,0.226,0.282,0.289,0.571,WSH,175,3,1,2,2,1.55,5,46,0,0.291,0.063,79.5,0.238,0.057,0.24
2023,419,Jonathan Aranda,DH,TB,34,87,13,20,4,1,2,13,13,31,0,0,0.23,0.34,0.368,0.708,TB,103,2,0,1,1,1.64,7,32,1,0.327,0.138,43.5,0.419,0.126,0.301
2023,419,José Azocar,RF,SD,55,91,16,21,6,0,2,9,4,24,8,2,0.231,0.278,0.363,0.641,SD,102,2,5,0,2,1.43,8,33,0,0.292,0.132,45.5,0.167,0.039,0.235
2023,419,Ji Hwan Bae,2B,PIT,111,334,54,77,17,2,2,32,30,92,24,9,0.231,0.296,0.311,0.607,PIT,371,2,3,2,4,2.04,21,104,0,0.31,0.081,167.0,0.326,0.081,0.248
2023,419,Luken Baker,DH,STL,33,86,9,18,3,0,2,10,13,31,0,0,0.209,0.313,0.314,0.627,STL,99,0,0,0,1,0.68,5,27,0,0.302,0.105,43.0,0.419,0.131,0.313
2023,419,Austin Barnes,C,LAD,59,178,15,32,5,0,2,11,17,43,2,1,0.18,0.256,0.242,0.498,LAD,200,2,1,2,7,1.3,7,43,0,0.222,0.062,89.0,0.395,0.085,0.215
2023,419,José Barrero,SS,CIN,46,133,15,29,8,0,2,17,15,44,3,2,0.218,0.295,0.323,0.618,CIN,149,0,0,1,1,0.69,10,43,0,0.307,0.105,66.5,0.341,0.101,0.295
2023,419,Matthew Batten,2B,SD,43,120,19,31,6,0,2,11,17,30,2,2,0.258,0.355,0.358,0.713,SD,139,1,1,0,0,0.62,8,43,0,0.33,0.1,60.0,0.567,0.122,0.216
2023,419,Michael Brantley,LF,HOU,15,54,7,15,2,0,2,7,2,2,0,0,0.278,0.298,0.426,0.724,HOU,57,0,0,1,2,0.73,4,23,0,0.255,0.148,27.0,1.0,0.035,0.035
2023,419,Michael Busch,3B,LAD,27,72,9,12,3,0,2,7,8,27,1,0,0.167,0.247,0.292,0.539,LAD,81,0,0,1,0,1.62,5,21,0,0.227,0.125,36.0,0.296,0.099,0.333
2023,419,MichaelM ChavisChavisX,,WSH,48,91,16,22,3,0,2,5,5,33,1,0,0.242,0.281,0.341,0.622,WSH,96,0,0,0,3,1.57,5,31,0,0.357,0.099,45.5,0.152,0.052,0.344
2023,419,Jonathan Davis,CF,MIA,34,90,22,22,4,1,2,10,7,29,1,2,0.244,0.307,0.378,0.685,MIA,104,2,2,2,1,1.69,7,34,0,0.328,0.133,45.0,0.241,0.067,0.279
2023,419,Jonny DeLuca,LF,LAD,24,42,5,11,1,0,2,6,3,8,1,0,0.262,0.311,0.429,0.74,LAD,45,0,0,0,0,0.64,3,18,0,0.281,0.167,21.0,0.375,0.067,0.178
2023,419,Corey Dickerson,LF,WSH,50,144,12,36,7,1,2,17,7,28,0,1,0.25,0.283,0.354,0.637,WSH,152,0,0,1,3,1.03,10,51,0,0.296,0.104,72.0,0.25,0.046,0.184
2023,419,Brandon Dixon,1B,SD,33,79,10,16,4,0,2,9,1,31,1,0,0.203,0.244,0.329,0.573,SD,86,4,0,2,1,0.89,6,26,0,0.292,0.127,39.5,0.032,0.012,0.36
2023,419,Hunter Dozier,3B,KC,29,82,8,15,2,1,2,9,8,29,2,0,0.183,0.253,0.305,0.558,KC,91,0,0,1,0,1.17,5,25,0,0.25,0.122,41.0,0.276,0.088,0.319
2023,419,Matt Duffy,3B,KC,79,191,17,48,8,0,2,16,12,39,1,0,0.251,0.306,0.325,0.631,KC,209,4,0,2,4,1.26,10,62,0,0.303,0.073,95.5,0.308,0.057,0.187
2023,419,Drew Ellis,1B,PHI,12,23,4,5,0,0,2,4,6,7,0,1,0.217,0.379,0.478,0.857,PHI,29,0,0,0,0,0.57,2,11,0,0.214,0.261,11.5,0.857,0.207,0.241
2023,419,Santiago Espinal,2B,TOR,93,230,30,57,14,0,2,25,18,36,2,1,0.248,0.31,0.335,0.645,TOR,254,3,2,1,5,1.0,16,77,1,0.285,0.087,115.0,0.5,0.071,0.142
2023,419,Tyler Fitzgerald,CF,SF,10,32,3,7,2,0,2,5,2,10,2,0,0.219,0.265,0.469,0.734,SF,34,0,0,0,0,0.88,4,15,0,0.25,0.25,16.0,0.2,0.059,0.294
2023,419,David Fletcher,SS,LAA,33,89,7,22,1,0,2,12,7,9,0,0,0.247,0.302,0.326,0.628,LAA,97,0,1,0,2,1.27,3,29,1,0.256,0.079,44.5,0.778,0.072,0.093
2023,419,Dominic Fletcher,CF,AZ,28,93,10,28,5,1,2,14,7,22,0,2,0.301,0.35,0.441,0.791,AZ,102,0,2,0,0,1.14,8,41,1,0.377,0.14,46.5,0.318,0.069,0.216
2023,419,KyleK GarlickGarlickX,,MIN,14,28,2,5,1,0,2,4,2,11,0,0,0.179,0.233,0.429,0.662,MIN,30,0,0,0,0,1.0,3,12,0,0.2,0.25,14.0,0.182,0.067,0.367
2023,419,Nick Gonzales,2B,PIT,35,115,12,24,8,1,2,13,6,36,0,1,0.209,0.268,0.348,0.616,PIT,128,4,1,2,0,2.05,11,40,0,0.278,0.139,57.5,0.167,0.047,0.281
2023,419,Oscar Gonzalez,RF,CLE,54,173,15,37,7,2,2,12,5,46,0,0,0.214,0.239,0.312,0.551,CLE,180,1,0,1,2,1.07,11,54,0,0.278,0.098,86.5,0.109,0.028,0.256
2023,419,Nick Gordon,CF,MIN,34,91,13,16,5,1,2,7,1,11,0,0,0.176,0.185,0.319,0.504,MIN,93,0,1,0,1,1.17,8,29,0,0.179,0.143,45.5,0.091,0.011,0.118
2023,419,Josh Harrison,3B,PHI,41,103,8,21,3,0,2,10,3,20,0,0,0.204,0.263,0.291,0.554,PHI,114,6,0,2,2,1.29,5,30,0,0.229,0.087,51.5,0.15,0.026,0.175
2023,419,Eric Hosmer,1B,CHC,31,94,7,22,3,0,2,14,6,25,0,0,0.234,0.28,0.33,0.61,CHC,100,0,0,0,5,1.94,5,31,0,0.299,0.096,47.0,0.24,0.06,0.25
2023,419,Carson Kelly,C,DET,52,136,13,28,5,0,2,13,14,40,1,0,0.206,0.278,0.287,0.565,DET,151,0,0,1,2,0.86,7,39,0,0.274,0.081,68.0,0.35,0.093,0.265
2023,419,Heston Kjerstad,DH,BAL,13,30,3,7,1,0,2,3,2,10,0,0,0.233,0.281,0.467,0.748,BAL,33,0,0,0,0,0.3,3,14,0,0.278,0.233,15.0,0.2,0.061,0.303
2023,419,Jake Lamb,1B,LAA,19,51,7,11,1,0,2,5,3,15,0,0,0.216,0.259,0.353,0.612,LAA,54,0,0,0,1,0.79,3,18,0,0.265,0.137,25.5,0.2,0.056,0.278
2023,419,Tim Locastro,LF,NYM,43,56,13,13,3,0,2,3,3,22,6,0,0.232,0.338,0.393,0.731,NYM,67,6,2,0,0,0.77,5,22,0,0.344,0.161,28.0,0.136,0.045,0.328
2023,419,Jordan Luplow,LF,MIN,39,77,11,16,3,0,2,5,12,27,2,0,0.208,0.322,0.325,0.647,MIN,90,1,0,0,1,1.0,5,25,1,0.292,0.117,38.5,0.444,0.133,0.3
2023,419,Nick Madrigal,3B,CHC,92,270,34,71,16,1,2,28,10,24,10,2,0.263,0.311,0.352,0.663,CHC,294,9,5,0,3,1.61,19,95,0,0.283,0.089,135.0,0.417,0.034,0.082
2023,419,Jake Marisnick,CF,LAD,46,76,10,18,3,2,2,10,3,21,2,3,0.237,0.28,0.408,0.688,LAD,83,2,1,1,4,0.77,7,31,0,0.296,0.171,38.0,0.143,0.036,0.253
2023,419,Luis Matos,CF,SF,76,228,24,57,13,1,2,14,20,33,3,0,0.25,0.319,0.342,0.661,SF,253,3,2,0,3,1.06,16,78,0,0.285,0.092,114.0,0.606,0.079,0.13
2023,419,Ronny Mauricio,2B,NYM,26,101,11,25,4,0,2,9,7,31,7,0,0.248,0.296,0.347,0.643,NYM,108,0,0,0,2,1.14,6,35,0,0.338,0.099,50.5,0.226,0.065,0.287
2023,419,Jake McCarthy,RF,AZ,99,276,37,67,7,5,2,16,26,62,26,4,0.243,0.318,0.326,0.644,AZ,312,5,4,1,4,1.41,14,90,0,0.305,0.083,138.0,0.419,0.083,0.199
2023,419,Ryan McKenna,RF,BAL,89,122,23,31,7,0,2,18,9,40,5,0,0.254,0.316,0.361,0.677,BAL,139,3,3,2,4,0.81,9,44,0,0.354,0.107,61.0,0.225,0.065,0.288
2023,419,Omar Narváez,C,NYM,49,128,12,27,5,0,2,7,14,27,0,0,0.211,0.283,0.297,0.58,NYM,146,0,1,3,1,0.39,7,38,0,0.245,0.086,64.0,0.519,0.096,0.185
2023,419,Tyler Nevin,DH,DET,41,95,11,19,3,1,2,10,12,25,0,1,0.2,0.306,0.316,0.622,DET,111,3,0,1,1,0.86,6,30,0,0.246,0.116,47.5,0.48,0.108,0.225
2023,419,Cristian Pache,LF,PHI,48,84,12,20,7,1,2,11,10,27,2,3,0.238,0.319,0.417,0.736,PHI,95,0,1,0,1,1.24,10,35,0,0.327,0.179,42.0,0.37,0.105,0.284
2023,419,Oswald Peraza,3B,NYY,52,173,15,33,8,0,2,14,13,50,4,3,0.191,0.267,0.272,0.539,NYY,191,5,0,0,1,1.09,10,47,0,0.256,0.081,86.5,0.26,0.068,0.262
2023,419,Ceddanne Rafaela,CF,BOS,28,83,11,20,6,0,2,5,4,28,3,1,0.241,0.281,0.386,0.667,BOS,89,1,0,1,2,1.0,8,32,0,0.333,0.145,41.5,0.143,0.045,0.315
2023,419,Anthony Rendon,3B,LAA,43,148,23,35,6,0,2,22,25,27,2,0,0.236,0.361,0.318,0.679,LAA,183,6,0,4,6,0.7,8,47,0,0.268,0.081,74.0,0.926,0.137,0.148
2023,419,Franmil Reyes,DH,KC,19,59,5,11,0,0,2,7,4,24,0,0,0.186,0.231,0.288,0.519,KC,65,0,0,2,3,1.6,2,17,0,0.257,0.102,29.5,0.167,0.062,0.369
2023,419,Pablo Reyes,SS,BOS,64,167,27,48,9,0,2,20,14,21,7,2,0.287,0.339,0.377,0.716,BOS,185,0,2,2,3,0.79,11,63,0,0.315,0.09,83.5,0.667,0.076,0.114
2023,419,Johan Rojas,CF,PHI,59,149,24,45,9,2,2,23,5,42,14,1,0.302,0.342,0.43,0.772,PHI,164,4,6,0,1,1.13,13,64,0,0.41,0.128,74.5,0.119,0.03,0.256
2023,419,Ben Rortvedt,C,NYY,32,68,6,8,1,0,2,4,11,19,0,0,0.118,0.241,0.221,0.462,NYY,79,0,0,0,1,0.71,3,15,0,0.128,0.103,34.0,0.579,0.139,0.241
2023,419,Eguy Rosario,3B,SD,11,36,6,9,1,1,2,6,1,12,0,0,0.25,0.27,0.5,0.77,SD,37,0,0,0,1,0.67,4,18,0,0.318,0.25,18.0,0.083,0.027,0.324
2023,419,Jon Singleton,1B,HOU,36,91,11,15,3,0,2,12,13,23,0,0,0.165,0.267,0.264,0.531,HOU,105,0,0,1,2,0.64,5,24,0,0.194,0.099,45.5,0.565,0.124,0.219
2023,419,Abraham Toro,3B,MIL,9,18,4,8,0,0,2,9,2,5,0,0,0.444,0.524,0.778,1.302,MIL,21,1,0,0,0,4.0,2,14,0,0.545,0.333,9.0,0.4,0.095,0.238
2023,419,Gio Urshela,3B,LAA,62,214,22,64,8,1,2,24,10,36,3,2,0.299,0.329,0.374,0.703,LAA,228,1,0,3,9,0.95,11,80,0,0.346,0.075,107.0,0.278,0.044,0.158
2023,419,Andrew Velazquez,SS,LAA,54,81,12,14,3,0,2,3,10,30,13,3,0.173,0.264,0.284,0.548,LAA,94,0,3,0,1,1.86,5,23,0,0.245,0.111,40.5,0.333,0.106,0.319
2023,419,Joey Wendle,SS,MIA,112,297,33,63,16,3,2,20,13,67,7,1,0.212,0.248,0.306,0.554,MIA,318,2,3,3,8,1.51,21,91,0,0.264,0.094,148.5,0.194,0.041,0.211
2023,419,Masyn Winn,SS,STL,37,122,8,21,2,0,2,12,10,26,2,1,0.172,0.23,0.238,0.468,STL,137,0,2,3,1,0.95,4,29,0,0.196,0.066,61.0,.385,0.073,0.19
2023,419,Brett Wisely,2B,SF,51,120,10,21,5,0,2,8,9,40,2,1,0.175,0.231,0.267,0.498,SF,131,0,1,1,2,0.91,7,32,0,0.241,0.092,60.0,.225,0.069,0.305
2023,419,JuanJ YepezYepezX,,STL,28,60,5,11,1,0,2,2,4,20,0,1,0.183,0.246,0.3,0.546,STL,65,1,0,0,0,0.38,3,18,0,0.237,0.117,30.0,.200,0.062,0.308
2023,419,Jared Young,1B,CHC,16,43,8,8,0,3,2,8,3,13,2,0,0.186,0.255,0.465,0.72,CHC,47,1,0,0,1,1.2,5,20,0,0.214,0.279,21.5,.231,0.064,0.277
2023,480,Jorge Alfaro,C,BOS,18,48,2,7,4,0,1,4,2,15,0,0,0.146,0.212,0.292,0.504,BOS,52,2,0,0,3,3.33,5,14,0,0.188,0.146,48.0,.133,0.038,0.288
2023,480,GregG AllenAllenX,,NYY,22,23,6,5,1,1,1,1,2,10,3,1,0.217,0.333,0.478,0.811,NYY,28,2,1,0,0,1.25,3,11,0,0.333,0.261,23.0,.200,0.071,0.357
2023,480,Tim Anderson,SS,CWS,123,493,52,121,18,2,1,25,26,122,13,2,0.245,0.286,0.296,0.582,CWS,524,3,0,2,15,2.11,21,146,0,0.323,0.051,493.0,.213,0.05,0.233
2023,480,Tucker Barnhart,C,CHC,47,109,6,22,3,0,1,9,12,42,1,0,0.202,0.285,0.257,0.542,CHC,123,1,0,1,4,1.0,4,28,0,0.313,0.055,109.0,.286,0.098,0.341
2023,480,Osleivis Basabe,SS,TB,31,87,15,19,5,0,1,12,6,25,0,1,0.218,0.277,0.31,0.587,TB,94,1,0,0,2,1.69,6,27,0,0.295,0.092,87.0,.240,0.064,0.266
2023,480,Travis Blankenhorn,LF,WSH,10,31,2,5,0,0,1,1,6,6,0,0,0.161,0.297,0.258,0.555,WSH,37,0,0,0,0,1.5,1,8,0,0.167,0.097,31.0,1.000,0.162,0.162
2023,480,Jackie Bradley,CF,KC,43,105,10,14,5,0,1,6,5,29,0,0,0.133,0.188,0.21,0.398,KC,113,2,1,0,3,1.33,6,22,0,0.173,0.076,105.0,.172,0.044,0.257
2023,480,Peyton Burdick,RF,MIA,14,33,4,6,2,0,1,2,3,18,1,0,0.182,0.27,0.333,0.603,MIA,37,1,0,0,0,0.5,3,11,0,0.357,0.152,33.0,.167,0.081,0.486
2023,480,Trey Cabbage,1B,LAA,22,53,5,11,3,0,1,7,2,26,1,1,0.208,0.232,0.321,0.553,LAA,56,0,0,1,1,1.83,4,17,0,0.37,0.113,53.0,.077,0.036,0.464
2023,480,Junior Caminero,3B,TB,7,34,4,8,1,0,1,7,2,8,0,0,0.235,0.278,0.353,0.631,TB,36,0,0,0,2,2.0,2,12,0,0.28,0.118,34.0,.250,0.056,0.222
2023,480,Alexander Canario,DH,CHC,6,17,1,5,1,1,1,6,0,8,0,0,0.294,0.294,0.647,0.941,CHC,17,0,0,0,0,3.0,3,11,0,0.5,0.353,17.0,.---,0.0,0.471
2023,480,Harold Castro,2B,COL,99,258,24,65,13,0,1,31,9,66,1,0,0.252,0.275,0.314,0.589,COL,270,0,1,2,5,1.17,14,81,0,0.332,0.062,258.0,.136,0.033,0.244
2023,480,Ernie Clement,SS,TOR,30,50,7,19,1,1,1,10,1,4,1,0,0.38,0.385,0.5,0.885,TOR,52,0,0,1,0,0.56,3,25,0,0.391,0.12,50.0,.250,0.019,0.077
2023,480,Oneil Cruz,SS,PIT,9,32,7,8,1,0,1,4,7,8,3,0,0.25,0.375,0.375,0.75,PIT,40,0,0,1,0,0.89,2,12,0,0.292,0.125,32.0,.875,0.175,0.2
2023,480,David Dahl,RF,SD,4,9,1,1,0,0,1,1,0,2,0,0,0.111,0.111,0.444,0.555,SD,9,0,0,0,0,1.0,1,4,0,0.0,0.333,9.0,.---,0.0,0.222
2023,480,Bobby Dalbec,1B,BOS,21,49,6,10,2,0,1,1,4,28,1,0,0.204,0.264,0.306,0.57,BOS,53,0,0,0,0,0.83,3,15,0,0.45,0.102,49.0,.143,0.075,0.528
2023,480,Jason Delay,C,PIT,70,167,20,42,11,1,1,18,14,44,0,0,0.251,0.319,0.347,0.666,PIT,187,3,2,1,5,1.27,13,58,0,0.333,0.096,167.0,.318,0.075,0.235
2023,480,Hunter Goodman,RF,COL,23,70,6,14,4,3,1,17,5,24,1,0,0.2,0.247,0.386,0.633,COL,77,0,0,2,2,1.13,8,27,0,0.277,0.186,70.0,.208,0.065,0.312
2023,480,Tristan Gray,1B,TB,2,5,1,2,0,0,1,1,0,0,0,0,0.4,0.4,1.0,1.4,TB,5,0,0,0,0,0.5,1,5,0,0.25,0.6,5.0,.---,0.0,0.0
2023,480,Luis Guillorme,2B,NYM,54,107,12,24,6,1,1,9,10,28,0,0,0.224,0.288,0.327,0.615,NYM,120,0,2,1,4,1.0,8,35,1,0.291,0.103,107.0,.357,0.083,0.233
2023,480,SamS HaggertyHaggertyX,,SEA,52,91,13,23,3,1,1,5,15,17,10,1,0.253,0.364,0.341,0.705,SEA,108,1,1,0,0,0.86,5,31,0,0.301,0.088,91.0,.882,0.139,0.157
2023,480,Darick Hall,1B,PHI,18,54,2,9,1,0,1,3,2,18,0,0,0.167,0.196,0.241,0.437,PHI,56,0,0,0,2,1.08,2,13,0,0.229,0.074,54.0,.111,0.036,0.321
2023,480,Austin Hedges,C,TEX,82,185,14,34,5,0,1,16,11,47,1,0,0.184,0.234,0.227,0.461,TEX,212,2,10,3,7,0.83,6,42,0,0.236,0.043,185.0,.234,0.052,0.222
2023,480,David Hensley,DH,HOU,30,84,12,10,1,0,1,3,10,35,1,0,0.119,0.213,0.167,0.38,HOU,94,0,0,0,0,1.29,2,14,0,0.188,0.048,84.0,.286,0.106,0.372
2023,480,Spencer Horwitz,DH,TOR,15,39,5,10,2,0,1,7,4,12,0,0,0.256,0.341,0.385,0.726,TOR,44,1,0,0,1,2.4,3,15,0,0.346,0.128,39.0,.333,0.091,0.273
2023,480,Travis Jankowski,LF,TEX,107,247,34,65,12,1,1,30,35,42,19,1,0.263,0.357,0.332,0.689,TEX,287,2,1,2,6,1.13,14,82,0,0.311,0.069,247.0,.833,0.122,0.146
2023,480,Bryce Johnson,CF,SF,30,43,7,7,1,0,1,3,4,15,3,0,0.163,0.229,0.256,0.485,SF,48,0,0,1,0,1.44,2,11,0,0.214,0.093,43.0,.267,0.083,0.313
2023,480,Grae Kessinger,3B,HOU,26,40,3,8,2,0,1,1,5,12,0,1,0.2,0.289,0.325,0.614,HOU,45,0,0,0,0,0.82,3,13,0,0.259,0.125,40.0,.417,0.111,0.267
2023,480,Korey Lee,C,CWS,24,65,4,5,1,0,1,3,5,20,0,0,0.077,0.143,0.138,0.281,CWS,70,0,0,0,0,1.35,2,9,0,0.091,0.062,65.0,.250,0.071,0.286
2023,480,Kyle Lewis,DH,AZ,16,51,2,8,2,0,1,2,3,21,0,0,0.157,0.204,0.255,0.459,AZ,54,0,0,0,0,0.57,3,13,0,0.241,0.098,51.0,.143,0.056,0.389
2023,480,Andre Lipcius,3B,DET,13,35,3,10,1,0,1,4,3,8,0,0,0.286,0.342,0.4,0.742,DET,38,0,0,0,1,0.55,2,14,0,0.346,0.114,35.0,.375,0.079,0.211
2023,480,Nicky Lopez,2B,ATL,94,225,32,52,8,3,1,25,26,40,6,2,0.231,0.326,0.307,0.633,ATL,262,6,4,1,3,1.88,12,69,0,0.276,0.076,225.0,.650,0.099,0.153
2023,480,J.P. Martínez,LF,TEX,17,40,7,9,1,0,1,4,2,16,0,0,0.225,0.25,0.325,0.575,TEX,44,0,0,2,0,0.42,2,13,0,0.32,0.1,40.0,.125,0.045,0.364
2023,480,Miles Mastrobuoni,3B,CHC,61,133,24,32,5,0,1,5,13,32,13,1,0.241,0.308,0.301,0.609,CHC,149,0,3,0,1,1.18,6,40,0,0.31,0.06,133.0,.406,0.087,0.215
2023,480,Reese McGuire,C,BOS,72,187,15,50,12,1,1,16,11,53,2,1,0.267,0.31,0.358,0.668,BOS,206,1,2,1,2,2.22,14,67,0,0.366,0.091,187.0,.208,0.053,0.257
2023,480,Curtis Mead,3B,TB,24,83,12,21,3,1,1,5,7,21,0,0,0.253,0.326,0.349,0.675,TB,92,2,0,0,3,0.71,5,29,0,0.328,0.096,83.0,.333,0.076,0.228
2023,480,Danny Mendick,2B,NYM,35,65,4,12,3,0,1,4,4,15,1,0,0.185,0.232,0.277,0.509,NYM,69,0,0,0,1,1.11,4,18,0,0.224,0.092,65.0,.267,0.058,0.217
2023,480,Drew Millas,C,WSH,11,28,1,8,2,0,1,6,4,5,0,0,0.286,0.375,0.464,0.839,WSH,33,0,1,0,2,1.67,3,13,0,0.318,0.179,28.0,.800,0.121,0.152
2023,480,Brad Miller,DH,TEX,27,56,8,12,4,0,1,6,10,11,0,0,0.214,0.328,0.339,0.667,TEX,67,0,0,1,1,1.13,5,19,0,0.244,0.125,56.0,.909,0.149,0.164
2023,480,Coco Montes,2B,COL,18,38,3,7,2,0,1,3,2,12,0,0,0.184,0.244,0.316,0.56,COL,41,1,0,0,0,0.58,3,12,0,0.24,0.132,38.0,.167,0.049,0.293
2023,480,Dane Myers,CF,MIA,22,67,9,18,3,0,1,9,2,19,1,1,0.269,0.286,0.358,0.644,MIA,70,0,0,1,1,2.88,4,24,0,0.354,0.09,67.0,.105,0.029,0.271
2023,480,Austin Nola,C,SD,52,130,9,19,3,0,1,8,18,31,0,0,0.146,0.26,0.192,0.452,SD,154,2,4,0,5,0.91,4,25,0,0.184,0.046,130.0,.581,0.117,0.201
2023,480,Rafael Ortega,CF,NYM,47,114,16,25,3,0,1,8,20,33,6,1,0.219,0.341,0.272,0.613,NYM,136,1,1,0,0,1.28,4,31,0,0.3,0.053,114.0,.606,0.147,0.243
2023,480,Manny Piña,C,OAK,4,12,1,3,0,0,1,1,0,3,0,0,0.25,0.25,0.5,0.75,OAK,12,0,0,0,1,2.0,1,6,0,0.25,0.25,12.0,.---,0.0,0.25
2023,480,Logan Porter,C,KC,11,31,4,6,1,0,1,3,5,11,0,0,0.194,0.324,0.323,0.647,KC,38,1,1,0,2,0.67,2,10,0,0.263,0.129,31.0,.455,0.132,0.289
2023,480,Carlos Pérez,C,CWS,27,49,5,10,4,0,1,3,4,11,0,0,0.204,0.264,0.347,0.611,OAK,189,4,1,3,4,0.77,10,60,0,0.256,0.131,28.0,0.325,0.069,0.212
2023,480,Carlos Pérez,C,CWS,27,49,5,10,4,0,1,3,4,11,0,0,0.204,0.264,0.347,0.611,CWS,53,0,0,0,2,1.55,5,17,0,0.243,0.143,49.0,.364,0.075,0.208
2023,480,Heliot Ramos,LF,SF,25,56,5,10,4,0,1,2,4,20,0,0,0.179,0.233,0.304,0.537,SF,60,0,0,0,1,1.36,5,17,0,.257,.125,56.00,.200,.067,.333
2023,480,Rob Refsnyder,LF,BOS,89,202,31,50,9,1,1,28,33,47,7,2,0.248,0.365,0.317,0.682,BOS,243,5,1,1,8,0.84,11,64,0,.316,.069,202.00,.702,.136,.193
2023,480,Zach Remillard,2B,CWS,54,147,16,37,7,0,1,18,8,48,4,3,0.252,0.295,0.32,0.615,CWS,160,1,4,0,3,1.20,8,47,1,.367,.068,147.00,.167,.050,.300
2023,480,Edwin Rios,DH,CHC,18,28,3,2,1,0,1,2,5,16,0,0,0.071,0.235,0.214,0.449,CHC,34,1,0,0,0,0.43,2,6,0,.091,.143,28.00,.313,.147,.471
2023,480,Nolan Schanuel,1B,LAA,29,109,19,30,3,0,1,6,20,19,0,0,0.275,0.402,0.33,0.732,LAA,132,3,0,0,1,1.31,4,36,1,.326,.055,109.00,1.053,.152,.144
2023,480,Myles Straw,CF,CLE,147,462,52,110,18,3,1,29,42,97,20,6,0.238,0.301,0.297,0.598,CLE,518,2,6,6,10,0.96,22,137,0,.295,.058,462.00,.433,.081,.187
2023,480,Garrett Stubbs,C,PHI,41,113,15,23,4,1,1,12,9,29,2,0,0.204,0.274,0.283,0.557,PHI,125,2,1,0,0,0.68,6,32,0,.265,.080,113.00,.310,.072,.232
2023,480,Brett Sullivan,C,SD,33,81,7,17,3,0,1,6,4,19,0,0,0.21,0.244,0.284,0.528,SD,86,0,0,1,1,0.70,4,23,0,.258,.074,81.00,.211,.047,.221
2023,480,Cody Thomas,RF,OAK,19,42,1,10,3,0,1,2,4,17,0,0,0.238,0.304,0.381,0.685,OAK,46,0,0,0,1,0.88,4,16,0,.375,.143,42.00,.235,.087,.370
2023,480,ForrestF WallWallX,,ATL,15,13,6,6,2,0,1,2,2,4,5,1,0.462,0.533,0.846,1.379,ATL,15,0,0,0,0,0.50,3,11,0,.625,.385,13.00,.500,.133,.267
2023,480,Weston Wilson,LF,PHI,8,16,5,5,0,0,1,2,6,5,3,1,0.313,0.5,0.5,1.0,PHI,22,0,0,0,0,2.00,1,8,0,.400,.188,16.00,1.200,.273,.227
2023,480,Jesse Winker,DH,MIL,61,166,16,33,5,0,1,23,26,51,0,0,0.199,0.32,0.247,0.567,MIL,197,4,0,1,0,0.77,6,41,0,.278,.048,166.00,.510,.132,.259
2023,480,Austin Wynns,C,COL,51,130,11,27,6,0,1,10,9,39,1,0,0.208,0.268,0.277,0.545,COL,145,2,3,1,4,1.13,7,36,0,.286,.069,130.00,.231,.062,.269
2023,539,Jordyn Adams,RF,LAA,17,39,1,5,0,0,0,1,0,16,1,2,0.128,0.125,0.128,0.253,LAA,40,0,0,1,0,0.90,0,5,0,.208,.000,-.--,.---,.000,.400
2023,539,Ty Adcock,P,SEA,12,0,0,0,0,0,0,0,0,0,0,0,0.0,0.0,0.0,0.0,SEA,0,0,0,0,0,-.--,0,0,0,.---,--,-.--,.---,.---,.---
2023,539,Ehire Adrianza,SS,ATL,5,10,0,0,0,0,0,0,1,4,0,0,0.0,0.091,0.0,0.091,ATL,11,0,0,0,0,2.00,0,0,0,.000,.000,-.--,.250,.091,.364
2023,539,Scott Alexander,P,SF,55,0,0,0,0,0,0,0,0,0,0,0,0.0,0.0,0.0,0.0,SF,0,0,0,0,0,-.--,0,0,0,.---,--,-.--,.---,.---,.---
2023,539,AbrahamA AlmonteAlmonteX,,NYM,8,15,1,1,1,0,0,0,1,8,0,0,0.067,0.125,0.133,0.258,NYM,16,0,0,0,0,5.00,1,2,0,.143,.067,-.--,.125,.063,.500
2023,539,Jacob Amaya,SS,MIA,4,9,1,2,0,0,0,2,0,1,1,0,0.222,0.222,0.222,0.444,MIA,9,0,0,0,0,5.00,0,2,0,.250,.000,-.--,.---,.000,.111
2023,539,Bryan Baker,P,BAL,46,0,0,0,0,0,0,0,0,0,0,0,0.0,0.0,0.0,0.0,BAL,0,0,0,0,0,-.--,0,0,0,.---,--,-.--,.---,.---,.---
2023,539,Rylan Bannon,2B,HOU,2,6,0,0,0,0,0,0,0,3,0,0,0.0,0.0,0.0,0.0,HOU,6,0,0,0,0,0.50,0,0,0,.000,.000,-.--,.---,.000,.500
2023,539,Scott Barlow,P,KC,38,0,0,0,0,0,0,0,0,0,0,0,0.0,0.0,0.0,0.0,KC,0,0,0,0,0,-.--,0,0,0,.---,--,-.--,.---,.---,.---
2023,539,Tres Barrera,C,STL,6,2,0,0,0,0,0,0,0,0,0,0,0.0,0.0,0.0,0.0,STL,2,0,0,0,0,0.00,0,0,0,.000,.000,-.--,.---,.000,.000
2023,539,Joey Bart,C,SF,30,87,9,18,5,0,0,5,3,23,0,0,0.207,0.263,0.264,0.527,SF,95,4,0,1,0,0.96,5,23,0,.277,.057,-.--,.130,.032,.242
2023,539,Mike Baumann,P,BAL,60,0,0,0,0,0,0,0,0,0,0,0,0.0,0.0,0.0,0.0,BAL,0,0,0,0,0,-.--,0,0,0,.---,--,-.--,.---,.---,.---
2023,539,Matt Beaty,1B,KC,30,61,8,14,4,0,0,4,6,14,0,0,0.23,0.347,0.295,0.642,KC,72,5,0,0,1,1.06,4,18,0,.298,.066,-.--,.429,.083,.194
2023,539,Anthony Bemboom,C,BAL,6,11,0,2,0,0,0,0,2,2,0,0,0.182,0.308,0.182,0.49,BAL,13,0,0,0,0,0.75,0,2,0,.222,.000,-.--,1.000,.154,.154
2023,539,José Berríos,P,TOR,32,0,0,0,0,0,0,0,0,0,0,0,0.0,0.0,0.0,0.0,TOR,0,0,0,0,0,-.--,0,0,0,.---,--,-.--,.---,.---,.---
2023,539,Matt Brash,P,SEA,78,0,0,0,0,0,0,0,0,0,0,0,0.0,0.0,0.0,0.0,SEA,0,0,0,0,0,-.--,0,0,0,.---,--,-.--,.---,.---,.---
2023,539,Ryan Brasier,P,LAD,39,0,0,0,0,0,0,0,0,0,0,0,0.0,0.0,0.0,0.0,LAD,0,0,0,0,0,-.--,0,0,0,.---,--,-.--,.---,.---,.---
2023,539,Jonah Bride,3B,OAK,40,88,9,15,3,0,0,7,11,22,0,1,0.17,0.286,0.205,0.491,OAK,106,4,1,2,3,1.45,3,18,0,.221,.034,-.--,.500,.104,.208
2023,539,Vidal Bruján,2B,TB,37,76,14,13,2,0,0,6,5,21,3,2,0.171,0.241,0.197,0.438,TB,84,2,1,0,1,1.15,2,15,0,.236,.026,-.--,.238,.060,.250
2023,539,J.B. Bukauskas,P,SEA,1,0,0,0,0,0,0,0,0,0,0,0,0.0,0.0,0.0,0.0,SEA,0,0,0,0,0,-.--,0,0,0,.---,--,-.--,.---,.---,.---
2023,539,Aaron Bummer,P,CWS,61,0,0,0,0,0,0,0,0,0,0,0,0.0,0.0,0.0,0.0,CWS,0,0,0,0,0,-.--,0,0,0,.---,--,-.--,.---,.---,.---
2023,539,Génesis Cabrera,P,STL,32,0,0,0,0,0,0,0,0,0,0,0,0.0,0.0,0.0,0.0,STL,0,0,0,0,0,-.--,0,0,0,.---,--,-.--,.---,.---,.---
2023,539,Johan Camargo,SS,SF,8,18,0,4,0,0,0,2,1,4,0,0,0.222,0.3,0.222,0.522,SF,20,1,0,0,2,2.33,0,4,0,.286,.000,-.--,.250,.050,.200
2023,539,Yennier Cano,P,BAL,72,0,0,0,0,0,0,0,0,0,0,0,0.0,0.0,0.0,0.0,BAL,0,0,0,0,0,-.--,0,0,0,.---,--,-.--,.---,.---,.---
2023,539,Conner Capel,RF,OAK,32,73,6,19,5,0,0,3,12,25,5,3,0.26,0.372,0.329,0.701,OAK,86,1,0,0,1,1.07,5,24,0,.396,.068,-.--,.480,.140,.291
2023,539,Vinny Capra,3B,PIT,9,18,3,3,1,0,0,1,2,5,0,0,0.167,0.25,0.222,0.472,PIT,21,0,1,0,0,1.75,1,4,0,.231,.056,-.--,.400,.095,.238
2023,539,Curt Casali,C,CIN,40,80,8,14,2,0,0,6,11,23,0,0,0.175,0.29,0.2,0.49,CIN,96,2,3,0,1,0.92,2,16,0,.246,.025,-.--,.478,.115,.240
2023,539,DiegoD CastilloCastilloX,,AZ,1,1,0,0,0,0,0,0,0,0,0,0,0.0,0.0,0.0,0.0,AZ,1,0,0,0,0,0.00,0,0,0,.000,.000,-.--,.---,.000,.000
2023,539,Miguel Castro,P,AZ,75,0,0,0,0,0,0,0,0,0,0,0,0.0,0.0,0.0,0.0,AZ,0,0,0,0,0,-.--,0,0,0,.---,--,-.--,.---,.---,.---
2023,539,Andrew Chafin,P,AZ,43,0,0,0,0,0,0,0,0,0,0,0,0.0,0.0,0.0,0.0,AZ,0,0,0,0,0,-.--,0,0,0,.---,--,-.--,.---,.---,.---
2023,539,Aroldis Chapman,P,KC,31,0,0,0,0,0,0,0,0,0,0,0,0.0,0.0,0.0,0.0,KC,0,0,0,0,0,-.--,0,0,0,.---,--,-.--,.---,.---,.---
2023,539,Taylor Clarke,P,KC,58,0,0,0,0,0,0,0,0,0,0,0,0.0,0.0,0.0,0.0,KC,0,0,0,0,0,-.--,0,0,0,.---,--,-.--,.---,.---,.---
2023,539,Dylan Coleman,P,KC,23,0,0,0,0,0,0,0,0,0,0,0,0.0,0.0,0.0,0.0,KC,0,0,0,0,0,-.--,0,0,0,.---,--,-.--,.---,.---,.---
2023,539,Zack Collins,C,CLE,2,4,0,2,0,0,0,0,2,2,0,0,0.5,0.667,0.5,1.167,CLE,6,0,0,0,0,-.--,0,2,0,1.000,.000,-.--,1.000,.333,.333
2023,539,Danny Coulombe,P,BAL,61,0,0,0,0,0,0,0,0,0,0,0,0.0,0.0,0.0,0.0,BAL,0,0,0,0,0,-.--,0,0,0,.---,--,-.--,.---,.---,.---
2023,539,Colton Cowser,RF,BAL,26,61,15,7,2,0,0,4,13,22,1,0,0.115,0.286,0.148,0.434,BAL,77,2,0,1,1,1.06,2,9,0,.175,.033,-.--,.591,.169,.286
2023,539,Austin Cox,P,KC,24,0,0,0,0,0,0,0,0,0,0,0,0.0,0.0,0.0,0.0,KC,0,0,0,0,0,-.--,0,0,0,.---,--,-.--,.---,.---,.---
2023,539,Kutter Crawford,P,BOS,32,0,1,0,0,0,0,0,0,0,0,0,0.0,0.0,0.0,0.0,BOS,0,0,0,0,0,-.--,0,0,0,.---,--,-.--,.---,.---,.---
2023,539,Tyler Cropley,C,KC,2,6,0,1,0,0,0,1,0,2,0,0,0.167,0.143,0.167,0.31,KC,7,0,0,1,0,0.00,0,1,0,.200,.000,-.--,.---,.000,.286
2023,539,Pete Crow-Armstrong,CF,CHC,13,14,3,0,0,0,0,1,3,7,2,2,0.0,0.176,0.0,0.176,CHC,19,0,2,0,0,1.25,0,0,0,.000,.000,-.--,.429,.158,.368
2023,539,CharlieC CulbersonCulbersonX,,ATL,1,1,0,1,0,0,0,0,0,0,0,0,1.0,1.0,1.0,2.0,ATL,1,0,0,0,0,-.--,0,1,0,1.000,.000,-.--,.---,.000,.000
2023,539,Yonathan Daza,CF,COL,24,74,8,20,6,0,0,7,3,13,1,0,0.27,0.304,0.351,0.655,COL,80,1,1,1,5,0.79,6,26,0,.323,.081,-.--,.231,.038,.163
2023,539,José De León,P,MIN,13,0,0,0,0,0,0,0,0,0,0,0,0.0,0.0,0.0,0.0,MIN,0,0,0,0,0,-.--,0,0,0,.---,--,-.--,.---,.---,.---
2023,539,Camilo Doval,P,SF,69,0,0,0,0,0,0,0,0,0,0,0,0.0,0.0,0.0,0.0,SF,0,0,0,0,0,-.--,0,0,0,.---,--,-.--,.---,.---,.---
2023,539,Jeter Downs,SS,WSH,6,5,4,2,0,0,0,1,4,1,2,0,0.4,0.667,0.4,1.067,WSH,9,0,0,0,0,1.00,0,2,0,.500,.000,-.--,4.000,.444,.111
2023,539,Daniel Duarte,P,CIN,31,0,0,0,0,0,0,0,0,0,0,0,0.0,0.0,0.0,0.0,CIN,0,0,0,0,0,-.--,0,0,0,.---,--,-.--,.---,.---,.---
2023,539,Alexis Díaz,P,CIN,71,0,0,0,0,0,0,0,0,0,0,0,0.0,0.0,0.0,0.0,CIN,0,0,0,0,0,-.--,0,0,0,.---,--,-.--,.---,.---,.---
2023,539,IsanI DiazDíaz,2B,DET,8,24,0,1,0,0,0,1,2,9,0,0,0.042,0.115,0.042,0.157,DET,26,0,0,0,0,0.75,0,1,0,.067,.000,-.--,.222,.077,.346
2023,539,Nate Eaton,LF,KC,28,53,2,4,0,0,0,1,2,21,3,0,0.075,0.125,0.075,0.2,KC,56,1,0,0,0,1.15,0,4,0,.125,.000,-.--,.095,.036,.375
2023,539,CamC EdenEdenX,,TOR,5,6,1,1,0,0,0,0,0,2,0,0,0.167,0.167,0.167,0.334,TOR,6,0,0,0,0,2.00,0,1,0,.250,.000,-.--,.---,.000,.333
2023,539,Xavier Edwards,2B,MIA,30,78,12,23,3,0,0,3,3,14,5,0,0.295,0.329,0.333,0.662,MIA,84,1,2,0,1,1.15,3,26,0,.359,.038,-.--,.214,.036,.167
2023,539,Adam Engel,CF,SD,5,6,0,0,0,0,0,0,0,2,0,1,0.0,0.0,0.0,0.0,SD,6,0,0,0,0,1.00,0,0,0,.000,.000,-.--,.---,.000,.333
2023,539,Buck Farmer,P,CIN,71,0,0,0,0,0,0,0,0,0,0,0,0.0,0.0,0.0,0.0,CIN,0,0,0,0,0,-.--,0,0,0,.---,--,-.--,.---,.---,.---
2023,539,Caleb Ferguson,P,LAD,68,0,0,0,0,0,0,0,0,0,0,0,0.0,0.0,0.0,0.0,LAD,0,0,0,0,0,-.--,0,0,0,.---,--,-.--,.---,.---,.---
2023,539,José Fermín,2B,STL,21,51,2,12,1,0,0,4,6,8,0,1,0.235,0.339,0.255,0.594,STL,61,2,2,0,1,0.83,1,13,0,.279,.020,-.--,.750,.098,.131
2023,539,Estevan Florial,CF,NYY,19,61,5,14,3,1,0,8,7,20,3,0,0.23,0.324,0.311,0.635,NYY,71,2,0,1,0,1.15,4,19,0,.333,.082,-.--,.350,.099,.282
2023,539,Clint Frazier,RF,CWS,33,66,10,13,1,1,0,3,10,23,4,2,0.197,0.303,0.242,0.545,CWS,76,0,0,0,0,1.14,2,16,0,.302,.045,-.--,.435,.132,.303
2023,539,Luis Frías,P,AZ,29,0,0,0,0,0,0,0,0,0,0,0,0.0,0.0,0.0,0.0,AZ,0,0,0,0,0,-.--,0,0,0,.---,--,-.--,.---,.---,.---
2023,539,Shintaro Fujinami,P,BAL,30,0,0,0,0,0,0,0,0,0,0,0,0.0,0.0,0.0,0.0,BAL,0,0,0,0,0,-.--,0,0,0,.---,--,-.--,.---,.---,.---
2023,539,Michael Fulmer,P,CHC,58,1,0,0,0,0,0,0,0,1,0,0,0.0,0.0,0.0,0.0,CHC,1,0,0,0,0,-.--,0,0,0,.---,.000,-.--,.---,.000,1.000
2023,539,Cam Gallagher,C,CLE,56,143,6,18,6,0,0,7,4,46,0,0,0.126,0.154,0.168,0.322,CLE,149,1,0,1,3,0.82,6,24,0,.184,.042,-.--,.087,.027,.309
2023,539,Ben Gamel,LF,SD,6,15,2,3,1,0,0,2,0,2,0,0,0.2,0.2,0.267,0.467,SD,15,0,0,0,0,1.50,1,4,0,.231,.067,-.--,.---,.000,.133
2023,539,Ian Gibaut,P,CIN,74,0,0,0,0,0,0,0,0,0,0,0,0.0,0.0,0.0,0.0,CIN,0,0,0,0,0,-.--,0,0,0,.---,--,-.--,.---,.---,.---
2023,539,Kyle Gibson,P,BAL,33,0,0,0,0,0,0,0,0,0,0,0,0.0,0.0,0.0,0.0,BAL,0,0,0,0,0,-.--,0,0,0,.---,--,-.--,.---,.---,.---
2023,539,Logan Gillaspie,P,BAL,11,0,0,0,0,0,0,0,0,0,0,0,0.0,0.0,0.0,0.0,BAL,0,0,0,0,0,-.--,0,0,0,.---,--,-.--,.---,.---,.---
2023,539,Kevin Ginkel,P,AZ,60,0,0,0,0,0,0,0,0,0,0,0,0.0,0.0,0.0,0.0,AZ,0,0,0,0,0,-.--,0,0,0,.---,--,-.--,.---,.---,.---
2023,539,Victor González,P,LAD,34,0,0,0,0,0,0,0,0,0,0,0,0.0,0.0,0.0,0.0,LAD,0,0,0,0,0,-.--,0,0,0,.---,--,-.--,.---,.---,.---
2023,539,Brusdar Graterol,P,LAD,68,0,0,0,0,0,0,0,0,0,0,0,0.0,0.0,0.0,0.0,LAD,0,0,0,0,0,-.--,0,0,0,.---,--,-.--,.---,.---,.---
2023,539,Kendall Graveman,P,HOU,23,0,0,0,0,0,0,0,0,0,0,0,0.0,0.0,0.0,0.0,HOU,0,0,0,0,0,-.--,0,0,0,.---,--,-.--,.---,.---,.---
2023,539,Jon Gray,P,TEX,29,0,0,0,0,0,0,0,0,0,0,0,0.0,0.0,0.0,0.0,TEX,0,0,0,0,0,-.--,0,0,0,.---,--,-.--,.---,.---,.---
2023,539,Zack Greinke,P,KC,30,0,0,0,0,0,0,0,0,0,0,0,0.0,0.0,0.0,0.0,KC,0,0,0,0,0,-.--,0,0,0,.---,--,-.--,.---,.---,.---
2023,539,Vaughn Grissom,SS,ATL,23,75,5,21,3,1,0,9,2,15,0,1,0.28,0.313,0.347,0.66,ATL,80,2,0,1,2,1.50,4,26,0,.344,.067,-.--,.133,.025,.188
2023,539,Dalton Guthrie,LF,PHI,23,24,4,4,1,0,0,0,3,7,0,0,0.167,0.286,0.208,0.494,PHI,28,1,0,0,0,0.30,1,5,0,.235,.042,-.--,.429,.107,.250
2023,539,Josh Hader,P,SD,61,0,0,0,0,0,0,0,0,0,0,0,0.0,0.0,0.0,0.0,SD,0,0,0,0,0,-.--,0,0,0,.---,--,-.--,.---,.---,.---
2023,539,DL Hall,P,BAL,18,0,0,0,0,0,0,0,0,0,0,0,0.0,0.0,0.0,0.0,BAL,0,0,0,0,0,-.--,0,0,0,.---,--,-.--,.---,.---,.---
2023,539,BillyB HamiltonHamiltonX,,CWS,3,2,2,0,0,0,0,0,0,1,2,0,0.0,0.0,0.0,0.0,CWS,2,0,0,0,0,0.00,0,0,0,.000,.000,-.--,.---,.000,.500
2023,539,Caleb Hamilton,C,BOS,4,5,0,0,0,0,0,0,1,5,0,0,0.0,0.167,0.0,0.167,BOS,6,0,0,0,0,-.--,0,0,0,.---,.000,-.--,.200,.167,.833
2023,539,David Hamilton,SS,BOS,15,33,2,4,2,0,0,0,6,10,2,1,0.121,0.256,0.182,0.438,BOS,39,0,0,0,1,1.11,2,6,0,.174,.061,-.--,.600,.154,.256
2023,539,Adam Haseley,RF,CWS,28,36,6,8,2,0,0,2,3,8,1,0,0.222,0.282,0.278,0.56,CWS,39,0,0,0,1,1.22,2,10,0,.286,.056,-.--,.375,.077,.205
2023,539,Taylor Hearn,P,TEX,4,0,0,0,0,0,0,0,0,0,0,0,0.0,0.0,0.0,0.0,TEX,0,0,0,0,0,-.--,0,0,0,.---,--,-.--,.---,.---,.---
2023,539,Jonathan Heasley,P,KC,12,0,0,0,0,0,0,0,0,0,0,0,0.0,0.0,0.0,0.0,KC,0,0,0,0,0,-.--,0,0,0,.---,--,-.--,.---,.---,.---
2023,539,Tyler Heineman,C,TOR,22,38,5,9,1,1,0,3,8,8,1,0,0.237,0.383,0.316,0.699,TOR,47,1,0,0,0,0.50,2,12,0,.300,.079,-.--,1.000,.170,.170
2023,539,Ryan Helsley,P,STL,33,0,0,0,0,0,0,0,0,0,0,0,0.0,0.0,0.0,0.0,STL,0,0,0,0,0,-.--,0,0,0,.---,--,-.--,.---,.---,.---
2023,539,Carlos Hernández,P,KC,67,0,0,0,0,0,0,0,0,0,0,0,0.0,0.0,0.0,0.0,KC,0,0,0,0,0,-.--,0,0,0,.---,--,-.--,.---,.---,.---
2023,539,Yonny Hernández,2B,LAD,14,22,5,3,1,0,0,4,2,8,0,0,0.136,0.231,0.182,0.413,LAD,27,1,1,1,0,0.86,1,4,0,.200,.045,-.--,.250,.074,.296
2023,539,Iván Herrera,C,STL,13,37,6,11,2,0,0,4,5,11,0,0,0.297,0.409,0.351,0.76,STL,44,2,0,0,1,0.88,2,13,0,.423,.054,-.--,.455,.114,.250
2023,539,Jose Herrera,C,AZ,43,101,15,21,5,0,0,7,13,30,1,0,0.208,0.296,0.257,0.553,AZ,120,0,5,1,2,1.24,5,26,0,.292,.050,-.--,.433,.108,.250
2023,539,Derek Hill,CF,WSH,13,47,3,8,1,0,0,1,3,11,1,0,0.17,0.22,0.191,0.411,WSH,50,0,0,0,0,1.15,1,9,0,.222,.021,-.--,.273,.060,.220
2023,539,Bryan Hoeing,P,MIA,33,0,0,0,0,0,0,0,0,0,0,0,0.0,0.0,0.0,0.0,MIA,0,0,0,0,0,-.--,0,0,0,.---,--,-.--,.---,.---,.---
2023,539,TJT HopkinsHopkinsX,,CIN,25,41,7,7,0,0,0,1,2,17,1,0,0.171,0.227,0.171,0.398,CIN,44,1,0,0,1,2.40,0,7,0,.292,.000,-.--,.118,.045,.386
2023,539,Cooper Hummel,DH,SEA,10,23,2,2,1,0,0,0,2,9,1,0,0.087,0.192,0.13,0.322,SEA,26,1,0,0,1,3.00,1,3,0,.143,.043,-.--,.222,.077,.346
2023,539,Tommy Hunter,P,NYM,14,0,0,0,0,0,0,0,0,0,0,0,0.0,0.0,0.0,0.0,NYM,0,0,0,0,0,-.--,0,0,0,.---,--,-.--,.---,.---,.---
2023,539,Drey Jameson,P,AZ,15,0,0,0,0,0,0,0,0,0,0,0,0.0,0.0,0.0,0.0,AZ,0,0,0,0,0,-.--,0,0,0,.---,--,-.--,.---,.---,.---
2023,539,Kenley Jansen,P,BOS,51,0,0,0,0,0,0,0,0,0,0,0,0.0,0.0,0.0,0.0,BOS,0,0,0,0,0,-.--,0,0,0,.---,--,-.--,.---,.---,.---
2023,539,Bryce Jarvis,P,AZ,11,0,0,0,0,0,0,0,0,0,0,0,0.0,0.0,0.0,0.0,AZ,0,0,0,0,0,-.--,0,0,0,.---,--,-.--,.---,.---,.---
2023,539,Joe Jiménez,P,ATL,59,0,0,0,0,0,0,0,0,0,0,0,0.0,0.0,0.0,0.0,ATL,0,0,0,0,0,-.--,0,0,0,.---,--,-.--,.---,.---,.---
2023,539,Pierce Johnson,P,COL,43,0,0,0,0,0,0,0,0,0,0,0,0.0,0.0,0.0,0.0,COL,0,0,0,0,0,-.--,0,0,0,.---,--,-.--,.---,.---,.---
2023,539,Jahmai Jones,DH,MIL,7,10,2,2,1,0,0,3,1,5,1,0,0.2,0.273,0.3,0.573,MIL,11,0,0,0,0,0.50,1,3,0,.400,.100,-.--,.200,.091,.455
2023,539,Jakob Junis,P,SF,40,0,0,0,0,0,0,0,0,0,0,0,0.0,0.0,0.0,0.0,SF,0,0,0,0,0,-.--,0,0,0,.---,--,-.--,.---,.---,.---
2023,539,Connor Kaiser,SS,COL,3,4,0,0,0,0,0,0,0,2,0,0,0.0,0.0,0.0,0.0,COL,4,0,0,0,0,1.00,0,0,0,.000,.000,-.--,.---,.000,.500
2023,539,Karl Kauffmann,P,COL,11,0,0,0,0,0,0,0,0,0,0,0,0.0,0.0,0.0,0.0,COL,0,0,0,0,0,-.--,0,0,0,.---,--,-.--,.---,.---,.---
2023,539,Anthony Kay,P,CHC,13,0,0,0,0,0,0,0,0,0,0,0,0.0,0.0,0.0,0.0,CHC,0,0,0,0,0,-.--,0,0,0,.---,--,-.--,.---,.---,.---
2023,539,Buddy Kennedy,3B,AZ,10,24,1,4,1,0,0,1,4,6,0,0,0.167,0.31,0.208,0.518,AZ,29,1,0,0,0,0.56,1,5,0,.222,.042,-.--,.667,.138,.207
2023,539,John King,P,TEX,15,0,0,0,0,0,0,0,0,0,0,0,0.0,0.0,0.0,0.0,TEX,0,0,0,0,0,-.--,0,0,0,.---,--,-.--,.---,.---,.---
2023,539,Taylor Kohlwey,LF,SD,5,13,0,2,0,0,0,0,0,5,0,0,0.154,0.154,0.154,0.308,SD,13,0,0,0,0,0.50,0,2,0,.250,.000,-.--,.---,.000,.385
2023,539,Mark Kolozsvary,C,BAL,1,0,0,0,0,0,0,0,0,0,0,0,0.0,0.0,0.0,0.0,BAL,0,0,0,0,0,-.--,0,0,0,.---,--,-.--,.---,.---,.---
2023,539,Ryan Kreidler,2B,DET,11,18,2,2,0,0,0,0,0,7,0,0,0.111,0.111,0.111,0.222,DET,18,0,0,0,0,1.25,0,2,0,.182,.000,-.--,.---,.000,.389
2023,539,Tommy La Stella,DH,SEA,12,21,2,4,1,0,0,2,3,5,0,0,0.19,0.292,0.238,0.53,SEA,24,0,0,0,0,0.71,1,5,0,.250,.048,-.--,.600,.125,.208
2023,539,Alex Lange,P,DET,67,0,0,0,0,0,0,0,0,0,0,0,0.0,0.0,0.0,0.0,DET,0,0,0,0,0,-.--,0,0,0,.---,--,-.--,.---,.---,.---
2023,539,Derek Law,P,CIN,54,0,0,0,0,0,0,0,0,0,0,0,0.0,0.0,0.0,0.0,CIN,0,0,0,0,0,-.--,0,0,0,.---,--,-.--,.---,.---,.---
2023,539,Jordan Lawlar,SS,AZ,14,31,2,4,0,0,0,0,2,11,1,1,0.129,0.206,0.129,0.335,AZ,34,1,0,0,0,1.00,0,4,0,.200,.000,-.--,.182,.059,.324
2023,539,Justin Lawrence,P,COL,69,0,0,0,0,0,0,0,0,0,0,0,0.0,0.0,0.0,0.0,COL,0,0,0,0,0,-.--,0,0,0,.---,--,-.--,.---,.---,.---
2023,539,MarkM Leiter Jr.Leiter,P,CHC,69,0,0,0,0,0,0,0,0,0,0,0,0.0,0.0,0.0,0.0,CHC,0,0,0,0,0,-.--,0,0,0,.---,--,-.--,.---,.---,.---
2023,539,Josh Lester,1B,BAL,11,22,0,4,0,0,0,4,1,7,0,0,0.182,0.217,0.182,0.399,BAL,23,0,0,0,1,4.50,0,4,0,.267,.000,-.--,.143,.043,.304
2023,539,Sandy León,C,TEX,22,41,4,6,2,0,0,4,1,20,0,0,0.146,0.186,0.195,0.381,TEX,44,1,1,0,2,1.29,2,8,0,.286,.049,-.--,.050,.023,.455
2023,539,Luke Little,P,CHC,7,0,0,0,0,0,0,0,0,0,0,0,0.0,0.0,0.0,0.0,CHC,0,0,0,0,0,-.--,0,0,0,.---,--,-.--,.---,.---,.---
2023,539,Nick Loftin,1B,KC,19,62,10,20,5,1,0,10,4,12,2,0,0.323,0.368,0.435,0.803,KC,68,1,0,1,0,1.38,6,27,0,.392,.113,-.--,.333,.059,.176
2023,539,Irving Lopez,3B,STL,5,11,0,0,0,0,0,1,0,5,0,0,0.0,0.0,0.0,0.0,STL,12,0,0,1,0,0.75,0,0,0,.000,.000,-.--,.---,.000,.417
2023,539,Alejo Lopez,2B,CIN,1,2,1,1,1,0,0,1,0,1,0,0,0.5,0.5,1.0,1.5,CIN,2,0,0,0,0,-.--,1,2,0,1.000,.500,-.--,.---,.000,.500
2023,539,Marco Luciano,SS,SF,14,39,4,9,3,0,0,0,6,17,1,0,0.231,0.333,0.308,0.641,SF,45,0,0,0,0,2.25,3,12,0,.409,.077,-.--,.353,.133,.378
2023,539,NathanN LukesLukesX,,TOR,29,26,4,5,1,1,0,2,4,9,0,0,0.192,0.29,0.308,0.598,TOR,31,0,0,1,1,0.44,2,8,0,.278,.115,-.--,.444,.129,.290
2023,539,BlighB MadrisMadrisX,,HOU,12,26,4,4,1,0,0,0,4,7,0,0,0.154,0.267,0.192,0.459,HOU,30,0,0,0,0,0.88,1,5,0,.211,.038,-.--,.571,.133,.233
2023,539,DrewD MaggiMaggiX,,PIT,3,6,1,2,1,0,0,1,0,1,0,0,0.333,0.333,0.5,0.833,PIT,6,0,0,0,0,0.50,1,3,0,.400,.167,-.--,.---,.000,.167
2023,539,Chris Martin,P,BOS,55,0,0,0,0,0,0,0,0,0,0,0,0.0,0.0,0.0,0.0,BOS,0,0,0,0,0,-.--,0,0,0,.---,--,-.--,.---,.---,.---
2023,539,Seth Martinez,P,HOU,35,0,0,0,0,0,0,0,0,0,0,0,0.0,0.0,0.0,0.0,HOU,0,0,0,0,0,-.--,0,0,0,.---,--,-.--,.---,.---,.---
2023,539,Mark Mathias,2B,SF,27,62,6,14,2,0,0,6,10,15,3,0,0.226,0.333,0.258,0.591,SF,72,0,0,0,4,3.13,2,16,0,.298,.032,-.--,.667,.139,.208
2023,539,Phil Maton,P,HOU,68,0,0,0,0,0,0,0,0,0,0,0,0.0,0.0,0.0,0.0,HOU,0,0,0,0,0,-.--,0,0,0,.---,--,-.--,.---,.---,.---
2023,539,Tim Mayza,P,TOR,69,0,0,0,0,0,0,0,0,0,0,0,0.0,0.0,0.0,0.0,TOR,0,0,0,0,0,-.--,0,0,0,.---,--,-.--,.---,.---,.---
2023,539,James McArthur,P,KC,18,0,0,0,0,0,0,0,0,0,0,0,0.0,0.0,0.0,0.0,KC,0,0,0,0,0,-.--,0,0,0,.---,--,-.--,.---,.---,.---
2023,539,Mason McCoy,SS,TOR,6,1,2,0,0,0,0,0,0,1,0,0,0.0,0.0,0.0,0.0,TOR,1,0,0,0,0,-.--,0,0,0,.---,.000,-.--,.---,.000,1.000
2023,539,Scott McGough,P,AZ,63,0,0,0,0,0,0,0,0,0,0,0,0.0,0.0,0.0,0.0,AZ,0,0,0,0,0,-.--,0,0,0,.---,--,-.--,.---,.---,.---
2023,539,Austin Meadows,LF,DET,6,21,0,5,1,0,0,2,0,3,0,0,0.238,0.238,0.286,0.524,DET,21,0,0,0,0,0.86,1,6,0,.278,.048,-.--,.---,.000,.143
2023,539,Wade Meckler,CF,SF,20,56,6,13,1,0,0,4,6,25,0,0,0.232,0.328,0.25,0.578,SF,64,2,0,0,0,1.25,1,14,0,.419,.018,-.--,.240,.094,.391
2023,539,Óscar Mercado,RF,STL,20,31,3,9,3,0,0,5,1,4,2,1,0.29,0.313,0.387,0.7,STL,32,0,0,0,0,0.50,3,12,0,.333,.097,-.--,.250,.031,.125
2023,539,Julian Merryweather,P,CHC,69,0,0,0,0,0,0,0,0,0,0,0,0.0,0.0,0.0,0.0,CHC,0,0,0,0,0,-.--,0,0,0,.---,--,-.--,.---,.---,.---
2023,539,Shelby Miller,P,LAD,36,1,0,0,0,0,0,0,0,0,0,0,0.0,0.0,0.0,0.0,LAD,1,0,0,0,0,1.00,0,0,0,.000,.000,-.--,.---,.000,.000
2023,539,Cal Mitchell,RF,PIT,2,4,0,0,0,0,0,0,1,1,0,0,0.0,0.2,0.0,0.2,PIT,5,0,0,0,0,2.00,0,0,0,.000,.000,-.--,1.000,.200,.200
2023,539,Rafael Montero,P,HOU,68,0,0,0,0,0,0,0,0,0,0,0,0.0,0.0,0.0,0.0,HOU,0,0,0,0,0,-.--,0,0,0,.---,--,-.--,.---,.---,.---
2023,539,JovaniJ MoránMoran,P,MIN,43,0,0,0,0,0,0,0,0,0,0,0,0.0,0.0,0.0,0.0,MIN,0,0,0,0,0,-.--,0,0,0,.---,--,-.--,.---,.---,.---
2023,539,Taylor Motter,2B,STL,29,76,3,13,3,0,0,2,5,31,0,0,0.171,0.232,0.211,0.443,STL,82,1,0,0,0,0.60,3,16,0,.289,.039,-.--,.161,.061,.378
2023,539,Penn Murfee,P,SEA,16,0,0,0,0,0,0,0,0,0,0,0,0.0,0.0,0.0,0.0,SEA,0,0,0,0,0,-.--,0,0,0,.---,--,-.--,.---,.---,.---
2023,539,Andrés Muñoz,P,SEA,52,0,0,0,0,0,0,0,0,0,0,0,0.0,0.0,0.0,0.0,SEA,0,0,0,0,0,-.--,0,0,0,.---,--,-.--,.---,.---,.---
2023,539,James Naile,P,STL,10,0,0,0,0,0,0,0,0,0,0,0,0.0,0.0,0.0,0.0,STL,0,0,0,0,0,-.--,0,0,0,.---,--,-.--,.---,.---,.---
2023,539,Tyler Naquin,LF,CWS,5,8,0,0,0,0,0,0,0,7,0,0,0.0,0.0,0.0,0.0,CWS,8,0,0,0,0,1.00,0,0,0,.000,.000,-.--,.---,.000,.875
2023,539,Andrew Nardi,P,MIA,63,0,0,0,0,0,0,0,0,0,0,0,0.0,0.0,0.0,0.0,MIA,0,0,0,0,0,-.--,0,0,0,.---,--,-.--,.---,.---,.---
2023,539,Kyle Nelson,P,AZ,68,0,0,0,0,0,0,0,0,0,0,0,0.0,0.0,0.0,0.0,AZ,0,0,0,0,0,-.--,0,0,0,.---,--,-.--,.---,.---,.---
2023,539,Héctor Neris,P,HOU,71,0,0,0,0,0,0,0,0,0,0,0,0.0,0.0,0.0,0.0,HOU,0,0,0,0,0,-.--,0,0,0,.---,--,-.--,.---,.---,.---
2023,539,Tomás Nido,C,NYM,22,56,5,7,0,0,0,1,2,18,0,0,0.125,0.153,0.125,0.278,NYM,61,0,2,1,2,1.62,0,7,0,.179,.000,-.--,.111,.033,.295
2023,539,Brian O'Keefe,C,SEA,8,19,0,2,2,0,0,2,2,7,0,0,0.105,0.19,0.211,0.401,SEA,21,0,0,0,2,0.43,2,4,0,.167,.105,-.--,.286,.095,.333
2023,539,Chris Okey,C,LAA,2,2,0,0,0,0,0,0,0,2,0,0,0.0,0.0,0.0,0.0,LAA,2,0,0,0,0,-.--,0,0,0,.---,.000,-.--,.---,.000,1.000
2023,539,Jonathan Ornelas,SS,TEX,8,7,2,1,0,0,0,0,0,4,0,0,0.143,0.25,0.143,0.393,TEX,8,1,0,0,0,0.00,0,1,0,.333,.000,-.--,.---,.000,.500
2023,539,Joey Ortiz,2B,BAL,15,33,4,7,1,0,0,4,0,9,0,0,0.212,0.206,0.242,0.448,BAL,34,0,0,1,2,1.57,1,8,0,.280,.030,-.--,.---,.000,.265
2023,539,Chris Owings,SS,PIT,11,25,0,4,0,0,0,0,0,12,0,0,0.16,0.16,0.16,0.32,PIT,25,0,0,0,1,0.80,0,4,0,.308,.000,-.--,.---,.000,.480
2023,539,Chris Paddack,P,MIN,3,0,0,0,0,0,0,0,0,0,0,0,0.0,0.0,0.0,0.0,MIN,0,0,0,0,0,-.--,0,0,0,.---,--,-.--,.---,.---,.---
2023,539,Kevin Padlo,1B,LAA,3,8,1,1,1,0,0,0,0,0,0,0,0.125,0.125,0.25,0.375,LAA,8,0,0,0,1,0.75,1,2,0,.125,.125,-.--,.---,.000,.000
2023,539,Emilio Pagán,P,MIN,66,0,0,0,0,0,0,0,0,0,0,0,0.0,0.0,0.0,0.0,MIN,0,0,0,0,0,-.--,0,0,0,.---,--,-.--,.---,.---,.---
2023,539,Kyren Paris,SS,LAA,15,40,4,4,0,0,0,1,4,17,3,0,0.1,0.2,0.1,0.3,LAA,46,1,1,0,0,1.50,0,4,0,.174,.000,-.--,.235,.087,.370
2023,539,Everson Pereira,LF,NYY,27,93,6,14,4,0,0,10,8,40,4,0,0.151,0.233,0.194,0.427,NYY,103,2,0,0,1,1.05,4,18,0,.264,.043,-.--,.200,.078,.388
2023,539,Nick Pivetta,P,BOS,38,0,0,0,0,0,0,0,0,0,0,0,0.0,0.0,0.0,0.0,BOS,0,0,0,0,0,-.--,0,0,0,.---,--,-.--,.---,.---,.---
2023,539,Ryan Pressly,P,HOU,65,0,0,0,0,0,0,0,0,0,0,0,0.0,0.0,0.0,0.0,HOU,0,0,0,0,0,-.--,0,0,0,.---,--,-.--,.---,.---,.---
2023,539,Cionel Pérez,P,BAL,65,0,0,0,0,0,0,0,0,0,0,0,0.0,0.0,0.0,0.0,BAL,0,0,0,0,0,-.--,0,0,0,.---,--,-.--,.---,.---,.---
2023,539,Michael Pérez,C,NYM,3,8,1,4,1,0,0,0,0,1,0,0,0.5,0.5,0.625,1.125,NYM,8,0,0,0,0,2.00,1,5,0,.571,.125,-.--,.---,.000,.125
2023,539,Roberto Pérez,C,SF,5,15,0,2,0,0,0,1,2,6,0,0,0.133,0.235,0.133,0.368,SF,17,0,0,0,0,2.50,0,2,0,.222,.000,-.--,.333,.118,.353
2023,539,Juniel Querecuto,3B,STL,9,20,2,2,1,0,0,0,1,6,0,0,0.1,0.143,0.15,0.293,STL,21,0,0,0,0,1.40,1,3,0,.143,.050,-.--,.167,.048,.286
2023,539,Cole Ragans,P,TEX,17,0,0,0,0,0,0,0,0,0,0,0,0.0,0.0,0.0,0.0,TEX,0,0,0,0,0,-.--,0,0,0,.---,--,-.--,.---,.---,.---
2023,539,Brooks Raley,P,NYM,66,0,0,0,0,0,0,0,0,0,0,0,0.0,0.0,0.0,0.0,NYM,0,0,0,0,0,-.--,0,0,0,.---,--,-.--,.---,.---,.---
2023,539,Henry Ramos,RF,CIN,23,74,9,18,3,1,0,5,11,21,2,1,0.243,0.349,0.311,0.66,CIN,86,1,0,0,2,1.19,4,23,0,.340,.068,-.--,.524,.128,.244
2023,539,Matt Reynolds,3B,CIN,2,5,1,1,0,0,0,0,0,3,0,0,0.2,0.2,0.2,0.4,CIN,5,0,0,0,0,0.00,0,1,0,.500,.000,-.--,.---,.000,.600
2023,539,Victor Robles,CF,WSH,36,107,15,32,5,1,0,8,11,18,8,1,0.299,0.385,0.364,0.749,WSH,126,4,4,0,3,1.35,6,39,0,.360,.065,-.--,.611,.087,.143
2023,539,Brayan Rocchio,SS,CLE,23,81,9,20,6,0,0,8,4,27,0,0,0.247,0.279,0.321,0.6,CLE,86,0,0,1,4,2.50,6,26,0,.364,.074,-.--,.148,.047,.314
2023,539,JoséJ RodríguezRodriguez,2B,CWS,1,0,1,0,0,0,0,0,0,0,0,0,0.0,0.0,0.0,0.0,CWS,0,0,0,0,0,-.--,0,0,0,.---,--,-.--,.---,.---,.---
2023,539,Taylor Rogers,P,SF,60,0,0,0,0,0,0,0,0,0,0,0,0.0,0.0,0.0,0.0,SF,0,0,0,0,0,-.--,0,0,0,.---,--,-.--,.---,.---,.---
2023,539,Tyler Rogers,P,SF,68,0,0,0,0,0,0,0,0,0,0,0,0.0,0.0,0.0,0.0,SF,0,0,0,0,0,-.--,0,0,0,.---,--,-.--,.---,.---,.---
2023,539,Jordan Romano,P,TOR,59,0,0,0,0,0,0,0,0,0,0,0,0.0,0.0,0.0,0.0,TOR,0,0,0,0,0,-.--,0,0,0,.---,--,-.--,.---,.---,.---
2023,539,JoJo Romero,P,STL,27,0,0,0,0,0,0,0,0,0,0,0,0.0,0.0,0.0,0.0,STL,0,0,0,0,0,-.--,0,0,0,.---,--,-.--,.---,.---,.---
2023,539,Michael Rucker,P,CHC,35,0,0,0,0,0,0,0,0,0,0,0,0.0,0.0,0.0,0.0,CHC,0,0,0,0,0,-.--,0,0,0,.---,--,-.--,.---,.---,.---
2023,539,Darin Ruf,DH,MIL,20,49,3,11,3,0,0,3,8,16,0,0,0.224,0.333,0.286,0.619,MIL,57,0,0,0,0,1.00,3,14,0,.333,.061,-.--,.500,.140,.281
2023,539,José Ruiz,P,AZ,34,0,0,0,0,0,0,0,0,0,0,0,0.0,0.0,0.0,0.0,AZ,0,0,0,0,0,-.--,0,0,0,.---,--,-.--,.---,.---,.---
2023,539,Blake Rutherford,LF,WSH,16,35,4,6,0,0,0,2,1,10,0,0,0.171,0.194,0.171,0.365,WSH,36,0,0,0,1,2.17,0,6,0,.240,.000,-.--,.100,.028,.278
2023,539,César Salazar,C,HOU,13,18,1,2,0,0,0,0,1,6,0,0,0.111,0.158,0.111,0.269,HOU,19,0,0,0,1,0.67,0,2,0,.167,.000,-.--,.167,.053,.316
2023,539,Cole Sands,P,MIN,15,0,0,0,0,0,0,0,0,0,0,0,0.0,0.0,0.0,0.0,MIN,0,0,0,0,0,-.--,0,0,0,.---,--,-.--,.---,.---,.---
2023,539,Tony Santillan,P,CIN,3,0,0,0,0,0,0,0,0,0,0,0,0.0,0.0,0.0,0.0,CIN,0,0,0,0,0,-.--,0,0,0,.---,--,-.--,.---,.---,.---
2023,539,Tayler Saucedo,P,SEA,52,0,0,0,0,0,0,0,0,0,0,0,0.0,0.0,0.0,0.0,SEA,0,0,0,0,0,-.--,0,0,0,.---,--,-.--,.---,.---,.---
2023,539,Josh Sborz,P,TEX,44,1,0,0,0,0,0,0,0,1,0,0,0.0,0.0,0.0,0.0,TEX,1,0,0,0,0,-.--,0,0,0,.---,.000,-.--,.---,.000,1.000
2023,539,Jonathan Schoop,2B,DET,55,136,15,29,8,0,0,7,13,37,0,0,0.213,0.278,0.272,0.55,DET,151,0,0,2,6,0.89,8,37,0,.287,.059,-.--,.351,.086,.245
2023,539,John Schreiber,P,BOS,46,0,0,0,0,0,0,0,0,0,0,0,0.0,0.0,0.0,0.0,BOS,0,0,0,0,0,-.--,0,0,0,.---,--,-.--,.---,.---,.---
2023,539,TaylerTa Scott,P,BOS,10,0,0,0,0,0,0,0,0,0,0,0,0.0,0.0,0.0,0.0,BOS,0,0,0,0,0,-.--,0,0,0,.---,--,-.--,.---,.---,.---
2023,539,ChandlerC SeagleSeagleX,,SD,1,1,0,0,0,0,0,0,0,0,0,0,0.0,0.0,0.0,0.0,SD,1,0,0,0,0,1.00,0,0,0,.000,.000,-.--,.---,.000,.000
2023,539,Brian Serven,C,COL,11,23,0,3,1,0,0,1,0,10,0,0,0.13,0.13,0.174,0.304,COL,23,0,0,0,0,0.43,1,4,0,.231,.043,-.--,.---,.000,.435
2023,539,Paul Sewald,P,AZ,65,0,0,0,0,0,0,0,0,0,0,0,0.0,0.0,0.0,0.0,AZ,0,0,0,0,0,-.--,0,0,0,.---,--,-.--,.---,.---,.---
2023,539,Braden Shewmake,SS,ATL,2,4,0,0,0,0,0,0,0,1,0,0,0.0,0.0,0.0,0.0,ATL,4,0,0,0,0,2.00,0,0,0,.000,.000,-.--,.---,.000,.250
2023,539,MichaelM SianiSianiX,,STL,8,5,1,0,0,0,0,0,1,1,1,1,0.0,0.167,0.0,0.167,STL,6,0,0,0,0,1.00,0,0,0,.000,.000,-.--,1.000,.167,.167
2023,539,Lucas Sims,P,CIN,67,0,0,0,0,0,0,0,0,0,0,0,0.0,0.0,0.0,0.0,CIN,0,0,0,0,0,-.--,0,0,0,.---,--,-.--,.---,.---,.---
2023,539,Drew Smith,P,NYM,63,0,0,0,0,0,0,0,0,0,0,0,0.0,0.0,0.0,0.0,NYM,0,0,0,0,0,-.--,0,0,0,.---,--,-.--,.---,.---,.---
2023,539,Will Smith,P,TEX,60,0,0,0,0,0,0,0,0,0,0,0,0.0,0.0,0.0,0.0,LAD,554,15,0,12,8,0.66,42,203,2,0.277,0.177,24.42,0.708,0.114,0.161
2023,539,Will Smith,P,TEX,60,0,0,0,0,0,0,0,0,0,0,0,0.0,0.0,0.0,0.0,TEX,0,0,0,0,0,-.--,0,0,0,.---,--,-.--,.---,.---,.---
2023,539,Canaan Smith-Njigba,RF,PIT,15,32,3,4,1,1,0,5,4,16,1,0,0.125,0.216,0.219,0.435,PIT,37,0,0,1,1,3.33,2,7,0,.235,.094,-.--,.250,.108,.432
2023,539,Drew Smyly,P,CHC,41,0,0,0,0,0,0,0,0,0,0,0,0.0,0.0,0.0,0.0,CHC,0,0,0,0,0,-.--,0,0,0,.---,--,-.--,.---,.---,.---
2023,539,NickN SolakSolakX,,DET,2,0,1,0,0,0,0,0,0,0,0,0,0.0,0.0,0.0,0.0,DET,0,0,0,0,0,-.--,0,0,0,.---,--,-.--,.---,.---,.---
2023,539,Livan Soto,2B,LAA,4,9,2,2,0,0,0,0,3,2,0,0,0.222,0.417,0.222,0.639,LAA,12,0,0,0,0,0.25,0,2,0,.286,.000,-.--,1.500,.250,.167
2023,539,Carson Spiers,P,CIN,4,0,0,0,0,0,0,0,0,0,0,0,0.0,0.0,0.0,0.0,CIN,0,0,0,0,0,-.--,0,0,0,.---,--,-.--,.---,.---,.---
2023,539,Ryne Stanek,P,HOU,55,0,0,0,0,0,0,0,0,0,0,0,0.0,0.0,0.0,0.0,HOU,0,0,0,0,0,-.--,0,0,0,.---,--,-.--,.---,.---,.---
2023,539,MichaelM StefanicStefanicX,,LAA,25,62,5,18,2,1,0,6,8,8,0,1,0.29,0.38,0.355,0.735,LAA,71,1,0,0,0,0.80,3,22,0,.333,.065,-.--,1.000,.113,.113
2023,539,Andrew Stevenson,CF,MIN,25,37,4,7,1,0,0,1,2,8,4,1,0.189,0.25,0.216,0.466,MIN,40,1,0,0,0,1.75,1,8,0,.241,.027,-.--,.250,.050,.200
2023,539,Cal Stevenson,CF,SF,6,9,1,0,0,0,0,0,3,2,0,0,0.0,0.25,0.0,0.25,SF,12,0,0,0,0,1.33,0,0,0,.000,.000,-.--,1.500,.250,.167
2023,539,Kyle Stowers,RF,BAL,14,30,1,2,0,0,0,0,3,12,0,0,0.067,0.152,0.067,0.219,BAL,33,0,0,0,1,1.67,0,2,0,.111,.000,-.--,.250,.091,.364
2023,539,Robert Suarez,P,SD,27,0,0,0,0,0,0,0,0,0,0,0,0.0,0.0,0.0,0.0,SD,0,0,0,0,0,-.--,0,0,0,.---,--,-.--,.---,.---,.---
2023,539,Brent Suter,P,COL,57,0,0,0,0,0,0,0,0,0,0,0,0.0,0.0,0.0,0.0,COL,0,0,0,0,0,-.--,0,0,0,.---,--,-.--,.---,.---,.---
2023,539,Domingo Tapia,P,SD,15,0,0,0,0,0,0,0,0,0,0,0,0.0,0.0,0.0,0.0,SD,0,0,0,0,0,-.--,0,0,0,.---,--,-.--,.---,.---,.---
2023,539,Samad Taylor,LF,KC,31,60,11,12,2,1,0,4,7,22,8,0,0.2,0.279,0.267,0.546,KC,69,0,1,1,1,1.15,3,16,0,.308,.067,-.--,.318,.101,.319
2023,539,José Tena,SS,CLE,18,31,2,7,2,0,0,3,3,13,0,0,0.226,0.294,0.29,0.584,CLE,34,0,0,0,0,0.83,2,9,0,.389,.065,-.--,.231,.088,.382
2023,539,Bubba Thompson,LF,TEX,37,53,10,9,4,1,0,4,4,16,4,2,0.17,0.237,0.283,0.52,TEX,60,1,1,1,0,1.31,5,15,0,.237,.113,-.--,.250,.067,.267
2023,539,Justin Topa,P,SEA,75,0,0,0,0,0,0,0,0,0,0,0,0.0,0.0,0.0,0.0,SEA,0,0,0,0,0,-.--,0,0,0,.---,--,-.--,.---,.---,.---
2023,539,LuisL TorrensTorrensX,,SEA,18,28,1,7,3,0,0,4,1,9,0,0,0.25,0.3,0.357,0.657,SEA,30,1,0,0,0,0.33,3,10,0,.368,.107,-.--,.111,.033,.300
2023,539,Chadwick Tromp,C,ATL,6,16,1,2,1,0,0,1,0,7,0,0,0.125,0.125,0.188,0.313,ATL,16,0,0,0,0,0.40,1,3,0,.222,.063,-.--,.---,.000,.438
2023,539,Cole Tucker,DH,COL,5,8,2,4,0,0,0,2,1,2,0,0,0.5,0.6,0.5,1.1,COL,10,1,0,0,0,1.00,0,4,0,.667,.000,-.--,.500,.100,.200
2023,539,Terrin Vavra,RF,BAL,27,49,9,12,0,0,0,5,5,12,1,0,0.245,0.315,0.245,0.56,BAL,56,0,2,0,5,1.25,0,12,0,.324,.000,-.--,.417,.089,.214
2023,539,Alex Vesia,P,LAD,56,0,0,0,0,0,0,0,0,0,0,0,0.0,0.0,0.0,0.0,LAD,0,0,0,0,0,-.--,0,0,0,.---,--,-.--,.---,.---,.---
2023,539,Will Vest,P,DET,48,0,0,0,0,0,0,0,0,0,0,0,0.0,0.0,0.0,0.0,DET,0,0,0,0,0,-.--,0,0,0,.---,--,-.--,.---,.---,.---
2023,539,Meibrys Viloria,C,CLE,10,3,0,0,0,0,0,0,1,0,0,0,0.0,0.25,0.0,0.25,CLE,4,0,0,0,1,3.00,0,0,0,.000,.000,-.--,.---,.250,.000
2023,539,Luke Voit,1B,MIL,22,68,5,15,3,0,0,4,4,27,2,0,0.221,0.284,0.265,0.549,MIL,74,2,0,0,3,1.60,3,18,0,.366,.044,-.--,.148,.054,.365
2023,539,Tyler Wade,SS,OAK,26,51,8,13,1,1,0,2,4,13,4,0,0.255,0.309,0.314,0.623,OAK,55,0,0,0,0,1.27,2,16,0,.342,.059,-.--,.308,.073,.236
2023,539,Adam Wainwright,P,STL,23,2,0,0,0,0,0,0,0,1,0,0,0.0,0.0,0.0,0.0,STL,2,0,0,0,0,1.00,0,0,0,.000,.000,-.--,.---,.000,.500
2023,539,Hayden Wesneski,P,CHC,34,0,0,0,0,0,0,0,0,0,0,0,0.0,0.0,0.0,0.0,CHC,0,0,0,0,0,-.--,0,0,0,.---,--,-.--,.---,.---,.---
2023,539,Eli White,CF,ATL,6,14,1,1,0,0,0,0,2,7,0,0,0.071,0.235,0.071,0.306,ATL,17,1,0,0,0,0.50,0,1,0,.143,.000,-.--,.286,.118,.412
2023,539,Garrett Whitlock,P,BOS,22,0,0,0,0,0,0,0,0,0,0,0,0.0,0.0,0.0,0.0,BOS,0,0,0,0,0,-.--,0,0,0,.---,--,-.--,.---,.---,.---
2023,539,Alika Williams,SS,PIT,46,101,7,20,5,0,0,6,9,35,0,0,0.198,0.27,0.248,0.518,PIT,112,1,1,0,2,1.24,5,25,0,.303,.050,-.--,.257,.080,.313
2023,539,LukeL WilliamsWilliamsX,,ATL,11,19,1,1,0,0,0,0,0,7,4,0,0.053,0.053,0.053,0.106,ATL,19,0,0,0,0,0.57,0,1,0,.083,.000,-.--,.---,.000,.368
2023,539,Nick Wittgren,P,KC,27,0,0,0,0,0,0,0,0,0,0,0,0.0,0.0,0.0,0.0,KC,0,0,0,0,0,-.--,0,0,0,.---,--,-.--,.---,.---,.---
2023,539,Ryan Yarbrough,P,LAD,11,0,0,0,0,0,0,0,0,0,0,0,0.0,0.0,0.0,0.0,LAD,0,0,0,0,0,-.--,0,0,0,.---,--,-.--,.---,.---,.---
2023,539,Alex Young,P,CIN,63,0,0,0,0,0,0,0,0,0,0,0,0.0,0.0,0.0,0.0,CIN,0,0,0,0,0,-.--,0,0,0,.---,--,-.--,.---,.---,.---
2023,539,Jacob Young,CF,WSH,33,107,9,27,7,1,0,12,10,22,13,0,0.252,0.322,0.336,0.658,WSH,121,1,3,0,2,1.44,8,36,0,.318,.084,-.--,.455,.083,.182
